provincia;municipio;estacion;magnitud;punto_muestreo;ano;mes;dia;h01;v01;h02;v02;h03;v03;h04;v04;h05;v05;h06;v06;h07;v07;h08;v08;h09;v09;h10;v10;h11;v11;h12;v12;h13;v13;h14;v14;h15;v15;h16;v16;h17;v17;h18;v18;h19;v19;h20;v20;h21;v21;h22;v22;h23;v23;h24;v24
28;102;1;1;28102001_1_38;2025;5;1;3;V;4;V;4;V;4;V;4;V;4;V;4;V;4;V;4;V;4;V;4;V;4;V;4;V;4;V;4;V;4;V;4;V;4;V;4;V;4;V;4;V;4;V;4;V;4;V
28;102;1;6;28102001_6_48;2025;5;1;0,4;V;0,3;V;0,4;V;0,4;V;0,3;V;0,4;V;0,4;V;0,4;V;0,4;V;0,3;V;0,4;V;0,4;V;0,4;V;0,4;V;0,4;V;0,4;V;0,4;V;0,4;V;0,4;V;0,4;V;0,3;V;0,4;V;0,4;V;0,4;V
28;102;1;7;28102001_7_8;2025;5;1;1;V;1;V;1;V;1;V;1;V;1;V;1;V;1;V;1;V;1;V;1;V;1;V;1;V;1;V;1;V;1;V;1;V;1;V;1;V;1;V;1;V;1;V;1;V;1;V
28;102;1;8;28102001_8_8;2025;5;1;2;V;1;V;1;V;1;V;1;V;1;V;1;V;1;V;1;V;1;V;1;V;1;V;1;V;1;V;1;V;1;V;1;V;1;V;1;V;1;V;1;V;1;V;1;V;1;V
28;102;1;10;28102001_10_49;2025;5;1;9;V;6;V;8;V;7;V;8;V;8;V;9;V;11;V;11;V;12;V;12;V;15;V;20;V;24;V;25;V;26;V;27;V;29;V;32;V;33;V;30;V;28;V;25;V;24;V
28;102;1;12;28102001_12_8;2025;5;1;4;V;3;V;3;V;3;V;3;V;3;V;3;V;3;V;3;V;3;V;3;V;3;V;3;V;3;V;3;V;3;V;3;V;3;V;3;V;3;V;3;V;3;V;3;V;3;V
28;102;1;14;28102001_14_6;2025;5;1;85;V;85;V;81;V;79;V;78;V;73;V;78;V;77;V;79;V;79;V;84;V;89;V;90;V;90;V;89;V;89;V;89;V;89;V;87;V;83;V;84;V;83;V;86;V;89;V
28;106;1;7;28106001_7_8;2025;5;1;1;V;1;V;1;V;1;V;1;V;1;V;1;V;1;V;1;V;1;V;1;V;1;V;1;V;1;V;1;V;1;V;1;V;1;V;1;V;1;V;1;V;1;V;1;V;1;V
28;106;1;8;28106001_8_8;2025;5;1;11;V;13;V;12;V;14;V;11;V;11;V;14;V;12;V;10;V;7;V;6;V;6;V;5;V;4;V;4;V;4;V;5;V;6;V;10;V;17;V;16;V;11;V;7;V;6;V
28;106;1;9;28106001_9_49;2025;5;1;6;V;8;V;8;V;8;V;8;V;8;V;8;V;7;V;7;V;8;V;9;V;10;V;11;V;16;V;19;V;20;V;20;V;19;V;19;V;20;V;20;V;18;V;16;V;14;V
28;106;1;12;28106001_12_8;2025;5;1;13;V;15;V;14;V;16;V;13;V;13;V;16;V;14;V;12;V;9;V;8;V;8;V;7;V;6;V;6;V;6;V;7;V;8;V;12;V;19;V;18;V;13;V;9;V;8;V
28;106;1;14;28106001_14_6;2025;5;1;61;V;57;V;56;V;49;V;50;V;48;V;45;V;55;V;63;V;70;V;74;V;82;V;89;V;91;V;92;V;90;V;89;V;85;V;76;V;62;V;59;V;65;V;74;V;81;V
28;115;3;7;28115003_7_8;2025;5;1;1;V;1;V;1;V;1;V;1;V;1;V;1;V;1;V;1;V;1;V;1;V;1;V;1;V;1;V;1;V;1;V;1;V;1;V;1;V;1;V;1;V;2;V;1;V;1;V
28;115;3;8;28115003_8_8;2025;5;1;6;V;5;V;4;V;4;V;6;V;7;V;8;V;12;V;11;V;8;V;6;V;5;V;5;V;4;V;3;V;3;V;4;V;5;V;8;V;21;V;25;V;25;V;19;V;8;V
28;115;3;9;28115003_9_49;2025;5;1;1;V;1;V;1;V;1;V;2;V;6;V;4;V;5;V;6;V;6;V;8;V;7;V;9;V;12;V;11;V;12;V;10;V;10;V;11;V;10;V;12;V;14;V;14;V;14;V
28;115;3;12;28115003_12_8;2025;5;1;8;V;7;V;6;V;6;V;8;V;9;V;10;V;14;V;13;V;10;V;8;V;7;V;7;V;6;V;5;V;5;V;6;V;7;V;10;V;23;V;27;V;28;V;21;V;10;V
28;115;3;14;28115003_14_6;2025;5;1;46;V;53;V;51;V;47;V;46;V;47;V;47;V;40;V;46;V;58;V;66;V;72;V;78;V;82;V;85;V;84;V;82;V;79;V;72;V;49;V;20;V;28;V;40;V;62;V
28;120;1;7;28120001_7_8;2025;5;1;1;V;1;V;1;V;1;V;1;V;1;V;1;V;1;V;1;V;1;V;1;V;1;V;1;V;1;V;1;V;1;V;1;V;1;V;1;V;1;V;1;V;1;V;1;V;1;V
28;120;1;8;28120001_8_8;2025;5;1;1;V;1;V;1;V;1;V;1;V;1;V;1;V;1;V;1;V;2;V;2;V;2;V;2;V;2;V;2;V;2;V;2;V;2;V;2;V;2;V;1;V;1;V;1;V;1;V
28;120;1;9;28120001_9_49;2025;5;1;8;V;15;V;2;V;6;V;6;V;1;V;10;V;11;V;4;V;5;V;11;V;6;V;6;V;14;V;20;V;3;V;12;V;13;V;7;V;1;V;5;V;6;V;9;V;7;V
28;120;1;10;28120001_10_49;2025;5;1;3;V;3;V;1;V;3;V;3;V;2;V;6;V;7;V;4;V;8;V;10;V;9;V;12;V;16;V;20;V;17;V;17;V;16;V;13;V;8;V;11;V;15;V;17;V;17;V
28;120;1;12;28120001_12_8;2025;5;1;3;V;3;V;3;V;3;V;3;V;3;V;3;V;3;V;3;V;4;V;4;V;4;V;4;V;4;V;4;V;4;V;4;V;4;V;4;V;4;V;3;V;3;V;3;V;3;V
28;120;1;14;28120001_14_6;2025;5;1;103;V;106;V;107;V;102;V;100;V;99;V;98;V;99;V;102;V;98;V;99;V;104;V;103;V;106;V;109;V;112;V;110;V;108;V;102;V;96;V;98;V;98;V;97;V;98;V
28;123;2;7;28123002_7_8;2025;5;1;1;V;1;V;1;V;1;V;1;V;1;V;1;V;2;V;1;V;2;V;1;V;1;V;3;V;1;V;1;V;1;V;1;V;1;V;1;V;4;V;2;V;2;V;1;V;1;V
28;123;2;8;28123002_8_8;2025;5;1;8;V;6;V;9;V;8;V;7;V;6;V;17;V;8;V;5;V;4;V;3;V;4;V;6;V;3;V;2;V;2;V;2;V;3;V;5;V;19;V;9;V;7;V;5;V;3;V
28;123;2;10;28123002_10_49;2025;5;1;1;V;1;V;1;V;1;V;1;V;1;V;4;V;6;V;7;V;8;V;10;V;13;V;;N;;N;1;V;1;V;1;V;1;V;;N;;N;6;V;1;V;1;V;1;V
28;123;2;12;28123002_12_8;2025;5;1;10;V;8;V;11;V;10;V;9;V;8;V;19;V;10;V;7;V;7;V;5;V;6;V;11;V;5;V;4;V;4;V;4;V;5;V;7;V;24;V;13;V;9;V;7;V;5;V
28;123;2;14;28123002_14_8;2025;5;1;62;V;56;V;54;V;59;V;52;V;50;V;42;V;58;V;65;V;70;V;84;V;84;V;85;V;90;V;93;V;89;V;89;V;87;V;83;V;55;V;66;V;72;V;76;V;84;V
28;123;2;14;28123002_14_6;2025;5;1;64;V;57;V;56;V;60;V;54;V;52;V;43;V;59;V;67;V;72;V;86;V;85;V;88;V;92;V;94;V;91;V;91;V;88;V;84;V;58;V;68;V;74;V;79;V;85;V
28;127;4;7;28127004_7_8;2025;5;1;1;V;1;V;1;V;3;V;1;V;1;V;1;V;1;V;2;V;1;V;1;V;2;V;1;V;1;V;1;V;1;V;1;V;1;V;1;V;1;V;1;V;1;V;1;V;1;V
28;127;4;8;28127004_8_8;2025;5;1;6;V;3;V;3;V;6;V;5;V;7;V;10;V;7;V;9;V;11;V;10;V;9;V;7;V;7;V;7;V;6;V;6;V;9;V;14;V;21;V;13;V;10;V;9;V;8;V
28;127;4;10;28127004_10_49;2025;5;1;3;V;6;V;2;V;5;V;7;V;4;V;6;V;4;V;10;V;11;V;15;V;19;V;26;V;27;V;27;V;28;V;29;V;26;V;26;V;37;V;30;V;27;V;26;V;28;V
28;127;4;12;28127004_12_8;2025;5;1;8;V;5;V;5;V;10;V;7;V;9;V;12;V;9;V;11;V;13;V;12;V;11;V;9;V;9;V;9;V;8;V;8;V;11;V;16;V;23;V;15;V;12;V;11;V;10;V
28;127;4;14;28127004_14_6;2025;5;1;57;V;58;V;66;V;66;V;64;V;61;V;51;V;52;V;57;V;58;V;69;V;73;V;76;V;81;V;86;V;92;V;91;V;83;V;73;V;53;V;58;V;58;V;56;V;57;V
28;13;2;7;28013002_7_8;2025;5;1;1;V;1;V;1;V;1;V;1;V;1;V;1;V;1;V;1;V;1;V;1;V;1;V;1;V;1;V;1;V;1;V;1;V;1;V;1;V;1;V;1;V;1;V;1;V;1;V
28;13;2;8;28013002_8_8;2025;5;1;4;V;4;V;4;V;6;V;7;V;7;V;8;V;6;V;5;V;4;V;4;V;4;V;3;V;3;V;3;V;3;V;3;V;3;V;4;V;5;V;4;V;4;V;3;V;3;V
28;13;2;10;28013002_10_49;2025;5;1;2;V;2;V;8;V;4;V;10;V;6;V;10;V;10;V;7;V;8;V;7;V;21;V;27;V;20;V;25;V;24;V;24;V;32;V;38;V;44;V;30;V;33;V;23;V;23;V
28;13;2;12;28013002_12_8;2025;5;1;6;V;6;V;6;V;8;V;9;V;9;V;10;V;8;V;7;V;6;V;6;V;6;V;5;V;5;V;5;V;5;V;5;V;5;V;6;V;7;V;6;V;6;V;5;V;5;V
28;13;2;14;28013002_14_6;2025;5;1;66;V;58;V;58;V;53;V;45;V;46;V;45;V;43;V;55;V;80;V;90;V;90;V;93;V;93;V;91;V;90;V;89;V;88;V;78;V;74;V;76;V;72;V;76;V;81;V
28;133;2;7;28133002_7_8;2025;5;1;1;V;1;V;1;V;1;V;1;V;2;V;1;V;1;V;1;V;1;V;1;V;1;V;1;V;1;V;1;V;1;V;1;V;1;V;1;V;1;V;5;V;1;V;1;V;1;V
28;133;2;8;28133002_8_8;2025;5;1;1;V;1;V;1;V;1;V;3;V;5;V;5;V;4;V;5;V;3;V;2;V;2;V;3;V;2;V;2;V;1;V;1;V;3;V;5;V;14;V;21;V;8;V;7;V;5;V
28;133;2;10;28133002_10_49;2025;5;1;3;V;4;V;4;V;5;V;7;V;6;V;8;V;7;V;8;V;12;V;15;V;18;V;16;V;16;V;17;V;16;V;17;V;18;V;23;V;24;V;33;V;34;V;31;V;29;V
28;133;2;12;28133002_12_8;2025;5;1;3;V;3;V;3;V;3;V;5;V;8;V;7;V;6;V;7;V;5;V;4;V;4;V;5;V;4;V;4;V;3;V;3;V;5;V;7;V;17;V;29;V;10;V;9;V;7;V
28;133;2;14;28133002_14_6;2025;5;1;45;V;47;V;43;V;41;V;33;V;28;V;32;V;40;V;45;V;49;V;57;V;63;V;71;V;74;V;72;V;70;V;70;V;69;V;61;V;47;V;36;V;44;V;45;V;51;V
28;134;2;7;28134002_7_8;2025;5;1;1;V;1;V;1;V;1;V;1;V;1;V;1;V;1;V;1;V;1;V;2;V;1;V;2;V;1;V;1;V;1;V;1;V;1;V;1;V;1;V;1;V;1;V;1;V;1;V
28;134;2;8;28134002_8_8;2025;5;1;2;V;1;V;1;V;1;V;1;V;2;V;3;V;6;V;13;V;17;V;12;V;7;V;7;V;5;V;7;V;7;V;8;V;6;V;7;V;7;V;4;V;4;V;3;V;3;V
28;134;2;10;28134002_10_49;2025;5;1;8;V;8;V;7;V;6;V;5;V;5;V;7;V;10;V;11;V;12;V;14;V;16;V;17;V;19;V;24;V;26;V;27;V;27;V;26;V;28;V;28;V;28;V;29;V;28;V
28;134;2;12;28134002_12_8;2025;5;1;4;V;3;V;3;V;3;V;3;V;4;V;5;V;8;V;15;V;19;V;15;V;9;V;9;V;7;V;9;V;9;V;10;V;8;V;9;V;9;V;6;V;6;V;5;V;5;V
28;134;2;14;28134002_14_6;2025;5;1;54;V;61;V;60;V;64;V;57;V;48;V;38;V;41;V;47;V;42;V;54;V;66;V;82;V;91;V;95;V;90;V;88;V;88;V;78;V;36;V;18;V;13;V;8;V;7;V
28;14;2;7;28014002_7_8;2025;5;1;1;V;1;V;1;V;1;V;1;V;1;V;1;V;2;V;1;V;1;V;1;V;2;V;1;V;1;V;1;V;1;V;1;V;1;V;1;V;1;V;1;V;1;V;1;V;1;V
28;14;2;8;28014002_8_8;2025;5;1;5;V;4;V;5;V;7;V;9;V;10;V;7;V;8;V;3;V;3;V;3;V;4;V;3;V;2;V;2;V;2;V;2;V;3;V;6;V;7;V;5;V;7;V;5;V;2;V
28;14;2;10;28014002_10_49;2025;5;1;5;V;3;V;2;V;3;V;4;V;3;V;4;V;6;V;9;V;13;V;13;V;13;V;19;V;23;V;24;V;25;V;25;V;24;V;27;V;29;V;30;V;28;V;26;V;23;V
28;14;2;12;28014002_12_8;2025;5;1;7;V;6;V;7;V;9;V;11;V;12;V;9;V;11;V;5;V;5;V;5;V;7;V;5;V;4;V;4;V;4;V;4;V;5;V;8;V;9;V;7;V;9;V;7;V;4;V
28;14;2;14;28014002_14_6;2025;5;1;68;V;61;V;55;V;51;V;63;V;46;V;58;V;50;V;68;V;70;V;76;V;78;V;78;V;85;V;95;V;84;V;79;V;78;V;73;V;66;V;72;V;70;V;74;V;78;V
28;14;2;14;28014002_14_8;2025;5;1;80;V;78;V;70;V;58;V;51;V;43;V;49;V;55;V;81;V;87;V;95;V;98;V;99;V;100;V;101;V;100;V;99;V;98;V;91;V;83;V;90;V;87;V;91;V;99;V
28;148;4;7;28148004_7_8;2025;5;1;2;V;2;V;2;V;2;V;2;V;3;V;3;V;7;V;11;V;6;V;3;V;3;V;3;V;2;V;3;V;3;V;3;V;3;V;3;V;3;V;3;V;3;V;4;V;6;V
28;148;4;8;28148004_8_8;2025;5;1;8;V;9;V;7;V;3;V;6;V;11;V;13;V;10;V;18;V;7;V;5;V;6;V;5;V;3;V;5;V;3;V;4;V;4;V;7;V;14;V;16;V;17;V;21;V;27;V
28;148;4;9;28148004_9_49;2025;5;1;9;V;2;V;0;V;0;V;0;V;2;V;4;V;7;V;21;V;15;V;13;V;10;V;12;V;21;V;13;V;16;V;20;V;19;V;16;V;18;V;23;V;22;V;24;V;19;V
28;148;4;10;28148004_10_49;2025;5;1;16;V;14;V;11;V;9;V;8;V;10;V;15;V;21;V;19;V;21;V;21;V;24;V;29;V;38;V;44;V;53;V;63;V;69;V;68;V;69;V;70;V;71;V;77;V;74;V
28;148;4;12;28148004_12_8;2025;5;1;12;V;13;V;10;V;6;V;10;V;15;V;18;V;22;V;34;V;16;V;9;V;11;V;9;V;6;V;10;V;7;V;8;V;9;V;12;V;19;V;21;V;22;V;27;V;35;V
28;148;4;14;28148004_14_6;2025;5;1;62;V;62;V;68;V;69;V;57;V;46;V;43;V;53;V;65;V;80;V;86;V;89;V;91;V;94;V;92;V;91;V;89;V;87;V;82;V;62;V;54;V;51;V;32;V;26;V
28;16;1;1;28016001_1_38;2025;5;1;4;V;4;V;4;V;4;V;4;V;4;V;4;V;4;V;4;V;4;V;4;V;4;V;4;V;4;V;4;V;4;V;4;V;4;V;4;V;4;V;4;V;4;V;4;V;4;V
28;16;1;6;28016001_6_48;2025;5;1;0,1;V;0,1;V;0,1;V;0,1;V;0,1;V;0,1;V;0,1;V;0,1;V;0,1;V;0,1;V;0,1;V;0,1;V;0,1;V;0,1;V;0,1;V;0,1;V;0,1;V;0,1;V;0,1;V;0,1;V;0,1;V;0,1;V;0,1;V;0,1;V
28;16;1;7;28016001_7_8;2025;5;1;1;V;1;V;1;V;1;V;1;V;1;V;1;V;1;V;1;V;1;V;1;V;1;V;1;V;1;V;1;V;1;V;1;V;1;V;1;V;1;V;1;V;1;V;1;V;1;V
28;16;1;8;28016001_8_8;2025;5;1;1;V;1;V;1;V;1;V;1;V;1;V;1;V;1;V;1;V;1;V;1;V;1;V;1;V;1;V;1;V;1;V;1;V;1;V;2;V;2;V;1;V;1;V;2;V;1;V
28;16;1;9;28016001_9_49;2025;5;1;1;V;1;V;1;V;1;V;1;V;1;V;1;V;1;V;3;V;4;V;6;V;8;V;8;V;9;V;8;V;9;V;9;V;11;V;10;V;9;V;7;V;8;V;8;V;8;V
28;16;1;10;28016001_10_49;2025;5;1;13;V;9;V;4;V;1;V;1;V;1;V;1;V;3;V;4;V;6;V;7;V;10;V;11;V;13;V;14;V;18;V;22;V;23;V;24;V;25;V;27;V;27;V;27;V;27;V
28;16;1;12;28016001_12_8;2025;5;1;3;V;3;V;3;V;3;V;3;V;3;V;3;V;3;V;3;V;3;V;3;V;3;V;3;V;3;V;3;V;3;V;3;V;3;V;4;V;4;V;3;V;3;V;4;V;3;V
28;16;1;14;28016001_14_6;2025;5;1;72;V;73;V;76;V;72;V;74;V;72;V;72;V;69;V;67;V;63;V;66;V;71;V;75;V;84;V;87;V;89;V;89;V;89;V;86;V;82;V;87;V;77;V;77;V;78;V
28;16;1;20;28016001_20_59;2025;5;1;0,1;V;0,1;V;0,1;V;0,1;V;0,1;V;0,1;V;0,1;V;0,1;V;0,1;V;0,1;V;0,1;V;0,1;V;0,1;V;0,1;V;0,1;V;0,1;V;0,1;V;0,1;V;0,1;V;0,1;V;0,1;V;0,1;V;0,1;V;0,1;V
28;16;1;30;28016001_30_59;2025;5;1;0,1;V;0,1;V;0,1;V;0,1;V;0,1;V;0,1;V;0,1;V;0,1;V;0,1;V;0,1;V;0,1;V;0,1;V;0,1;V;0,1;V;0,1;V;0,1;V;0,1;V;0,1;V;0,1;V;0,1;V;0,1;V;0,1;V;0,1;V;0,1;V
28;16;1;42;28016001_42_2;2025;5;1;1,4;V;1,4;V;1,4;V;1,4;V;1,4;V;1,4;V;1,4;V;1,4;V;1,4;V;1,4;V;1,4;V;1,4;V;1,4;V;1,4;V;1,4;V;1,4;V;1,4;V;1,4;V;1,4;V;1,4;V;1,4;V;1,4;V;1,4;V;1,4;V
28;16;1;44;28016001_44_2;2025;5;1;0,1;V;0,1;V;0,1;V;0,1;V;0,1;V;0,1;V;0,1;V;0,1;V;0,1;V;0,1;V;0,1;V;0,1;V;0,1;V;0,1;V;0,1;V;0,1;V;0,1;V;0,1;V;0,1;V;0,1;V;0,1;V;0,1;V;0,1;V;0,1;V
28;16;1;431;28016001_431_59;2025;5;1;0,1;V;0,1;V;0,1;V;0,1;V;0,1;V;0,1;V;0,1;V;0,1;V;0,1;V;0,1;V;0,1;V;0,1;V;0,1;V;0,1;V;0,1;V;0,1;V;0,1;V;0,1;V;0,1;V;0,1;V;0,1;V;0,1;V;0,1;V;0,1;V
28;161;1;7;28161001_7_8;2025;5;1;1;V;1;V;1;V;1;V;1;V;1;V;1;V;1;V;1;V;1;V;1;V;1;V;1;V;1;V;1;V;1;V;1;V;1;V;1;V;1;V;1;V;1;V;1;V;1;V
28;161;1;8;28161001_8_8;2025;5;1;9;V;12;V;10;V;11;V;13;V;12;V;13;V;20;V;12;V;10;V;9;V;8;V;7;V;5;V;5;V;4;V;5;V;7;V;13;V;20;V;20;V;13;V;9;V;6;V
28;161;1;9;28161001_9_49;2025;5;1;2;V;1;V;1;V;1;V;4;V;7;V;11;V;12;V;11;V;8;V;6;V;6;V;8;V;8;V;10;V;11;V;11;V;12;V;12;V;13;V;13;V;12;V;12;V;10;V
28;161;1;12;28161001_12_8;2025;5;1;11;V;14;V;12;V;13;V;15;V;14;V;15;V;22;V;14;V;12;V;11;V;10;V;9;V;7;V;7;V;6;V;7;V;9;V;15;V;22;V;22;V;15;V;11;V;8;V
28;161;1;14;28161001_14_6;2025;5;1;64;V;57;V;58;V;56;V;49;V;43;V;46;V;41;V;62;V;70;V;78;V;86;V;89;V;92;V;90;V;90;V;87;V;82;V;70;V;55;V;51;V;70;V;78;V;83;V
28;171;1;1;28171001_1_38;2025;5;1;4;V;4;V;4;V;5;V;6;V;6;V;6;V;6;V;5;V;6;V;6;V;6;V;6;V;6;V;6;V;6;V;6;V;6;V;6;V;5;V;6;V;6;V;5;V;5;V
28;171;1;6;28171001_6_48;2025;5;1;0,4;V;0,4;V;0,4;V;0,4;V;0,4;V;0,4;V;0,4;V;0,5;V;0,5;V;0,5;V;0,5;V;0,6;V;0,5;V;0,5;V;0,6;V;0,6;V;0,6;V;0,6;V;0,6;V;0,6;V;0,7;V;0,7;V;0,7;V;0,7;V
28;171;1;7;28171001_7_8;2025;5;1;1;V;1;V;1;V;1;V;1;V;1;V;1;V;1;V;2;V;1;V;1;V;1;V;1;V;1;V;1;V;1;V;1;V;1;V;1;V;1;V;1;V;1;V;1;V;1;V
28;171;1;8;28171001_8_8;2025;5;1;1;V;1;V;2;V;2;V;1;V;2;V;1;V;2;V;2;V;3;V;2;V;2;V;2;V;2;V;2;V;2;V;2;V;2;V;2;V;3;V;4;V;5;V;8;V;6;V
28;171;1;9;28171001_9_49;2025;5;1;4;V;2;V;2;V;1;V;1;V;1;V;2;V;1;V;2;V;3;V;3;V;3;V;6;V;15;V;17;V;13;V;11;V;8;V;10;V;9;V;5;V;3;V;3;V;5;V
28;171;1;10;28171001_10_49;2025;5;1;5;V;7;V;6;V;3;V;2;V;1;V;2;V;1;V;3;V;3;V;4;V;8;V;17;V;24;V;26;V;26;V;25;V;24;V;27;V;27;V;22;V;20;V;21;V;23;V
28;171;1;12;28171001_12_8;2025;5;1;3;V;3;V;4;V;4;V;3;V;4;V;3;V;4;V;5;V;5;V;4;V;4;V;4;V;4;V;4;V;4;V;4;V;4;V;4;V;5;V;6;V;7;V;10;V;8;V
28;171;1;14;28171001_14_6;2025;5;1;36;V;36;V;25;V;26;V;20;V;27;V;25;V;32;V;42;V;50;V;60;V;84;V;95;V;99;V;95;V;94;V;97;V;95;V;88;V;72;V;62;V;51;V;50;V;60;V
28;180;1;7;28180001_7_8;2025;5;1;1;V;1;V;1;V;1;V;1;V;1;V;1;V;1;V;1;V;1;V;1;V;1;V;1;V;1;V;1;V;1;V;1;V;1;V;1;V;1;V;1;V;1;V;1;V;1;V
28;180;1;8;28180001_8_8;2025;5;1;4;V;3;V;3;V;5;V;6;V;13;V;11;V;7;V;7;V;6;V;4;V;3;V;3;V;2;V;2;V;3;V;3;V;4;V;5;V;10;V;8;V;3;V;4;V;3;V
28;180;1;9;28180001_9_49;2025;5;1;5;V;10;V;10;V;6;V;4;V;4;V;3;V;4;V;2;V;4;V;3;V;1;V;2;V;4;V;3;V;5;V;5;V;5;V;9;V;9;V;9;V;10;V;8;V;7;V
28;180;1;12;28180001_12_8;2025;5;1;6;V;5;V;5;V;7;V;8;V;15;V;13;V;9;V;9;V;8;V;6;V;5;V;5;V;4;V;4;V;5;V;5;V;6;V;7;V;12;V;10;V;6;V;6;V;5;V
28;180;1;14;28180001_14_6;2025;5;1;84;V;76;V;68;V;67;V;75;V;63;V;72;V;79;V;78;V;77;V;87;V;96;V;95;V;96;V;95;V;95;V;93;V;93;V;86;V;82;V;82;V;91;V;94;V;96;V
28;45;2;6;28045002_6_48;2025;5;1;0,5;V;0,5;V;0,5;V;0,5;V;0,5;V;0,5;V;0,5;V;0,5;V;0,5;V;0,6;V;0,5;V;0,5;V;0,5;V;0,7;V;0,6;V;1,5;V;0,5;V;0,5;V;0,6;V;0,6;V;0,6;V;0,9;V;0,5;V;0,5;V
28;45;2;7;28045002_7_8;2025;5;1;1;V;1;V;1;V;1;V;1;V;1;V;2;V;2;V;3;V;3;V;4;V;2;V;2;V;2;V;1;V;3;V;2;V;2;V;2;V;3;V;2;V;3;V;2;V;1;V
28;45;2;8;28045002_8_8;2025;5;1;4;V;4;V;2;V;3;V;4;V;6;V;8;V;11;V;15;V;14;V;17;V;11;V;8;V;7;V;6;V;7;V;7;V;8;V;12;V;13;V;12;V;11;V;14;V;7;V
28;45;2;10;28045002_10_49;2025;5;1;8;V;6;V;6;V;5;V;5;V;6;V;8;V;8;V;10;V;14;V;17;V;17;V;17;V;20;V;20;V;19;V;24;V;27;V;30;V;32;V;32;V;30;V;30;V;31;V
28;45;2;12;28045002_12_8;2025;5;1;6;V;6;V;4;V;5;V;6;V;8;V;10;V;14;V;19;V;18;V;23;V;14;V;12;V;10;V;8;V;11;V;10;V;11;V;15;V;17;V;15;V;15;V;18;V;9;V
28;45;2;14;28045002_14_6;2025;5;1;81;V;81;V;94;V;92;V;86;V;78;V;73;V;76;V;71;V;67;V;65;V;83;V;94;V;97;V;107;V;108;V;106;V;98;V;85;V;76;V;78;V;77;V;73;V;80;V
28;47;2;1;28047002_1_38;2025;5;1;3;V;3;V;3;V;3;V;3;V;3;V;3;V;3;V;3;V;3;V;2;V;3;V;2;V;3;V;2;V;3;V;3;V;3;V;2;V;2;V;2;V;2;V;2;V;2;V
28;47;2;7;28047002_7_8;2025;5;1;1;V;1;V;1;V;1;V;1;V;1;V;2;V;2;V;1;V;2;V;1;V;1;V;1;V;1;V;1;V;1;V;1;V;1;V;1;V;1;V;1;V;1;V;2;V;1;V
28;47;2;8;28047002_8_8;2025;5;1;6;V;8;V;9;V;8;V;11;V;16;V;19;V;15;V;16;V;15;V;14;V;7;V;7;V;5;V;5;V;6;V;6;V;6;V;16;V;26;V;19;V;14;V;23;V;22;V
28;47;2;9;28047002_9_49;2025;5;1;4;V;1;V;1;V;1;V;2;V;5;V;5;V;5;V;6;V;8;V;8;V;11;V;13;V;12;V;11;V;12;V;10;V;10;V;9;V;9;V;11;V;14;V;13;V;10;V
28;47;2;12;28047002_12_8;2025;5;1;8;V;10;V;11;V;10;V;13;V;18;V;22;V;18;V;18;V;18;V;16;V;9;V;9;V;7;V;7;V;8;V;8;V;8;V;18;V;28;V;21;V;16;V;26;V;24;V
28;47;2;14;28047002_14_6;2025;5;1;61;V;47;V;42;V;52;V;59;V;49;V;44;V;51;V;45;V;57;V;60;V;76;V;79;V;85;V;91;V;95;V;94;V;94;V;76;V;58;V;64;V;68;V;36;V;28;V
28;47;2;20;28047002_20_59;2025;5;1;0,4;V;0,8;V;0,4;V;0,4;V;0,1;V;0,2;V;0,3;V;0,7;V;0,5;V;0,6;V;0,4;V;0,4;V;0,3;V;0,2;V;0,2;V;0,3;V;0,5;V;0,5;V;0,4;V;0,8;V;1,1;V;0,6;V;0,9;V;1,1;V
28;47;2;30;28047002_30_59;2025;5;1;0,1;V;0,1;V;0,1;V;0,1;V;0,1;V;0,1;V;0,1;V;0,2;V;0,2;V;0,2;V;0,2;V;0,2;V;0,1;V;0,1;V;0,1;V;0,1;V;0,2;V;0,1;V;0,2;V;0,2;V;0,3;V;0,2;V;0,3;V;0,3;V
28;47;2;42;28047002_42_2;2025;5;1;1,3;V;1,3;V;1,3;V;1,3;V;1,3;V;1,3;V;1,3;V;1,4;V;1,4;V;1,4;V;1,4;V;1,4;V;1,4;V;1,4;V;1,4;V;1,4;V;1,4;V;1,4;V;1,3;V;1,3;V;1,3;V;1,3;V;1,4;V;1,4;V
28;47;2;44;28047002_44_2;2025;5;1;0,1;V;0,1;V;0,1;V;0,1;V;0,1;V;0,1;V;0,1;V;0,1;V;0,1;V;0,1;V;0,1;V;0,1;V;0,1;V;0,1;V;0,1;V;0,1;V;0,1;V;0,1;V;0,1;V;0,1;V;0,1;V;0,1;V;0,1;V;0,1;V
28;47;2;431;28047002_431_59;2025;5;1;0,2;V;0,2;V;0,2;V;0,1;V;0,1;V;0,1;V;0,1;V;0,2;V;0,2;V;0,2;V;0,1;V;0,1;V;0,3;V;0,1;V;0,1;V;0,2;V;0,2;V;0,2;V;0,2;V;0,2;V;0,4;V;0,2;V;0,3;V;0,5;V
28;49;3;7;28049003_7_8;2025;5;1;1;V;1;V;1;V;1;V;1;V;1;V;2;V;3;V;3;V;2;V;2;V;2;V;1;V;1;V;1;V;2;V;2;V;3;V;2;V;3;V;2;V;3;V;2;V;1;V
28;49;3;8;28049003_8_8;2025;5;1;10;V;12;V;10;V;9;V;12;V;8;V;14;V;15;V;11;V;9;V;9;V;7;V;5;V;3;V;3;V;5;V;5;V;10;V;13;V;34;V;28;V;29;V;31;V;29;V
28;49;3;9;28049003_9_49;2025;5;1;1;V;2;V;3;V;3;V;5;V;2;V;4;V;5;V;9;V;9;V;8;V;9;V;7;V;9;V;15;V;4;V;12;V;12;V;12;V;5;V;6;V;14;V;11;V;11;V
28;49;3;10;28049003_10_49;2025;5;1;8;V;4;V;5;V;2;V;4;V;4;V;4;V;7;V;9;V;15;V;18;V;20;V;26;V;31;V;34;V;37;V;36;V;35;V;36;V;37;V;42;V;47;V;48;V;45;V
28;49;3;12;28049003_12_8;2025;5;1;12;V;14;V;12;V;11;V;14;V;11;V;17;V;19;V;16;V;12;V;12;V;10;V;7;V;6;V;6;V;7;V;8;V;15;V;15;V;39;V;31;V;34;V;35;V;31;V
28;49;3;14;28049003_14_6;2025;5;1;54;V;50;V;63;V;59;V;51;V;52;V;45;V;46;V;58;V;67;V;75;V;79;V;82;V;86;V;85;V;83;V;81;V;77;V;71;V;45;V;45;V;43;V;33;V;26;V
28;5;2;1;28005002_1_38;2025;5;1;5;V;5;V;5;V;5;V;5;V;5;V;5;V;5;V;5;V;5;V;5;V;5;V;5;V;5;V;4;V;4;V;5;V;4;V;5;V;5;V;5;V;5;V;5;V;5;V
28;5;2;6;28005002_6_48;2025;5;1;0,8;V;0,8;V;0,8;V;0,8;V;0,8;V;0,8;V;0,8;V;0,8;V;0,8;V;0,8;V;0,7;V;0,8;V;0,8;V;0,7;V;0,8;V;0,8;V;0,8;V;0,8;V;0,8;V;0,9;V;0,8;V;0,9;V;0,9;V;0,9;V
28;5;2;7;28005002_7_8;2025;5;1;1;V;1;V;1;V;1;V;1;V;5;V;1;V;2;V;1;V;1;V;1;V;1;V;1;V;1;V;1;V;1;V;1;V;1;V;1;V;2;V;1;V;3;V;1;V;3;V
28;5;2;8;28005002_8_8;2025;5;1;9;V;10;V;7;V;6;V;10;V;15;V;15;V;13;V;7;V;5;V;3;V;3;V;3;V;2;V;2;V;2;V;3;V;3;V;6;V;29;V;16;V;31;V;28;V;28;V
28;5;2;9;28005002_9_49;2025;5;1;18;V;;N;;N;;N;3;V;1;V;1;V;1;V;1;V;1;V;1;V;1;V;1;V;5;V;12;V;13;V;11;V;11;V;26;V;29;V;20;V;17;V;12;V;12;V
28;5;2;10;28005002_10_49;2025;5;1;9;V;9;V;8;V;9;V;8;V;11;V;13;V;14;V;18;V;20;V;7;V;8;V;27;V;39;V;43;V;33;V;32;V;32;V;32;V;45;V;47;V;42;V;41;V;35;V
28;5;2;12;28005002_12_8;2025;5;1;11;V;12;V;9;V;8;V;13;V;22;V;17;V;16;V;9;V;7;V;5;V;5;V;5;V;4;V;4;V;4;V;5;V;5;V;8;V;32;V;18;V;36;V;30;V;32;V
28;5;2;14;28005002_14_6;2025;5;1;57;V;54;V;57;V;56;V;46;V;37;V;38;V;41;V;56;V;69;V;84;V;88;V;86;V;89;V;89;V;89;V;87;V;85;V;80;V;48;V;49;V;29;V;22;V;18;V
28;58;4;7;28058004_7_8;2025;5;1;1;V;1;V;1;V;1;V;1;V;1;V;1;V;2;V;1;V;1;V;1;V;3;V;1;V;1;V;1;V;1;V;1;V;1;V;1;V;2;V;2;V;1;V;1;V;1;V
28;58;4;8;28058004_8_8;2025;5;1;8;V;9;V;11;V;9;V;12;V;11;V;12;V;12;V;7;V;5;V;5;V;6;V;4;V;3;V;3;V;5;V;5;V;4;V;10;V;23;V;25;V;16;V;13;V;7;V
28;58;4;10;28058004_10_49;2025;5;1;15;V;18;V;17;V;15;V;15;V;7;V;1;V;1;V;7;V;50;V;52;V;39;V;24;V;20;V;12;V;3;V;9;V;30;V;94;V;89;V;76;V;68;V;47;V;34;V
28;58;4;12;28058004_12_8;2025;5;1;10;V;11;V;13;V;11;V;14;V;13;V;14;V;14;V;9;V;8;V;8;V;11;V;6;V;5;V;5;V;7;V;7;V;6;V;12;V;27;V;28;V;18;V;15;V;9;V
28;58;4;14;28058004_14_6;2025;5;1;68;V;63;V;61;V;55;V;51;V;46;V;48;V;52;V;66;V;71;V;72;V;76;V;88;V;91;V;92;V;89;V;87;V;86;V;77;V;59;V;54;V;60;V;64;V;74;V
28;58;4;20;28058004_20_59;2025;5;1;1,1;V;0,7;V;1;V;0,7;V;1,2;V;0,5;V;0,7;V;0,7;V;0,4;V;0,1;V;0,1;V;0,2;V;0,1;V;0,1;V;0,1;V;0,1;V;0,1;V;0,1;V;0,1;V;0,4;V;0,9;V;0,5;V;0,8;V;0,5;V
28;58;4;30;28058004_30_59;2025;5;1;0,1;V;0,1;V;0,1;V;0,1;V;0,1;V;0,1;V;0,1;V;0,1;V;0,1;V;0,1;V;0,1;V;0,1;V;0,1;V;0,1;V;0,2;V;0,1;V;0,1;V;0,1;V;0,1;V;0,1;V;0,1;V;0,1;V;0,1;V;0,1;V
28;58;4;42;28058004_42_2;2025;5;1;1,4;V;1,4;V;1,4;V;1,4;V;1,4;V;1,7;V;1,7;V;1,5;V;1,4;V;1,4;V;1,4;V;1,4;V;1,4;V;1,3;V;1,3;V;1,3;V;1,4;V;1,3;V;1,4;V;1,7;V;2,2;V;1,6;V;1,7;V;1,5;V
28;58;4;44;28058004_44_2;2025;5;1;0,1;V;0,1;V;0,1;V;0,1;V;0,1;V;0,1;V;0,1;V;0,1;V;0,1;V;0,1;V;0,1;V;0,1;V;0,1;V;0,1;V;0,1;V;0,1;V;0,1;V;0,1;V;0,1;V;0,1;V;0,2;V;0,1;V;0,1;V;0,1;V
28;58;4;431;28058004_431_59;2025;5;1;0,3;V;0,2;V;0,3;V;0,2;V;0,4;V;0,2;V;0,2;V;0,2;V;0,1;V;0,1;V;0,1;V;0,1;V;0,1;V;0,1;V;0,1;V;0,1;V;0,1;V;0,1;V;0,1;V;0,1;V;0,2;V;0,1;V;0,1;V;0,1;V
28;6;4;7;28006004_7_8;2025;5;1;3;V;2;V;3;V;2;V;2;V;2;V;3;V;3;V;4;V;5;V;6;V;5;V;5;V;3;V;3;V;3;V;2;V;3;V;3;V;4;V;4;V;4;V;3;V;3;V
28;6;4;8;28006004_8_8;2025;5;1;4;V;2;V;3;V;1;V;2;V;6;V;10;V;11;V;14;V;25;V;17;V;12;V;10;V;3;V;3;V;5;V;3;V;6;V;8;V;27;V;24;V;29;V;12;V;13;V
28;6;4;10;28006004_10_49;2025;5;1;3;V;1;V;1;V;1;V;3;V;4;V;5;V;7;V;11;V;13;V;14;V;15;V;17;V;19;V;25;V;30;V;29;V;28;V;27;V;31;V;33;V;36;V;38;V;34;V
28;6;4;12;28006004_12_8;2025;5;1;8;V;5;V;7;V;4;V;5;V;9;V;15;V;16;V;20;V;33;V;26;V;20;V;17;V;8;V;8;V;9;V;7;V;10;V;12;V;33;V;30;V;34;V;17;V;18;V
28;6;4;14;28006004_14_6;2025;5;1;66;V;75;V;70;V;73;V;67;V;55;V;50;V;45;V;44;V;41;V;52;V;62;V;71;V;86;V;89;V;85;V;85;V;80;V;76;V;52;V;48;V;35;V;50;V;42;V
28;6;4;20;28006004_20_59;2025;5;1;0,6;V;0,3;V;0,3;V;0,6;V;0,2;V;0,3;V;0,2;V;0,6;V;0,5;V;0,4;V;0,9;V;0,7;V;0,4;V;0,1;V;0,1;V;0,1;V;0,1;V;0,1;V;0,1;V;0,5;V;2,3;V;1,7;V;2,5;V;1;V
28;6;4;30;28006004_30_59;2025;5;1;0,1;V;0,2;V;0,1;V;0,1;V;0,1;V;0,1;V;0,1;V;0,1;V;0,1;V;0,2;V;0,1;V;0,1;V;0,1;V;0,1;V;0,1;V;0,1;V;0,1;V;0,1;V;0,1;V;0,2;V;0,6;V;0,4;V;0,5;V;0,1;V
28;6;4;42;28006004_42_2;2025;5;1;1,3;V;1,3;V;1,3;V;1,3;V;1,3;V;1,3;V;1,3;V;1,3;V;1,3;V;1,3;V;1,4;V;1,3;V;1,3;V;1,3;V;1,3;V;1,3;V;1,3;V;1,3;V;1,3;V;1,3;V;1,3;V;1,4;V;1,3;V;1,3;V
28;6;4;44;28006004_44_2;2025;5;1;0,1;V;0,1;V;0,1;V;0,1;V;0,1;V;0,1;V;0,1;V;0,1;V;0,1;V;0,1;V;0,1;V;0,1;V;0,1;V;0,1;V;0,1;V;0,1;V;0,1;V;0,1;V;0,1;V;0,1;V;0,1;V;0,1;V;0,1;V;0,1;V
28;6;4;431;28006004_431_59;2025;5;1;0,3;V;0,2;V;0,2;V;0,4;V;0,2;V;0,3;V;0,3;V;0,3;V;0,3;V;0,3;V;0,5;V;0,5;V;0,5;V;0,2;V;0,2;V;0,2;V;0,2;V;0,2;V;0,2;V;1;V;1,6;V;1,1;V;1,5;V;0,6;V
28;65;14;7;28065014_7_8;2025;5;1;1;V;1;V;1;V;1;V;1;V;1;V;1;V;2;V;2;V;2;V;1;V;1;V;1;V;1;V;1;V;1;V;1;V;1;V;1;V;1;V;1;V;1;V;2;V;1;V
28;65;14;8;28065014_8_8;2025;5;1;12;V;16;V;11;V;13;V;13;V;10;V;8;V;12;V;9;V;5;V;5;V;5;V;5;V;3;V;3;V;3;V;4;V;5;V;8;V;16;V;18;V;10;V;17;V;11;V
28;65;14;9;28065014_9_49;2025;5;1;1;V;2;V;3;V;2;V;2;V;1;V;5;V;3;V;5;V;4;V;4;V;5;V;9;V;14;V;15;V;9;V;12;V;9;V;12;V;13;V;15;V;12;V;12;V;9;V
28;65;14;10;28065014_10_49;2025;5;1;1;V;1;V;1;V;1;V;2;V;5;V;10;V;12;V;14;V;17;V;18;V;23;V;30;V;40;V;45;V;43;V;41;V;39;V;36;V;36;V;35;V;35;V;34;V;34;V
28;65;14;12;28065014_12_8;2025;5;1;14;V;18;V;13;V;15;V;15;V;12;V;10;V;15;V;12;V;8;V;7;V;7;V;7;V;5;V;6;V;5;V;6;V;7;V;11;V;18;V;20;V;13;V;19;V;13;V
28;65;14;14;28065014_14_6;2025;5;1;54;V;51;V;57;V;51;V;51;V;45;V;47;V;47;V;54;V;68;V;76;V;79;V;84;V;87;V;86;V;86;V;84;V;81;V;74;V;59;V;58;V;66;V;59;V;67;V
28;67;1;7;28067001_7_8;2025;5;1;1;V;1;V;1;V;1;V;1;V;1;V;1;V;1;V;1;V;1;V;2;V;1;V;1;V;1;V;1;V;1;V;1;V;1;V;1;V;1;V;1;V;1;V;1;V;1;V
28;67;1;8;28067001_8_8;2025;5;1;1;V;1;V;1;V;2;V;1;V;1;V;3;V;3;V;3;V;4;V;5;V;5;V;3;V;2;V;2;V;2;V;2;V;2;V;5;V;12;V;5;V;4;V;3;V;3;V
28;67;1;10;28067001_10_49;2025;5;1;10;V;5;V;3;V;4;V;5;V;7;V;6;V;7;V;10;V;13;V;15;V;19;V;21;V;24;V;27;V;27;V;29;V;30;V;30;V;32;V;35;V;36;V;34;V;33;V
28;67;1;12;28067001_12_8;2025;5;1;3;V;3;V;3;V;4;V;4;V;3;V;5;V;5;V;5;V;6;V;8;V;7;V;5;V;4;V;4;V;4;V;4;V;4;V;7;V;14;V;7;V;6;V;5;V;5;V
28;67;1;14;28067001_14_6;2025;5;1;64;V;74;V;80;V;80;V;76;V;70;V;64;V;65;V;68;V;71;V;65;V;69;V;82;V;87;V;96;V;95;V;96;V;90;V;77;V;41;V;34;V;30;V;24;V;20;V
28;7;4;7;28007004_7_8;2025;5;1;1;V;1;V;1;V;1;V;1;V;1;V;2;V;2;V;2;V;1;V;1;V;1;V;1;V;1;V;1;V;1;V;1;V;1;V;1;V;1;V;1;V;1;V;1;V;1;V
28;7;4;8;28007004_8_8;2025;5;1;9;V;9;V;8;V;7;V;7;V;13;V;14;V;11;V;7;V;5;V;5;V;5;V;4;V;3;V;2;V;2;V;3;V;3;V;6;V;17;V;27;V;10;V;15;V;10;V
28;7;4;9;28007004_9_49;2025;5;1;17;V;6;V;6;V;11;V;11;V;10;V;3;V;6;V;7;V;10;V;12;V;13;V;10;V;19;V;17;V;20;V;24;V;13;V;9;V;20;V;11;V;13;V;15;V;13;V
28;7;4;12;28007004_12_8;2025;5;1;11;V;11;V;10;V;9;V;9;V;15;V;17;V;13;V;10;V;7;V;7;V;7;V;6;V;5;V;4;V;4;V;5;V;5;V;8;V;19;V;29;V;12;V;17;V;12;V
28;7;4;14;28007004_14_6;2025;5;1;67;V;61;V;58;V;53;V;51;V;46;V;44;V;53;V;66;V;71;V;75;V;80;V;87;V;90;V;92;V;91;V;88;V;86;V;80;V;66;V;54;V;70;V;62;V;70;V
28;74;7;7;28074007_7_8;2025;5;1;2;V;2;V;2;V;2;V;2;V;3;V;3;V;4;V;2;V;3;V;2;V;2;V;3;V;2;V;2;V;2;V;3;V;3;V;2;V;5;V;4;V;3;V;3;V;3;V
28;74;7;8;28074007_8_8;2025;5;1;10;V;14;V;14;V;10;V;14;V;16;V;13;V;14;V;10;V;7;V;6;V;5;V;5;V;3;V;4;V;3;V;5;V;5;V;9;V;31;V;38;V;26;V;25;V;18;V
28;74;7;9;28074007_9_49;2025;5;1;8;V;11;V;11;V;9;V;8;V;9;V;9;V;9;V;7;V;5;V;5;V;4;V;7;V;11;V;12;V;13;V;13;V;12;V;11;V;13;V;16;V;16;V;16;V;15;V
28;74;7;10;28074007_10_49;2025;5;1;6;V;2;V;2;V;3;V;5;V;7;V;10;V;12;V;12;V;13;V;13;V;15;V;17;V;20;V;24;V;27;V;28;V;28;V;29;V;33;V;37;V;40;V;39;V;35;V
28;74;7;12;28074007_12_8;2025;5;1;13;V;17;V;17;V;13;V;17;V;20;V;18;V;20;V;14;V;11;V;9;V;8;V;9;V;6;V;7;V;7;V;10;V;9;V;13;V;38;V;44;V;31;V;29;V;23;V
28;74;7;14;28074007_14_6;2025;5;1;58;V;54;V;58;V;60;V;52;V;46;V;43;V;51;V;62;V;68;V;74;V;80;V;81;V;86;V;86;V;84;V;81;V;81;V;74;V;51;V;42;V;51;V;49;V;60;V
28;80;3;7;28080003_7_8;2025;5;1;1;V;1;V;1;V;1;V;1;V;1;V;1;V;1;V;1;V;1;V;1;V;1;V;1;V;1;V;1;V;1;V;1;V;1;V;1;V;1;V;1;V;1;V;1;V;1;V
28;80;3;8;28080003_8_8;2025;5;1;5;V;5;V;4;V;3;V;4;V;6;V;8;V;8;V;8;V;5;V;4;V;4;V;3;V;3;V;3;V;3;V;3;V;4;V;7;V;23;V;25;V;19;V;14;V;10;V
28;80;3;10;28080003_10_49;2025;5;1;1;V;2;V;2;V;4;V;1;V;1;V;4;V;4;V;8;V;13;V;16;V;18;V;26;V;27;V;26;V;30;V;32;V;32;V;28;V;27;V;36;V;40;V;35;V;36;V
28;80;3;12;28080003_12_8;2025;5;1;7;V;7;V;6;V;5;V;6;V;8;V;10;V;10;V;10;V;7;V;6;V;6;V;5;V;5;V;5;V;5;V;5;V;6;V;9;V;25;V;27;V;21;V;16;V;12;V
28;80;3;14;28080003_14_6;2025;5;1;58;V;59;V;71;V;68;V;67;V;65;V;58;V;59;V;60;V;71;V;77;V;82;V;90;V;92;V;95;V;93;V;91;V;87;V;80;V;62;V;56;V;56;V;65;V;69;V
28;9;1;7;28009001_7_8;2025;5;1;1;V;1;V;1;V;1;V;1;V;1;V;1;V;1;V;1;V;1;V;1;V;1;V;1;V;1;V;1;V;1;V;1;V;1;V;1;V;1;V;1;V;1;V;1;V;1;V
28;9;1;8;28009001_8_8;2025;5;1;3;V;2;V;1;V;2;V;2;V;4;V;6;V;7;V;6;V;5;V;4;V;4;V;2;V;2;V;2;V;2;V;2;V;3;V;4;V;3;V;3;V;4;V;4;V;2;V
28;9;1;9;28009001_9_49;2025;5;1;2;V;2;V;1;V;1;V;1;V;2;V;1;V;3;V;5;V;5;V;4;V;3;V;7;V;9;V;7;V;9;V;11;V;12;V;10;V;12;V;11;V;12;V;12;V;12;V
28;9;1;12;28009001_12_8;2025;5;1;5;V;4;V;3;V;4;V;4;V;6;V;8;V;9;V;8;V;7;V;6;V;6;V;4;V;4;V;4;V;4;V;4;V;5;V;6;V;5;V;5;V;6;V;6;V;4;V
28;9;1;14;28009001_14_6;2025;5;1;82;V;82;V;84;V;79;V;70;V;64;V;56;V;56;V;56;V;53;V;68;V;83;V;92;V;96;V;97;V;98;V;97;V;94;V;86;V;87;V;90;V;82;V;61;V;69;V
28;92;5;1;28092005_1_38;2025;5;1;3;V;3;V;3;V;3;V;3;V;3;V;3;V;3;V;3;V;3;V;3;V;3;V;3;V;3;V;3;V;3;V;3;V;4;V;4;V;3;V;3;V;3;V;3;V;3;V
28;92;5;6;28092005_6_48;2025;5;1;0,4;V;0,4;V;0,4;V;0,4;V;0,4;V;0,4;V;0,4;V;0,4;V;0,4;V;0,4;V;0,3;V;0,3;V;0,3;V;0,3;V;0,4;V;0,4;V;0,4;V;0,4;V;0,4;V;0,4;V;0,4;V;0,4;V;0,4;V;0,4;V
28;92;5;7;28092005_7_8;2025;5;1;2;V;2;V;7;V;6;V;4;V;2;V;8;V;5;V;4;V;3;V;3;V;3;V;4;V;2;V;3;V;3;V;3;V;3;V;4;V;2;V;2;V;3;V;2;V;2;V
28;92;5;8;28092005_8_8;2025;5;1;13;V;11;V;17;V;14;V;15;V;14;V;24;V;20;V;9;V;7;V;6;V;5;V;8;V;4;V;5;V;7;V;7;V;9;V;15;V;26;V;28;V;18;V;15;V;11;V
28;92;5;10;28092005_10_49;2025;5;1;1;V;3;V;3;V;7;V;3;V;3;V;7;V;9;V;13;V;13;V;13;V;20;V;16;V;25;V;26;V;29;V;24;V;26;V;29;V;37;V;38;V;39;V;29;V;24;V
28;92;5;12;28092005_12_8;2025;5;1;17;V;14;V;27;V;22;V;21;V;17;V;36;V;28;V;14;V;12;V;10;V;9;V;14;V;8;V;9;V;12;V;11;V;14;V;22;V;29;V;31;V;22;V;18;V;14;V
28;92;5;14;28092005_14_6;2025;5;1;64;V;61;V;49;V;50;V;45;V;41;V;35;V;46;V;71;V;77;V;82;V;86;V;89;V;98;V;98;V;96;V;90;V;88;V;79;V;59;V;58;V;66;V;69;V;77;V
28;102;1;1;28102001_1_38;2025;5;2;4;V;4;V;4;V;4;V;4;V;4;V;4;V;4;V;4;V;4;V;4;V;4;V;4;V;4;V;4;V;4;V;4;V;4;V;4;V;4;V;4;V;4;V;4;V;4;V
28;102;1;6;28102001_6_48;2025;5;2;0,4;V;0,4;V;0,4;V;0,4;V;0,4;V;0,4;V;0,4;V;0,3;V;0,4;V;0,4;V;0,4;V;0,4;V;0,4;V;0,4;V;0,4;V;0,3;V;0,4;V;0,4;V;0,4;V;0,4;V;0,4;V;0,4;V;0,4;V;0,4;V
28;102;1;7;28102001_7_8;2025;5;2;1;V;1;V;1;V;1;V;1;V;1;V;1;V;1;V;1;V;1;V;1;V;1;V;1;V;1;V;1;V;1;V;1;V;1;V;1;V;1;V;1;V;1;V;1;V;1;V
28;102;1;8;28102001_8_8;2025;5;2;1;V;1;V;1;V;1;V;1;V;1;V;1;V;1;V;2;V;2;V;1;V;1;V;1;V;1;V;1;V;1;V;2;V;2;V;4;V;4;V;3;V;2;V;2;V;1;V
28;102;1;10;28102001_10_49;2025;5;2;24;V;23;V;24;V;24;V;26;V;29;V;29;V;20;V;9;V;5;V;3;V;1;V;1;V;1;V;1;V;1;V;1;V;4;V;5;V;4;V;4;V;4;V;5;V;4;V
28;102;1;12;28102001_12_8;2025;5;2;3;V;3;V;3;V;3;V;3;V;3;V;3;V;3;V;4;V;4;V;3;V;3;V;3;V;3;V;3;V;3;V;4;V;4;V;6;V;6;V;5;V;4;V;4;V;3;V
28;102;1;14;28102001_14_6;2025;5;2;89;V;86;V;85;V;76;V;76;V;63;V;69;V;78;V;68;V;74;V;92;V;97;V;103;V;96;V;90;V;93;V;90;V;84;V;77;V;80;V;74;V;71;V;69;V;67;V
28;106;1;7;28106001_7_8;2025;5;2;1;V;1;V;1;V;1;V;1;V;1;V;1;V;1;V;1;V;1;V;2;V;1;V;1;V;1;V;1;V;1;V;1;V;1;V;1;V;2;V;1;V;1;V;1;V;1;V
28;106;1;8;28106001_8_8;2025;5;2;4;V;3;V;4;V;9;V;12;V;8;V;4;V;8;V;11;V;15;V;12;V;7;V;6;V;4;V;6;V;10;V;6;V;7;V;11;V;20;V;16;V;14;V;10;V;7;V
28;106;1;9;28106001_9_49;2025;5;2;12;V;11;V;11;V;10;V;10;V;11;V;10;V;5;V;4;V;4;V;2;V;3;V;4;V;4;V;2;V;4;V;3;V;4;V;6;V;7;V;8;V;9;V;8;V;6;V
28;106;1;12;28106001_12_8;2025;5;2;6;V;5;V;6;V;11;V;14;V;10;V;6;V;10;V;13;V;17;V;15;V;9;V;8;V;6;V;8;V;12;V;8;V;9;V;13;V;24;V;18;V;16;V;12;V;9;V
28;106;1;14;28106001_14_6;2025;5;2;83;V;79;V;72;V;61;V;64;V;82;V;90;V;84;V;81;V;77;V;91;V;99;V;102;V;102;V;96;V;84;V;82;V;83;V;76;V;65;V;65;V;68;V;71;V;71;V
28;115;3;7;28115003_7_8;2025;5;2;1;V;1;V;1;V;1;V;1;V;1;V;1;V;1;V;1;V;1;V;1;V;1;V;1;V;1;V;1;V;1;V;1;V;1;V;1;V;1;V;1;V;1;V;1;V;1;V
28;115;3;8;28115003_8_8;2025;5;2;10;V;4;V;3;V;5;V;4;V;5;V;3;V;5;V;11;V;17;V;10;V;4;V;3;V;5;V;5;V;5;V;5;V;6;V;10;V;13;V;20;V;13;V;16;V;15;V
28;115;3;9;28115003_9_49;2025;5;2;14;V;14;V;12;V;9;V;6;V;7;V;8;V;3;V;1;V;1;V;1;V;1;V;1;V;1;V;4;V;7;V;5;V;2;V;1;V;2;V;3;V;3;V;6;V;7;V
28;115;3;12;28115003_12_8;2025;5;2;12;V;6;V;5;V;7;V;6;V;7;V;5;V;7;V;13;V;19;V;12;V;6;V;5;V;7;V;7;V;7;V;7;V;8;V;12;V;15;V;22;V;15;V;18;V;17;V
28;115;3;14;28115003_14_6;2025;5;2;53;V;66;V;62;V;52;V;50;V;59;V;72;V;68;V;53;V;52;V;69;V;93;V;99;V;100;V;94;V;79;V;75;V;67;V;62;V;56;V;32;V;39;V;16;V;13;V
28;120;1;7;28120001_7_8;2025;5;2;1;V;1;V;1;V;1;V;1;V;1;V;1;V;1;V;1;V;1;V;1;V;1;V;1;V;1;V;1;V;1;V;1;V;1;V;1;V;1;V;1;V;1;V;1;V;1;V
28;120;1;8;28120001_8_8;2025;5;2;2;V;1;V;2;V;1;V;1;V;1;V;1;V;1;V;1;V;1;V;1;V;1;V;1;V;1;V;1;V;2;V;1;V;1;V;1;V;1;V;1;V;1;V;1;V;1;V
28;120;1;9;28120001_9_49;2025;5;2;17;V;23;V;16;V;6;V;2;V;2;V;19;V;1;V;13;V;15;V;19;V;1;V;1;V;24;V;11;V;6;V;7;V;5;V;4;V;16;V;4;V;31;V;2;V;14;V
28;120;1;10;28120001_10_49;2025;5;2;20;V;19;V;15;V;4;V;2;V;1;V;3;V;1;V;4;V;5;V;9;V;1;V;1;V;10;V;7;V;3;V;3;V;2;V;2;V;6;V;1;V;11;V;2;V;9;V
28;120;1;12;28120001_12_8;2025;5;2;4;V;3;V;4;V;3;V;3;V;3;V;3;V;3;V;3;V;3;V;3;V;3;V;3;V;3;V;3;V;4;V;3;V;3;V;3;V;3;V;3;V;3;V;3;V;3;V
28;120;1;14;28120001_14_6;2025;5;2;96;V;100;V;101;V;103;V;98;V;100;V;102;V;99;V;107;V;132;V;129;V;120;V;115;V;113;V;112;V;113;V;108;V;108;V;108;V;109;V;108;V;108;V;106;V;105;V
28;123;2;7;28123002_7_8;2025;5;2;1;V;1;V;1;V;1;V;1;V;1;V;1;V;2;V;3;V;3;V;4;V;2;V;2;V;1;V;1;V;1;V;2;V;1;V;3;V;3;V;5;V;8;V;10;V;1;V
28;123;2;8;28123002_8_8;2025;5;2;3;V;3;V;4;V;3;V;6;V;11;V;8;V;5;V;14;V;17;V;11;V;5;V;4;V;3;V;7;V;7;V;12;V;9;V;10;V;16;V;28;V;32;V;36;V;20;V
28;123;2;10;28123002_10_49;2025;5;2;1;V;2;V;7;V;9;V;12;V;17;V;15;V;8;V;2;V;;N;;N;;N;;N;;N;1;V;1;V;7;V;12;V;;N;;N;1;V;1;V;1;V;1;V
28;123;2;12;28123002_12_8;2025;5;2;5;V;5;V;6;V;5;V;8;V;13;V;10;V;8;V;18;V;22;V;17;V;7;V;6;V;5;V;9;V;9;V;15;V;11;V;15;V;21;V;36;V;43;V;51;V;23;V
28;123;2;14;28123002_14_8;2025;5;2;85;V;82;V;70;V;66;V;60;V;56;V;76;V;82;V;64;V;64;V;85;V;102;V;106;V;108;V;99;V;86;V;79;V;76;V;62;V;47;V;28;V;15;V;24;V;49;V
28;123;2;14;28123002_14_6;2025;5;2;87;V;84;V;71;V;68;V;62;V;58;V;77;V;84;V;65;V;65;V;87;V;105;V;108;V;110;V;101;V;87;V;81;V;77;V;64;V;49;V;29;V;16;V;25;V;50;V
28;127;4;7;28127004_7_8;2025;5;2;1;V;1;V;1;V;1;V;1;V;1;V;1;V;1;V;1;V;1;V;2;V;1;V;1;V;1;V;1;V;1;V;1;V;1;V;1;V;1;V;1;V;2;V;2;V;2;V
28;127;4;8;28127004_8_8;2025;5;2;6;V;5;V;3;V;5;V;5;V;5;V;4;V;5;V;11;V;21;V;7;V;4;V;4;V;5;V;6;V;10;V;7;V;8;V;15;V;21;V;19;V;24;V;21;V;10;V
28;127;4;10;28127004_10_49;2025;5;2;46;V;31;V;19;V;12;V;13;V;4;V;10;V;2;V;5;V;5;V;1;V;2;V;2;V;7;V;7;V;10;V;3;V;6;V;8;V;10;V;12;V;7;V;6;V;8;V
28;127;4;12;28127004_12_8;2025;5;2;8;V;7;V;5;V;7;V;7;V;7;V;6;V;7;V;13;V;23;V;10;V;6;V;6;V;7;V;8;V;12;V;9;V;10;V;17;V;23;V;21;V;28;V;24;V;12;V
28;127;4;14;28127004_14_6;2025;5;2;53;V;71;V;70;V;64;V;65;V;71;V;83;V;84;V;74;V;54;V;77;V;101;V;104;V;109;V;107;V;88;V;85;V;74;V;63;V;60;V;62;V;42;V;48;V;57;V
28;13;2;7;28013002_7_8;2025;5;2;1;V;1;V;1;V;1;V;1;V;1;V;1;V;1;V;1;V;1;V;1;V;1;V;1;V;1;V;1;V;1;V;1;V;1;V;1;V;1;V;1;V;1;V;1;V;1;V
28;13;2;8;28013002_8_8;2025;5;2;3;V;3;V;3;V;3;V;4;V;6;V;3;V;4;V;8;V;9;V;5;V;3;V;3;V;3;V;3;V;4;V;4;V;6;V;8;V;13;V;14;V;15;V;9;V;8;V
28;13;2;10;28013002_10_49;2025;5;2;18;V;34;V;26;V;31;V;28;V;38;V;7;V;1;V;3;V;9;V;1;V;1;V;1;V;1;V;1;V;7;V;11;V;6;V;5;V;5;V;14;V;15;V;15;V;8;V
28;13;2;12;28013002_12_8;2025;5;2;5;V;5;V;5;V;5;V;6;V;8;V;5;V;6;V;10;V;11;V;7;V;5;V;5;V;5;V;5;V;6;V;6;V;8;V;10;V;15;V;16;V;17;V;11;V;10;V
28;13;2;14;28013002_14_6;2025;5;2;83;V;69;V;64;V;66;V;66;V;62;V;88;V;85;V;74;V;70;V;88;V;94;V;95;V;100;V;99;V;89;V;81;V;64;V;69;V;72;V;58;V;51;V;63;V;64;V
28;133;2;7;28133002_7_8;2025;5;2;1;V;1;V;1;V;1;V;1;V;1;V;1;V;1;V;1;V;1;V;1;V;1;V;1;V;1;V;1;V;1;V;1;V;1;V;1;V;1;V;2;V;1;V;1;V;1;V
28;133;2;8;28133002_8_8;2025;5;2;3;V;2;V;2;V;2;V;1;V;1;V;1;V;5;V;7;V;5;V;3;V;3;V;2;V;2;V;2;V;3;V;3;V;4;V;4;V;5;V;9;V;3;V;3;V;1;V
28;133;2;10;28133002_10_49;2025;5;2;27;V;27;V;25;V;21;V;16;V;7;V;2;V;1;V;3;V;3;V;6;V;8;V;6;V;3;V;3;V;6;V;7;V;5;V;4;V;3;V;7;V;7;V;8;V;4;V
28;133;2;12;28133002_12_8;2025;5;2;5;V;4;V;4;V;4;V;3;V;3;V;3;V;7;V;9;V;7;V;5;V;5;V;4;V;4;V;4;V;5;V;5;V;6;V;6;V;7;V;12;V;5;V;5;V;3;V
28;133;2;14;28133002_14_6;2025;5;2;53;V;57;V;53;V;42;V;59;V;65;V;67;V;60;V;52;V;55;V;66;V;68;V;72;V;67;V;63;V;62;V;61;V;61;V;57;V;57;V;48;V;59;V;56;V;59;V
28;134;2;7;28134002_7_8;2025;5;2;1;V;1;V;;N;;N;;N;;N;;N;;N;;N;;N;;N;;N;;N;;N;;N;;N;;N;;N;;N;;N;;N;;N;;N;;N
28;134;2;8;28134002_8_8;2025;5;2;5;V;6;V;;N;;N;;N;;N;;N;;N;;N;;N;;N;;N;;N;;N;;N;;N;;N;;N;;N;;N;;N;;N;;N;;N
28;134;2;10;28134002_10_49;2025;5;2;26;V;22;V;;N;;N;;N;;N;;N;;N;;N;;N;;N;;N;;N;;N;;N;;N;;N;;N;;N;;N;;N;;N;;N;;N
28;134;2;12;28134002_12_8;2025;5;2;7;V;8;V;;N;;N;;N;;N;;N;;N;;N;;N;;N;;N;;N;;N;;N;;N;;N;;N;;N;;N;;N;;N;;N;;N
28;134;2;14;28134002_14_6;2025;5;2;9;V;30;V;;N;;N;;N;;N;;N;;N;;N;;N;;N;;N;;N;;N;;N;;N;;N;;N;;N;;N;;N;;N;;N;;N
28;14;2;7;28014002_7_8;2025;5;2;1;V;1;V;1;V;1;V;1;V;1;V;1;V;1;V;1;V;3;V;1;V;1;V;1;V;2;V;1;V;1;V;1;V;1;V;1;V;1;V;1;V;1;V;1;V;1;V
28;14;2;8;28014002_8_8;2025;5;2;2;V;2;V;2;V;4;V;4;V;6;V;4;V;4;V;6;V;10;V;6;V;3;V;7;V;11;V;2;V;3;V;4;V;6;V;9;V;16;V;17;V;19;V;10;V;11;V
28;14;2;10;28014002_10_49;2025;5;2;23;V;22;V;22;V;22;V;23;V;27;V;25;V;15;V;7;V;5;V;4;V;2;V;1;V;1;V;1;V;1;V;2;V;4;V;4;V;4;V;5;V;6;V;8;V;7;V
28;14;2;12;28014002_12_8;2025;5;2;4;V;4;V;4;V;6;V;6;V;8;V;6;V;6;V;8;V;14;V;8;V;5;V;9;V;14;V;4;V;5;V;6;V;8;V;11;V;18;V;19;V;21;V;12;V;13;V
28;14;2;14;28014002_14_6;2025;5;2;78;V;78;V;71;V;72;V;69;V;72;V;78;V;75;V;70;V;61;V;79;V;94;V;95;V;100;V;99;V;84;V;87;V;75;V;62;V;47;V;30;V;31;V;54;V;46;V
28;14;2;14;28014002_14_8;2025;5;2;96;V;94;V;88;V;82;V;77;V;70;V;98;V;95;V;85;V;75;V;100;V;117;V;113;V;106;V;111;V;102;V;101;V;91;V;76;V;49;V;32;V;26;V;53;V;51;V
28;148;4;7;28148004_7_8;2025;5;2;5;V;3;V;4;V;2;V;3;V;3;V;2;V;7;V;10;V;8;V;15;V;10;V;4;V;6;V;9;V;15;V;8;V;5;V;5;V;3;V;3;V;3;V;3;V;4;V
28;148;4;8;28148004_8_8;2025;5;2;14;V;6;V;7;V;4;V;5;V;12;V;7;V;9;V;24;V;31;V;25;V;17;V;9;V;8;V;17;V;14;V;16;V;14;V;15;V;26;V;33;V;31;V;26;V;28;V
28;148;4;9;28148004_9_49;2025;5;2;12;V;9;V;8;V;12;V;12;V;10;V;6;V;9;V;7;V;0;V;13;V;19;V;8;V;0;V;5;V;0;V;0;V;7;V;2;V;1;V;4;V;5;V;3;V;3;V
28;148;4;10;28148004_10_49;2025;5;2;66;V;55;V;47;V;37;V;34;V;34;V;36;V;28;V;17;V;10;V;9;V;8;V;5;V;5;V;8;V;5;V;3;V;7;V;12;V;14;V;15;V;18;V;18;V;18;V
28;148;4;12;28148004_12_8;2025;5;2;22;V;11;V;12;V;8;V;9;V;16;V;10;V;19;V;39;V;44;V;48;V;32;V;15;V;18;V;30;V;36;V;28;V;22;V;23;V;31;V;38;V;36;V;31;V;34;V
28;148;4;14;28148004_14_6;2025;5;2;56;V;71;V;73;V;75;V;64;V;53;V;78;V;78;V;61;V;48;V;86;V;102;V;109;V;111;V;98;V;82;V;77;V;77;V;69;V;46;V;30;V;24;V;19;V;11;V
28;16;1;1;28016001_1_38;2025;5;2;4;V;4;V;4;V;4;V;4;V;4;V;4;V;4;V;4;V;4;V;4;V;4;V;4;V;4;V;4;V;4;V;4;V;4;V;4;V;4;V;4;V;4;V;4;V;4;V
28;16;1;6;28016001_6_48;2025;5;2;0,1;V;0,1;V;0,1;V;0,1;V;0,1;V;0,1;V;0,1;V;0,1;V;0,1;V;0,1;V;0,1;V;0,1;V;0,1;V;0,1;V;0,1;V;0,1;V;0,1;V;0,1;V;0,1;V;0,1;V;0,1;V;0,1;V;0,1;V;0,1;V
28;16;1;7;28016001_7_8;2025;5;2;1;V;1;V;1;V;1;V;1;V;1;V;1;V;1;V;1;V;1;V;1;V;1;V;1;V;1;V;1;V;1;V;1;V;1;V;1;V;1;V;1;V;1;V;1;V;1;V
28;16;1;8;28016001_8_8;2025;5;2;1;V;1;V;1;V;1;V;1;V;1;V;1;V;1;V;1;V;1;V;1;V;1;V;1;V;1;V;1;V;1;V;1;V;1;V;1;V;1;V;1;V;2;V;2;V;2;V
28;16;1;9;28016001_9_49;2025;5;2;7;V;9;V;6;V;1;V;1;V;2;V;5;V;6;V;4;V;1;V;1;V;3;V;11;V;12;V;7;V;4;V;2;V;1;V;1;V;1;V;1;V;1;V;1;V;1;V
28;16;1;10;28016001_10_49;2025;5;2;27;V;24;V;25;V;19;V;11;V;7;V;8;V;10;V;5;V;3;V;3;V;1;V;1;V;1;V;1;V;2;V;3;V;4;V;3;V;3;V;4;V;4;V;4;V;4;V
28;16;1;12;28016001_12_8;2025;5;2;3;V;3;V;3;V;3;V;3;V;3;V;3;V;3;V;3;V;3;V;3;V;3;V;3;V;3;V;3;V;3;V;3;V;3;V;3;V;3;V;3;V;4;V;4;V;4;V
28;16;1;14;28016001_14_6;2025;5;2;77;V;77;V;86;V;83;V;78;V;75;V;73;V;87;V;89;V;85;V;87;V;107;V;101;V;105;V;100;V;97;V;94;V;88;V;90;V;86;V;90;V;78;V;74;V;81;V
28;16;1;20;28016001_20_59;2025;5;2;0,1;V;0,1;V;0,1;V;0,1;V;0,1;V;0,1;V;0,1;V;0,1;V;0,1;V;0,1;V;0,1;V;0,1;V;0,1;V;0,1;V;0,1;V;0,1;V;0,1;V;0,1;V;0,1;V;0,1;V;0,1;V;0,1;V;0,1;V;0,1;V
28;16;1;30;28016001_30_59;2025;5;2;0,1;V;0,1;V;0,1;V;0,1;V;0,1;V;0,1;V;0,1;V;0,1;V;0,1;V;0,1;V;0,1;V;0,1;V;0,1;V;0,1;V;0,1;V;0,1;V;0,1;V;0,1;V;0,1;V;0,1;V;0,1;V;0,1;V;0,1;V;0,1;V
28;16;1;42;28016001_42_2;2025;5;2;1,4;V;1,4;V;1,4;V;1,4;V;1,4;V;1,4;V;1,4;V;1,3;V;1,3;V;1,3;V;1,3;V;1,3;V;1,4;V;1,4;V;1,3;V;1,3;V;1,4;V;1,4;V;1,3;V;1,3;V;1,3;V;1,3;V;1,4;V;1,4;V
28;16;1;44;28016001_44_2;2025;5;2;0,1;V;0,1;V;0,1;V;0,1;V;0,1;V;0,1;V;0,1;V;0,1;V;0,1;V;0,1;V;0,1;V;0,1;V;0,1;V;0,1;V;0,1;V;0,1;V;0,1;V;0,1;V;0,1;V;0,1;V;0,1;V;0,1;V;0,1;V;0,1;V
28;16;1;431;28016001_431_59;2025;5;2;0,1;V;0,1;V;0,1;V;0,1;V;0,1;V;0,1;V;0,1;V;0,1;V;0,1;V;0,1;V;0,1;V;0,1;V;0,1;V;0,1;V;0,1;V;0,1;V;0,1;V;0,1;V;0,1;V;0,1;V;0,1;V;0,1;V;0,1;V;0,1;V
28;161;1;7;28161001_7_8;2025;5;2;1;V;1;V;1;V;1;V;1;V;1;V;1;V;1;V;1;V;2;V;1;V;1;V;1;V;1;V;1;V;1;V;1;V;1;V;1;V;1;V;1;V;1;V;1;V;1;V
28;161;1;8;28161001_8_8;2025;5;2;5;V;6;V;7;V;8;V;10;V;10;V;5;V;7;V;13;V;15;V;12;V;11;V;8;V;7;V;8;V;7;V;4;V;5;V;9;V;14;V;17;V;15;V;15;V;11;V
28;161;1;9;28161001_9_49;2025;5;2;10;V;11;V;11;V;12;V;10;V;12;V;11;V;4;V;2;V;1;V;1;V;2;V;4;V;5;V;3;V;3;V;2;V;3;V;5;V;6;V;6;V;8;V;8;V;7;V
28;161;1;12;28161001_12_8;2025;5;2;7;V;8;V;9;V;10;V;12;V;12;V;7;V;9;V;15;V;18;V;14;V;13;V;10;V;9;V;10;V;9;V;6;V;7;V;11;V;16;V;19;V;17;V;17;V;13;V
28;161;1;14;28161001_14_6;2025;5;2;82;V;75;V;67;V;63;V;64;V;67;V;88;V;83;V;69;V;74;V;87;V;93;V;99;V;99;V;94;V;88;V;82;V;80;V;70;V;59;V;51;V;59;V;57;V;58;V
28;171;1;1;28171001_1_38;2025;5;2;6;V;6;V;5;V;5;V;5;V;5;V;5;V;5;V;5;V;6;V;6;V;6;V;5;V;5;V;5;V;4;V;4;V;5;V;4;V;4;V;4;V;4;V;5;V;5;V
28;171;1;6;28171001_6_48;2025;5;2;0,7;V;0,7;V;0,7;V;0,7;V;0,7;V;0,6;V;0,7;V;0,7;V;0,7;V;0,5;V;0,5;V;0,6;V;0,6;V;0,6;V;0,6;V;0,5;V;0,5;V;0,5;V;0,5;V;0,5;V;0,5;V;0,5;V;0,6;V;0,5;V
28;171;1;7;28171001_7_8;2025;5;2;1;V;1;V;1;V;1;V;1;V;1;V;1;V;1;V;1;V;1;V;1;V;1;V;1;V;1;V;1;V;1;V;1;V;1;V;1;V;1;V;1;V;1;V;1;V;1;V
28;171;1;8;28171001_8_8;2025;5;2;4;V;3;V;2;V;2;V;2;V;1;V;1;V;1;V;1;V;2;V;1;V;1;V;1;V;1;V;2;V;1;V;2;V;2;V;2;V;2;V;2;V;1;V;2;V;1;V
28;171;1;9;28171001_9_49;2025;5;2;6;V;6;V;6;V;7;V;7;V;7;V;4;V;1;V;1;V;1;V;1;V;1;V;1;V;5;V;7;V;4;V;3;V;6;V;6;V;3;V;3;V;2;V;2;V;2;V
28;171;1;10;28171001_10_49;2025;5;2;22;V;20;V;20;V;18;V;17;V;14;V;7;V;1;V;1;V;1;V;1;V;1;V;1;V;1;V;2;V;3;V;1;V;6;V;7;V;4;V;2;V;2;V;3;V;4;V
28;171;1;12;28171001_12_8;2025;5;2;6;V;5;V;4;V;4;V;4;V;3;V;3;V;3;V;3;V;4;V;3;V;3;V;3;V;3;V;4;V;3;V;4;V;4;V;4;V;4;V;4;V;3;V;4;V;3;V
28;171;1;14;28171001_14_6;2025;5;2;71;V;77;V;60;V;46;V;49;V;91;V;84;V;66;V;66;V;67;V;70;V;87;V;90;V;93;V;83;V;84;V;83;V;82;V;86;V;79;V;52;V;37;V;47;V;33;V
28;180;1;7;28180001_7_8;2025;5;2;1;V;1;V;1;V;1;V;1;V;1;V;1;V;1;V;1;V;2;V;1;V;1;V;1;V;1;V;1;V;1;V;1;V;1;V;1;V;1;V;1;V;1;V;1;V;1;V
28;180;1;8;28180001_8_8;2025;5;2;2;V;2;V;2;V;3;V;3;V;4;V;3;V;4;V;6;V;9;V;6;V;4;V;3;V;2;V;2;V;3;V;4;V;4;V;7;V;13;V;7;V;6;V;4;V;6;V
28;180;1;9;28180001_9_49;2025;5;2;10;V;12;V;11;V;10;V;8;V;11;V;12;V;4;V;1;V;2;V;1;V;1;V;1;V;1;V;1;V;1;V;1;V;2;V;6;V;6;V;4;V;1;V;2;V;2;V
28;180;1;12;28180001_12_8;2025;5;2;4;V;4;V;4;V;5;V;5;V;6;V;5;V;6;V;8;V;12;V;8;V;6;V;5;V;4;V;4;V;5;V;6;V;6;V;9;V;15;V;9;V;8;V;6;V;8;V
28;180;1;14;28180001_14_6;2025;5;2;91;V;90;V;90;V;88;V;81;V;79;V;77;V;89;V;79;V;79;V;95;V;106;V;107;V;108;V;102;V;99;V;93;V;87;V;81;V;66;V;81;V;78;V;75;V;68;V
28;45;2;6;28045002_6_48;2025;5;2;0,8;V;0,8;V;0,5;V;0,5;V;0,5;V;0,5;V;0,5;V;0,7;V;0,9;V;0,5;V;1,6;V;1,9;V;1,3;V;1;V;0,5;V;0,5;V;0,5;V;0,5;V;0,5;V;0,6;V;0,6;V;0,5;V;0,5;V;0,5;V
28;45;2;7;28045002_7_8;2025;5;2;1;V;1;V;1;V;1;V;1;V;1;V;1;V;1;V;1;V;1;V;5;V;4;V;2;V;1;V;2;V;1;V;1;V;1;V;1;V;1;V;2;V;1;V;1;V;1;V
28;45;2;8;28045002_8_8;2025;5;2;5;V;3;V;4;V;4;V;6;V;4;V;3;V;2;V;3;V;6;V;14;V;8;V;3;V;4;V;10;V;13;V;6;V;8;V;11;V;13;V;20;V;6;V;5;V;3;V
28;45;2;10;28045002_10_49;2025;5;2;31;V;29;V;30;V;25;V;22;V;18;V;12;V;5;V;1;V;1;V;1;V;1;V;1;V;1;V;3;V;7;V;11;V;8;V;7;V;9;V;10;V;10;V;11;V;8;V
28;45;2;12;28045002_12_8;2025;5;2;7;V;6;V;6;V;6;V;8;V;6;V;5;V;4;V;5;V;8;V;21;V;14;V;6;V;6;V;13;V;15;V;8;V;10;V;13;V;15;V;24;V;8;V;7;V;5;V
28;45;2;14;28045002_14_6;2025;5;2;89;V;93;V;84;V;86;V;83;V;86;V;89;V;97;V;94;V;102;V;104;V;115;V;116;V;116;V;117;V;105;V;103;V;97;V;87;V;79;V;70;V;75;V;82;V;78;V
28;47;2;1;28047002_1_38;2025;5;2;2;V;2;V;2;V;2;V;2;V;2;V;2;V;2;V;2;V;2;V;3;V;2;V;2;V;2;V;2;V;2;V;2;V;2;V;2;V;2;V;2;V;2;V;2;V;2;V
28;47;2;7;28047002_7_8;2025;5;2;1;V;1;V;1;V;1;V;1;V;1;V;1;V;1;V;2;V;6;V;3;V;1;V;1;V;1;V;1;V;1;V;1;V;3;V;1;V;4;V;2;V;4;V;3;V;1;V
28;47;2;8;28047002_8_8;2025;5;2;23;V;4;V;4;V;8;V;8;V;7;V;9;V;10;V;26;V;59;V;26;V;5;V;4;V;4;V;8;V;10;V;10;V;11;V;15;V;42;V;30;V;41;V;31;V;5;V
28;47;2;9;28047002_9_49;2025;5;2;13;V;18;V;16;V;12;V;10;V;8;V;8;V;7;V;4;V;3;V;3;V;3;V;3;V;3;V;3;V;2;V;2;V;3;V;4;V;5;V;8;V;8;V;9;V;6;V
28;47;2;12;28047002_12_8;2025;5;2;25;V;6;V;6;V;10;V;10;V;9;V;11;V;12;V;29;V;68;V;31;V;7;V;6;V;6;V;10;V;12;V;12;V;17;V;17;V;47;V;34;V;47;V;35;V;7;V
28;47;2;14;28047002_14_6;2025;5;2;32;V;77;V;70;V;59;V;61;V;67;V;78;V;78;V;67;V;38;V;81;V;107;V;103;V;102;V;101;V;89;V;81;V;74;V;66;V;34;V;46;V;30;V;40;V;68;V
28;47;2;20;28047002_20_59;2025;5;2;1,2;V;1;V;0,4;V;0,5;V;0,5;V;0,3;V;0,2;V;0,1;V;0,4;V;1,2;V;1,1;V;0,7;V;0,4;V;0,2;V;0,2;V;0,5;V;0,5;V;0,3;V;0,4;V;0,5;V;1,3;V;2,4;V;2,5;V;0,8;V
28;47;2;30;28047002_30_59;2025;5;2;0,3;V;0,2;V;0,2;V;0,1;V;0,1;V;0,1;V;0,1;V;0,1;V;0,2;V;0,5;V;0,4;V;0,2;V;0,1;V;0,1;V;0,1;V;0,2;V;0,1;V;0,1;V;0,2;V;0,2;V;0,4;V;0,3;V;0,5;V;0,2;V
28;47;2;42;28047002_42_2;2025;5;2;1,4;V;1,4;V;1,4;V;1,4;V;1,4;V;1,3;V;1,3;V;1,3;V;1,3;V;1,3;V;1,3;V;1,3;V;1,3;V;1,3;V;1,3;V;1,3;V;1,3;V;1,3;V;1,3;V;1,4;V;1,4;V;1,4;V;1,4;V;1,3;V
28;47;2;44;28047002_44_2;2025;5;2;0,1;V;0,1;V;0,1;V;0,1;V;0,1;V;0,1;V;0,1;V;0,1;V;0,1;V;0,1;V;0,1;V;0,1;V;0,1;V;0,1;V;0,1;V;0,1;V;0,1;V;0,1;V;0,1;V;0,1;V;0,1;V;0,1;V;0,1;V;0,1;V
28;47;2;431;28047002_431_59;2025;5;2;0,5;V;0,4;V;0,2;V;0,2;V;0,2;V;0,1;V;0,1;V;0,1;V;0,2;V;0,6;V;0,4;V;0,6;V;0,1;V;0,1;V;0,1;V;0,2;V;0,2;V;0,2;V;0,1;V;0,1;V;0,5;V;2,4;V;1,3;V;0,3;V
28;49;3;7;28049003_7_8;2025;5;2;2;V;1;V;1;V;1;V;2;V;1;V;1;V;1;V;4;V;4;V;7;V;3;V;1;V;1;V;2;V;1;V;2;V;4;V;3;V;3;V;2;V;7;V;3;V;2;V
28;49;3;8;28049003_8_8;2025;5;2;28;V;3;V;4;V;6;V;12;V;12;V;7;V;10;V;31;V;30;V;22;V;8;V;6;V;5;V;9;V;9;V;10;V;18;V;19;V;27;V;33;V;40;V;41;V;29;V
28;49;3;9;28049003_9_49;2025;5;2;10;V;7;V;8;V;7;V;8;V;11;V;5;V;1;V;6;V;2;V;2;V;3;V;4;V;2;V;5;V;2;V;3;V;3;V;8;V;6;V;6;V;10;V;7;V;10;V
28;49;3;10;28049003_10_49;2025;5;2;43;V;41;V;37;V;32;V;30;V;29;V;31;V;20;V;11;V;8;V;6;V;3;V;2;V;1;V;2;V;3;V;4;V;7;V;7;V;8;V;11;V;12;V;14;V;15;V
28;49;3;12;28049003_12_8;2025;5;2;32;V;5;V;6;V;8;V;15;V;14;V;9;V;12;V;38;V;37;V;32;V;12;V;8;V;8;V;12;V;12;V;13;V;24;V;23;V;32;V;36;V;50;V;45;V;33;V
28;49;3;14;28049003_14_6;2025;5;2;34;V;78;V;67;V;59;V;53;V;57;V;76;V;73;V;48;V;47;V;72;V;99;V;104;V;100;V;94;V;78;V;76;V;64;V;56;V;43;V;32;V;20;V;15;V;24;V
28;5;2;1;28005002_1_38;2025;5;2;5;V;5;V;5;V;5;V;5;V;5;V;5;V;5;V;5;V;5;V;5;V;4;V;5;V;5;V;5;V;4;V;5;V;5;V;5;V;5;V;5;V;5;V;5;V;5;V
28;5;2;6;28005002_6_48;2025;5;2;0,8;V;0,8;V;0,8;V;0,8;V;0,8;V;0,8;V;0,8;V;0,7;V;0,8;V;0,8;V;0,8;V;0,8;V;0,8;V;0,8;V;0,8;V;0,8;V;0,8;V;0,8;V;0,9;V;1;V;1,1;V;0,9;V;0,9;V;0,8;V
28;5;2;7;28005002_7_8;2025;5;2;1;V;1;V;1;V;1;V;2;V;2;V;1;V;1;V;1;V;2;V;1;V;1;V;1;V;1;V;1;V;1;V;1;V;1;V;2;V;3;V;13;V;4;V;3;V;1;V
28;5;2;8;28005002_8_8;2025;5;2;24;V;15;V;2;V;7;V;11;V;22;V;12;V;7;V;10;V;15;V;7;V;5;V;5;V;3;V;2;V;5;V;12;V;11;V;23;V;32;V;45;V;36;V;24;V;19;V
28;5;2;9;28005002_9_49;2025;5;2;11;V;7;V;9;V;11;V;10;V;10;V;15;V;8;V;4;V;5;V;1;V;1;V;1;V;1;V;2;V;3;V;6;V;6;V;6;V;8;V;12;V;13;V;9;V;6;V
28;5;2;10;28005002_10_49;2025;5;2;43;V;38;V;33;V;31;V;34;V;29;V;34;V;13;V;7;V;9;V;4;V;10;V;5;V;4;V;5;V;5;V;13;V;8;V;14;V;11;V;19;V;17;V;17;V;14;V
28;5;2;12;28005002_12_8;2025;5;2;26;V;17;V;4;V;9;V;14;V;25;V;14;V;10;V;12;V;18;V;10;V;7;V;7;V;5;V;4;V;7;V;15;V;13;V;26;V;36;V;65;V;42;V;28;V;21;V
28;5;2;14;28005002_14_6;2025;5;2;18;V;34;V;80;V;74;V;53;V;27;V;62;V;72;V;63;V;55;V;78;V;102;V;104;V;109;V;100;V;84;V;73;V;69;V;45;V;27;V;6;V;14;V;11;V;21;V
28;58;4;7;28058004_7_8;2025;5;2;1;V;1;V;1;V;1;V;1;V;1;V;1;V;1;V;1;V;3;V;3;V;2;V;1;V;1;V;1;V;2;V;1;V;1;V;1;V;1;V;1;V;1;V;1;V;1;V
28;58;4;8;28058004_8_8;2025;5;2;4;V;2;V;3;V;5;V;5;V;6;V;5;V;8;V;11;V;23;V;14;V;8;V;6;V;4;V;5;V;7;V;4;V;4;V;6;V;9;V;10;V;9;V;9;V;6;V
28;58;4;10;28058004_10_49;2025;5;2;32;V;38;V;;N;;N;20;V;1;V;1;V;2;V;22;V;26;V;13;V;1;V;1;V;8;V;3;V;;N;;N;;N;2;V;1;V;1;V;1;V;1;V;1;V
28;58;4;12;28058004_12_8;2025;5;2;6;V;4;V;5;V;7;V;7;V;8;V;7;V;10;V;13;V;27;V;19;V;11;V;8;V;6;V;8;V;10;V;6;V;6;V;8;V;11;V;12;V;11;V;11;V;8;V
28;58;4;14;28058004_14_6;2025;5;2;82;V;78;V;69;V;67;V;74;V;76;V;84;V;81;V;78;V;67;V;83;V;98;V;100;V;101;V;95;V;82;V;81;V;83;V;78;V;74;V;70;V;68;V;71;V;70;V
28;58;4;20;28058004_20_59;2025;5;2;0,3;V;0,2;V;0,1;V;0,3;V;0,2;V;0,2;V;0,4;V;0,1;V;0,1;V;0,4;V;0,8;V;0,2;V;0,1;V;0,1;V;0,1;V;0,6;V;0,4;V;0,1;V;0,1;V;0,1;V;0,5;V;0,7;V;1;V;0,7;V
28;58;4;30;28058004_30_59;2025;5;2;0,1;V;0,1;V;0,1;V;0,1;V;0,1;V;0,1;V;0,1;V;0,1;V;0,1;V;0,1;V;0,1;V;0,1;V;0,1;V;0,1;V;0,1;V;0,1;V;0,1;V;0,1;V;0,1;V;0,1;V;0,1;V;0,1;V;0,2;V;0,1;V
28;58;4;42;28058004_42_2;2025;5;2;1,4;V;1,3;V;1,4;V;1,4;V;1,5;V;1,4;V;1,3;V;1,3;V;1,4;V;1,4;V;1,3;V;1,4;V;1,5;V;1,4;V;1,3;V;1,3;V;1,3;V;1,3;V;1,3;V;1,4;V;1,4;V;1,4;V;1,4;V;1,4;V
28;58;4;44;28058004_44_2;2025;5;2;0,1;V;0,1;V;0,1;V;0,1;V;0,1;V;0,1;V;0,1;V;0,1;V;0,1;V;0,1;V;0,1;V;0,1;V;0,1;V;0,1;V;0,1;V;0,1;V;0,1;V;0,1;V;0,1;V;0,1;V;0,1;V;0,1;V;0,1;V;0,1;V
28;58;4;431;28058004_431_59;2025;5;2;0,1;V;0,1;V;0,1;V;0,1;V;0,1;V;0,1;V;0,2;V;0,1;V;0,1;V;0,1;V;0,2;V;0,1;V;0,1;V;0,1;V;0,1;V;0,2;V;0,1;V;0,1;V;0,1;V;0,1;V;0,3;V;0,3;V;0,3;V;0,2;V
28;6;4;7;28006004_7_8;2025;5;2;4;V;3;V;;N;;N;;N;;N;;N;;N;5;V;3;V;4;V;3;V;3;V;4;V;3;V;2;V;3;V;3;V;3;V;3;V;3;V;3;V;3;V;3;V
28;6;4;8;28006004_8_8;2025;5;2;8;V;6;V;;N;;N;;N;;N;;N;;N;4;V;6;V;6;V;4;V;4;V;9;V;6;V;12;V;4;V;9;V;24;V;33;V;29;V;16;V;8;V;6;V
28;6;4;10;28006004_10_49;2025;5;2;35;V;34;V;;N;;N;;N;;N;;N;;N;;N;;N;;N;;N;;N;;N;;N;;N;;N;1;V;1;V;1;V;2;V;3;V;1;V;1;V
28;6;4;12;28006004_12_8;2025;5;2;14;V;11;V;;N;;N;;N;;N;;N;;N;11;V;10;V;12;V;9;V;9;V;15;V;11;V;16;V;8;V;14;V;29;V;38;V;34;V;21;V;13;V;11;V
28;6;4;14;28006004_14_6;2025;5;2;44;V;56;V;;N;;N;;N;;N;;N;;N;57;V;72;V;84;V;97;V;99;V;100;V;102;V;87;V;79;V;72;V;55;V;40;V;42;V;51;V;56;V;56;V
28;6;4;20;28006004_20_59;2025;5;2;1,2;V;1,1;V;;N;;N;;N;;N;;N;;N;0,1;V;0,4;V;0,7;V;0,2;V;0,2;V;0,2;V;0,1;V;0,3;V;0,2;V;0,4;V;0,7;V;1,3;V;2,4;V;1,8;V;0,9;V;1,2;V
28;6;4;30;28006004_30_59;2025;5;2;0,3;V;0,1;V;;N;;N;;N;;N;;N;;N;0,1;V;0,1;V;0,2;V;0,1;V;0,1;V;0,1;V;0,1;V;0,1;V;0,1;V;0,1;V;0,1;V;0,2;V;0,4;V;0,3;V;0,1;V;0,1;V
28;6;4;42;28006004_42_2;2025;5;2;1,3;V;1,3;V;;N;;N;;N;;N;;N;;N;1,3;V;1,2;V;1,3;V;1,3;V;1,3;V;1,3;V;1,3;V;1,3;V;1,3;V;1,3;V;1,3;V;1,3;V;1,3;V;1,3;V;1,3;V;1,3;V
28;6;4;44;28006004_44_2;2025;5;2;0,1;V;0,1;V;;N;;N;;N;;N;;N;;N;;N;0,1;V;0,1;V;0,1;V;0,1;V;0,1;V;0,1;V;0,1;V;0,1;V;0,1;V;0,1;V;0,1;V;0,1;V;0,1;V;0,1;V;0,1;V
28;6;4;431;28006004_431_59;2025;5;2;0,6;V;0,6;V;;N;;N;;N;;N;;N;;N;0,2;V;0,3;V;0,5;V;0,2;V;0,4;V;0,2;V;0,2;V;0,2;V;0,3;V;0,3;V;0,3;V;0,4;V;0,5;V;0,6;V;0,5;V;0,4;V
28;65;14;7;28065014_7_8;2025;5;2;1;V;1;V;1;V;1;V;1;V;1;V;1;V;2;V;1;V;2;V;3;V;1;V;1;V;1;V;1;V;1;V;2;V;1;V;2;V;1;V;2;V;1;V;1;V;1;V
28;65;14;8;28065014_8_8;2025;5;2;5;V;3;V;4;V;7;V;13;V;10;V;4;V;7;V;12;V;17;V;10;V;6;V;5;V;4;V;4;V;7;V;8;V;7;V;14;V;18;V;23;V;25;V;18;V;17;V
28;65;14;9;28065014_9_49;2025;5;2;5;V;2;V;3;V;4;V;3;V;7;V;4;V;1;V;1;V;3;V;3;V;2;V;2;V;1;V;1;V;5;V;6;V;7;V;3;V;7;V;10;V;7;V;9;V;6;V
28;65;14;10;28065014_10_49;2025;5;2;30;V;26;V;25;V;14;V;7;V;5;V;8;V;17;V;17;V;15;V;4;V;5;V;25;V;27;V;23;V;18;V;7;V;3;V;10;V;16;V;21;V;21;V;20;V;16;V
28;65;14;12;28065014_12_8;2025;5;2;7;V;5;V;6;V;9;V;15;V;12;V;6;V;10;V;15;V;19;V;14;V;9;V;7;V;6;V;6;V;10;V;10;V;9;V;17;V;20;V;26;V;27;V;20;V;19;V
28;65;14;14;28065014_14_6;2025;5;2;80;V;75;V;64;V;53;V;48;V;61;V;82;V;77;V;66;V;62;V;86;V;100;V;103;V;102;V;95;V;80;V;79;V;78;V;69;V;60;V;45;V;45;V;50;V;52;V
28;67;1;7;28067001_7_8;2025;5;2;1;V;1;V;1;V;1;V;1;V;1;V;1;V;1;V;1;V;1;V;1;V;1;V;1;V;1;V;1;V;1;V;1;V;1;V;1;V;1;V;2;V;1;V;1;V;1;V
28;67;1;8;28067001_8_8;2025;5;2;4;V;3;V;2;V;2;V;3;V;3;V;2;V;2;V;2;V;3;V;3;V;1;V;1;V;1;V;3;V;2;V;5;V;3;V;3;V;5;V;6;V;6;V;2;V;2;V
28;67;1;10;28067001_10_49;2025;5;2;33;V;32;V;31;V;23;V;15;V;13;V;13;V;11;V;7;V;5;V;3;V;3;V;4;V;4;V;4;V;4;V;5;V;5;V;7;V;8;V;9;V;10;V;10;V;10;V
28;67;1;12;28067001_12_8;2025;5;2;6;V;5;V;4;V;4;V;5;V;5;V;4;V;4;V;4;V;5;V;5;V;3;V;3;V;3;V;5;V;4;V;7;V;5;V;5;V;7;V;9;V;8;V;4;V;4;V
28;67;1;14;28067001_14_6;2025;5;2;13;V;30;V;77;V;65;V;62;V;62;V;73;V;71;V;63;V;81;V;89;V;109;V;108;V;105;V;109;V;96;V;92;V;85;V;74;V;59;V;55;V;48;V;41;V;38;V
28;7;4;7;28007004_7_8;2025;5;2;1;V;1;V;1;V;1;V;1;V;1;V;1;V;1;V;1;V;1;V;3;V;2;V;1;V;1;V;1;V;1;V;1;V;1;V;1;V;1;V;1;V;1;V;1;V;1;V
28;7;4;8;28007004_8_8;2025;5;2;3;V;2;V;3;V;4;V;8;V;6;V;3;V;5;V;12;V;22;V;12;V;6;V;5;V;4;V;3;V;6;V;3;V;3;V;5;V;14;V;14;V;22;V;7;V;6;V
28;7;4;9;28007004_9_49;2025;5;2;9;V;14;V;13;V;8;V;10;V;10;V;13;V;2;V;2;V;2;V;1;V;1;V;10;V;8;V;11;V;13;V;2;V;2;V;5;V;6;V;6;V;9;V;6;V;4;V
28;7;4;12;28007004_12_8;2025;5;2;5;V;4;V;5;V;6;V;10;V;8;V;5;V;7;V;14;V;24;V;16;V;8;V;7;V;6;V;5;V;8;V;6;V;5;V;7;V;16;V;16;V;24;V;9;V;8;V
28;7;4;14;28007004_14_6;2025;5;2;84;V;80;V;73;V;66;V;62;V;74;V;84;V;80;V;71;V;62;V;82;V;98;V;103;V;104;V;98;V;82;V;81;V;84;V;84;V;69;V;68;V;55;V;69;V;67;V
28;74;7;7;28074007_7_8;2025;5;2;2;V;2;V;2;V;2;V;2;V;2;V;2;V;3;V;4;V;4;V;4;V;3;V;3;V;2;V;2;V;2;V;3;V;2;V;2;V;3;V;5;V;7;V;8;V;4;V
28;74;7;8;28074007_8_8;2025;5;2;5;V;3;V;4;V;9;V;12;V;11;V;5;V;12;V;19;V;25;V;14;V;9;V;6;V;5;V;6;V;9;V;8;V;8;V;16;V;30;V;32;V;34;V;49;V;31;V
28;74;7;9;28074007_9_49;2025;5;2;11;V;12;V;15;V;16;V;14;V;11;V;8;V;3;V;2;V;3;V;3;V;1;V;1;V;1;V;1;V;5;V;8;V;6;V;5;V;6;V;8;V;9;V;12;V;11;V
28;74;7;10;28074007_10_49;2025;5;2;32;V;33;V;31;V;28;V;25;V;23;V;16;V;6;V;2;V;4;V;2;V;1;V;1;V;1;V;2;V;5;V;7;V;4;V;3;V;6;V;10;V;15;V;18;V;19;V
28;74;7;12;28074007_12_8;2025;5;2;8;V;6;V;7;V;12;V;15;V;14;V;8;V;17;V;24;V;31;V;20;V;14;V;10;V;8;V;9;V;12;V;14;V;11;V;19;V;35;V;40;V;44;V;61;V;37;V
28;74;7;14;28074007_14_6;2025;5;2;78;V;76;V;69;V;56;V;56;V;62;V;81;V;73;V;60;V;56;V;81;V;99;V;101;V;100;V;93;V;81;V;77;V;78;V;70;V;53;V;42;V;28;V;13;V;30;V
28;80;3;7;28080003_7_8;2025;5;2;1;V;1;V;1;V;1;V;1;V;1;V;1;V;1;V;2;V;2;V;2;V;1;V;1;V;1;V;1;V;1;V;1;V;1;V;1;V;1;V;2;V;1;V;1;V;1;V
28;80;3;8;28080003_8_8;2025;5;2;10;V;3;V;3;V;4;V;7;V;5;V;3;V;8;V;13;V;27;V;8;V;3;V;3;V;4;V;4;V;4;V;3;V;4;V;7;V;10;V;8;V;7;V;6;V;4;V
28;80;3;10;28080003_10_49;2025;5;2;31;V;27;V;23;V;17;V;13;V;10;V;7;V;2;V;1;V;1;V;1;V;1;V;1;V;1;V;1;V;2;V;3;V;2;V;2;V;6;V;5;V;3;V;5;V;4;V
28;80;3;12;28080003_12_8;2025;5;2;12;V;5;V;5;V;6;V;9;V;7;V;5;V;10;V;15;V;29;V;12;V;6;V;5;V;6;V;6;V;6;V;5;V;6;V;9;V;12;V;11;V;9;V;8;V;6;V
28;80;3;14;28080003_14_6;2025;5;2;66;V;81;V;70;V;58;V;59;V;67;V;83;V;79;V;70;V;58;V;80;V;99;V;105;V;109;V;105;V;88;V;81;V;75;V;72;V;65;V;67;V;58;V;54;V;60;V
28;9;1;7;28009001_7_8;2025;5;2;1;V;1;V;1;V;1;V;1;V;1;V;1;V;1;V;1;V;1;V;1;V;1;V;1;V;1;V;1;V;1;V;1;V;1;V;1;V;1;V;1;V;1;V;1;V;1;V
28;9;1;8;28009001_8_8;2025;5;2;4;V;3;V;2;V;2;V;3;V;3;V;4;V;3;V;3;V;6;V;2;V;2;V;2;V;2;V;2;V;2;V;6;V;6;V;5;V;9;V;11;V;11;V;11;V;13;V
28;9;1;9;28009001_9_49;2025;5;2;10;V;9;V;10;V;7;V;8;V;7;V;7;V;4;V;2;V;1;V;1;V;1;V;1;V;1;V;1;V;1;V;3;V;2;V;3;V;3;V;2;V;3;V;4;V;3;V
28;9;1;12;28009001_12_8;2025;5;2;6;V;5;V;4;V;4;V;5;V;5;V;6;V;5;V;5;V;8;V;4;V;4;V;4;V;4;V;4;V;4;V;8;V;8;V;7;V;11;V;13;V;13;V;13;V;15;V
28;9;1;14;28009001_14_6;2025;5;2;70;V;55;V;75;V;86;V;71;V;62;V;75;V;82;V;74;V;68;V;102;V;116;V;114;V;116;V;116;V;100;V;94;V;88;V;78;V;68;V;66;V;58;V;63;V;45;V
28;92;5;1;28092005_1_38;2025;5;2;3;V;3;V;3;V;3;V;3;V;3;V;3;V;3;V;3;V;3;V;3;V;3;V;3;V;3;V;3;V;3;V;3;V;3;V;3;V;3;V;3;V;3;V;3;V;3;V
28;92;5;6;28092005_6_48;2025;5;2;0,3;V;0,3;V;0,3;V;0,4;V;0,4;V;0,4;V;0,3;V;0,3;V;0,4;V;0,4;V;0,4;V;0,4;V;0,3;V;0,3;V;0,3;V;0,4;V;0,3;V;0,3;V;0,4;V;0,4;V;0,4;V;0,4;V;0,4;V;0,4;V
28;92;5;7;28092005_7_8;2025;5;2;3;V;2;V;2;V;5;V;9;V;3;V;10;V;17;V;5;V;4;V;4;V;3;V;3;V;3;V;2;V;3;V;4;V;3;V;3;V;3;V;3;V;5;V;4;V;2;V
28;92;5;8;28092005_8_8;2025;5;2;7;V;3;V;5;V;12;V;14;V;9;V;10;V;17;V;17;V;25;V;17;V;7;V;6;V;5;V;6;V;6;V;9;V;10;V;16;V;18;V;23;V;49;V;23;V;18;V
28;92;5;10;28092005_10_49;2025;5;2;25;V;24;V;16;V;19;V;16;V;13;V;8;V;2;V;2;V;2;V;3;V;4;V;4;V;2;V;2;V;3;V;9;V;8;V;14;V;31;V;39;V;40;V;23;V;12;V
28;92;5;12;28092005_12_8;2025;5;2;11;V;6;V;8;V;19;V;28;V;13;V;25;V;42;V;25;V;31;V;24;V;12;V;11;V;9;V;10;V;10;V;14;V;15;V;20;V;23;V;28;V;57;V;28;V;22;V
28;92;5;14;28092005_14_6;2025;5;2;85;V;84;V;74;V;55;V;58;V;71;V;83;V;74;V;67;V;58;V;80;V;102;V;108;V;110;V;102;V;86;V;85;V;88;V;81;V;74;V;65;V;36;V;50;V;45;V
28;102;1;1;28102001_1_38;2025;5;3;4;V;4;V;4;V;4;V;4;V;4;V;4;V;4;V;4;V;4;V;4;V;4;V;4;V;4;V;4;V;4;V;4;V;4;V;4;V;4;V;4;V;4;V;4;V;4;V
28;102;1;6;28102001_6_48;2025;5;3;0,4;V;0,4;V;0,4;V;0,4;V;0,4;V;0,4;V;0,4;V;0,4;V;0,4;V;0,4;V;0,4;V;0,4;V;0,4;V;0,4;V;0,3;V;0,4;V;0,3;V;0,4;V;0,4;V;0,4;V;0,4;V;0,4;V;0,4;V;0,4;V
28;102;1;7;28102001_7_8;2025;5;3;1;V;1;V;1;V;1;V;1;V;1;V;1;V;1;V;1;V;1;V;1;V;1;V;1;V;1;V;1;V;1;V;1;V;1;V;1;V;1;V;1;V;1;V;1;V;1;V
28;102;1;8;28102001_8_8;2025;5;3;1;V;1;V;1;V;1;V;1;V;1;V;1;V;1;V;1;V;1;V;1;V;1;V;1;V;1;V;1;V;1;V;1;V;1;V;1;V;1;V;3;V;2;V;1;V;1;V
28;102;1;10;28102001_10_49;2025;5;3;6;V;5;V;5;V;4;V;4;V;5;V;4;V;5;V;5;V;4;V;3;V;2;V;2;V;1;V;1;V;1;V;1;V;1;V;2;V;2;V;1;V;1;V;1;V;1;V
28;102;1;12;28102001_12_8;2025;5;3;3;V;3;V;3;V;3;V;3;V;3;V;3;V;3;V;3;V;3;V;3;V;3;V;3;V;3;V;3;V;3;V;3;V;3;V;3;V;3;V;5;V;4;V;3;V;3;V
28;102;1;14;28102001_14_6;2025;5;3;62;V;62;V;65;V;65;V;63;V;62;V;61;V;67;V;71;V;85;V;89;V;91;V;92;V;94;V;93;V;95;V;95;V;92;V;91;V;84;V;73;V;74;V;73;V;72;V
28;106;1;7;28106001_7_8;2025;5;3;1;V;1;V;1;V;1;V;1;V;3;V;2;V;1;V;1;V;1;V;1;V;1;V;1;V;1;V;1;V;1;V;1;V;1;V;1;V;1;V;1;V;1;V;1;V;1;V
28;106;1;8;28106001_8_8;2025;5;3;5;V;8;V;14;V;22;V;25;V;29;V;17;V;8;V;7;V;5;V;5;V;5;V;4;V;3;V;3;V;5;V;5;V;7;V;11;V;7;V;10;V;12;V;14;V;9;V
28;106;1;9;28106001_9_49;2025;5;3;7;V;8;V;9;V;7;V;7;V;7;V;8;V;7;V;7;V;5;V;6;V;5;V;5;V;6;V;4;V;5;V;4;V;4;V;5;V;5;V;5;V;4;V;5;V;6;V
28;106;1;12;28106001_12_8;2025;5;3;7;V;10;V;16;V;25;V;27;V;34;V;20;V;10;V;9;V;8;V;7;V;7;V;6;V;5;V;5;V;7;V;7;V;9;V;13;V;9;V;12;V;14;V;16;V;11;V
28;106;1;14;28106001_14_6;2025;5;3;76;V;64;V;42;V;30;V;29;V;24;V;48;V;65;V;76;V;87;V;90;V;92;V;95;V;96;V;101;V;98;V;92;V;87;V;78;V;83;V;80;V;71;V;62;V;61;V
28;115;3;7;28115003_7_8;2025;5;3;1;V;1;V;1;V;1;V;1;V;1;V;1;V;1;V;1;V;2;V;1;V;1;V;1;V;1;V;1;V;1;V;1;V;1;V;1;V;1;V;1;V;1;V;1;V;1;V
28;115;3;8;28115003_8_8;2025;5;3;10;V;7;V;9;V;8;V;10;V;13;V;14;V;11;V;7;V;8;V;6;V;6;V;4;V;3;V;3;V;4;V;4;V;6;V;12;V;12;V;6;V;5;V;7;V;8;V
28;115;3;9;28115003_9_49;2025;5;3;12;V;14;V;12;V;11;V;9;V;8;V;6;V;5;V;3;V;3;V;1;V;1;V;2;V;3;V;1;V;1;V;1;V;1;V;1;V;1;V;2;V;2;V;1;V;1;V
28;115;3;12;28115003_12_8;2025;5;3;12;V;9;V;11;V;10;V;12;V;15;V;16;V;13;V;9;V;11;V;8;V;8;V;7;V;5;V;5;V;6;V;6;V;8;V;14;V;14;V;8;V;7;V;9;V;10;V
28;115;3;14;28115003_14_6;2025;5;3;13;V;10;V;6;V;5;V;29;V;28;V;39;V;56;V;69;V;70;V;78;V;73;V;80;V;84;V;85;V;83;V;82;V;79;V;68;V;63;V;64;V;64;V;60;V;57;V
28;120;1;7;28120001_7_8;2025;5;3;1;V;1;V;1;V;1;V;1;V;1;V;1;V;1;V;1;V;1;V;1;V;1;V;1;V;1;V;1;V;1;V;1;V;1;V;1;V;1;V;1;V;1;V;1;V;1;V
28;120;1;8;28120001_8_8;2025;5;3;1;V;1;V;1;V;1;V;1;V;1;V;1;V;1;V;1;V;1;V;1;V;1;V;1;V;1;V;1;V;1;V;1;V;1;V;1;V;1;V;1;V;1;V;1;V;1;V
28;120;1;9;28120001_9_49;2025;5;3;1;V;18;V;1;V;18;V;2;V;15;V;3;V;8;V;4;V;10;V;7;V;10;V;3;V;15;V;6;V;3;V;7;V;2;V;5;V;1;V;8;V;7;V;6;V;10;V
28;120;1;10;28120001_10_49;2025;5;3;1;V;5;V;2;V;8;V;2;V;8;V;4;V;2;V;4;V;6;V;4;V;5;V;3;V;9;V;6;V;3;V;3;V;1;V;2;V;1;V;1;V;2;V;2;V;2;V
28;120;1;12;28120001_12_8;2025;5;3;3;V;3;V;3;V;3;V;3;V;3;V;3;V;3;V;3;V;3;V;3;V;3;V;3;V;3;V;3;V;3;V;3;V;3;V;3;V;3;V;3;V;3;V;3;V;3;V
28;120;1;14;28120001_14_6;2025;5;3;109;V;108;V;106;V;106;V;107;V;107;V;108;V;106;V;104;V;103;V;105;V;106;V;107;V;109;V;108;V;108;V;106;V;102;V;101;V;102;V;108;V;108;V;104;V;105;V
28;123;2;7;28123002_7_8;2025;5;3;2;V;1;V;1;V;2;V;3;V;2;V;1;V;1;V;1;V;1;V;1;V;1;V;1;V;1;V;1;V;1;V;1;V;1;V;1;V;1;V;1;V;1;V;1;V;1;V
28;123;2;8;28123002_8_8;2025;5;3;16;V;10;V;10;V;11;V;20;V;21;V;6;V;5;V;4;V;2;V;4;V;2;V;2;V;2;V;2;V;1;V;2;V;6;V;24;V;11;V;11;V;8;V;7;V;4;V
28;123;2;10;28123002_10_49;2025;5;3;1;V;1;V;1;V;1;V;1;V;2;V;3;V;2;V;1;V;1;V;2;V;2;V;1;V;1;V;1;V;1;V;1;V;2;V;4;V;6;V;6;V;5;V;3;V;4;V
28;123;2;12;28123002_12_8;2025;5;3;19;V;12;V;12;V;14;V;25;V;24;V;8;V;7;V;6;V;4;V;6;V;4;V;4;V;4;V;4;V;3;V;4;V;8;V;26;V;13;V;13;V;10;V;9;V;6;V
28;123;2;14;28123002_14_6;2025;5;3;30;V;41;V;32;V;21;V;17;V;29;V;58;V;63;V;69;V;86;V;86;V;94;V;96;V;99;V;99;V;100;V;98;V;92;V;68;V;71;V;78;V;77;V;75;V;71;V
28;123;2;14;28123002_14_8;2025;5;3;29;V;39;V;31;V;20;V;17;V;27;V;57;V;62;V;66;V;85;V;84;V;92;V;95;V;98;V;98;V;99;V;97;V;93;V;67;V;70;V;76;V;75;V;73;V;70;V
28;127;4;7;28127004_7_8;2025;5;3;1;V;1;V;1;V;1;V;1;V;1;V;2;V;2;V;2;V;1;V;1;V;2;V;1;V;1;V;1;V;1;V;1;V;1;V;1;V;2;V;1;V;1;V;1;V;1;V
28;127;4;8;28127004_8_8;2025;5;3;12;V;9;V;8;V;6;V;7;V;10;V;12;V;10;V;7;V;6;V;6;V;7;V;5;V;4;V;4;V;7;V;7;V;9;V;19;V;18;V;15;V;13;V;14;V;9;V
28;127;4;10;28127004_10_49;2025;5;3;7;V;9;V;5;V;5;V;7;V;4;V;6;V;5;V;6;V;9;V;4;V;9;V;3;V;2;V;7;V;4;V;2;V;8;V;9;V;8;V;7;V;6;V;3;V;6;V
28;127;4;12;28127004_12_8;2025;5;3;14;V;11;V;10;V;8;V;9;V;12;V;15;V;13;V;10;V;8;V;8;V;10;V;7;V;6;V;6;V;9;V;9;V;11;V;21;V;21;V;17;V;15;V;16;V;11;V
28;127;4;14;28127004_14_6;2025;5;3;40;V;41;V;57;V;55;V;59;V;56;V;47;V;57;V;78;V;81;V;84;V;76;V;87;V;90;V;93;V;89;V;86;V;81;V;68;V;64;V;60;V;63;V;57;V;63;V
28;13;2;7;28013002_7_8;2025;5;3;1;V;1;V;1;V;1;V;1;V;1;V;1;V;2;V;1;V;1;V;1;V;1;V;1;V;1;V;1;V;1;V;1;V;1;V;1;V;1;V;1;V;1;V;1;V;1;V
28;13;2;8;28013002_8_8;2025;5;3;8;V;5;V;4;V;4;V;5;V;11;V;8;V;7;V;4;V;5;V;5;V;4;V;4;V;3;V;3;V;2;V;4;V;5;V;10;V;10;V;7;V;7;V;5;V;4;V
28;13;2;10;28013002_10_49;2025;5;3;21;V;13;V;17;V;9;V;8;V;12;V;5;V;4;V;1;V;2;V;1;V;1;V;1;V;2;V;1;V;4;V;12;V;9;V;7;V;7;V;13;V;18;V;2;V;2;V
28;13;2;12;28013002_12_8;2025;5;3;10;V;7;V;6;V;6;V;7;V;13;V;10;V;9;V;6;V;7;V;7;V;6;V;6;V;5;V;5;V;4;V;6;V;7;V;12;V;12;V;9;V;9;V;7;V;6;V
28;13;2;14;28013002_14_6;2025;5;3;45;V;42;V;38;V;50;V;61;V;39;V;52;V;64;V;83;V;85;V;87;V;90;V;92;V;95;V;98;V;97;V;92;V;90;V;78;V;77;V;81;V;74;V;75;V;69;V
28;133;2;7;28133002_7_8;2025;5;3;1;V;1;V;1;V;1;V;1;V;2;V;1;V;1;V;1;V;2;V;1;V;1;V;1;V;1;V;1;V;1;V;1;V;1;V;1;V;1;V;1;V;2;V;1;V;1;V
28;133;2;8;28133002_8_8;2025;5;3;2;V;2;V;1;V;2;V;3;V;4;V;4;V;3;V;4;V;4;V;2;V;2;V;2;V;2;V;2;V;1;V;2;V;3;V;4;V;5;V;6;V;11;V;6;V;2;V
28;133;2;10;28133002_10_49;2025;5;3;4;V;5;V;6;V;5;V;8;V;11;V;9;V;9;V;8;V;6;V;8;V;7;V;6;V;6;V;5;V;3;V;2;V;3;V;4;V;3;V;3;V;5;V;8;V;8;V
28;133;2;12;28133002_12_8;2025;5;3;4;V;4;V;3;V;4;V;5;V;7;V;6;V;5;V;7;V;7;V;4;V;4;V;4;V;4;V;4;V;3;V;4;V;5;V;6;V;7;V;8;V;14;V;8;V;4;V
28;133;2;14;28133002_14_6;2025;5;3;54;V;52;V;50;V;47;V;47;V;47;V;45;V;55;V;58;V;60;V;62;V;63;V;69;V;74;V;71;V;66;V;67;V;67;V;60;V;56;V;50;V;36;V;37;V;47;V
28;14;2;7;28014002_7_8;2025;5;3;1;V;1;V;1;V;1;V;1;V;2;V;2;V;2;V;3;V;2;V;3;V;1;V;1;V;1;V;1;V;1;V;1;V;1;V;1;V;1;V;1;V;1;V;1;V;1;V
28;14;2;8;28014002_8_8;2025;5;3;8;V;6;V;3;V;5;V;8;V;17;V;12;V;8;V;7;V;6;V;11;V;4;V;2;V;2;V;3;V;7;V;4;V;4;V;8;V;10;V;5;V;7;V;8;V;6;V
28;14;2;10;28014002_10_49;2025;5;3;8;V;10;V;9;V;7;V;7;V;6;V;7;V;7;V;7;V;7;V;5;V;4;V;1;V;1;V;1;V;4;V;5;V;5;V;5;V;3;V;4;V;3;V;3;V;2;V
28;14;2;12;28014002_12_8;2025;5;3;10;V;8;V;5;V;7;V;10;V;20;V;15;V;11;V;12;V;10;V;16;V;6;V;4;V;4;V;5;V;9;V;6;V;6;V;10;V;12;V;7;V;9;V;10;V;8;V
28;14;2;14;28014002_14_8;2025;5;3;54;V;52;V;62;V;51;V;48;V;31;V;36;V;58;V;75;V;88;V;86;V;101;V;106;V;108;V;107;V;102;V;107;V;105;V;85;V;75;V;86;V;77;V;71;V;70;V
28;14;2;14;28014002_14_6;2025;5;3;54;V;45;V;55;V;44;V;48;V;38;V;39;V;57;V;78;V;85;V;73;V;100;V;112;V;117;V;117;V;92;V;111;V;111;V;98;V;80;V;95;V;68;V;60;V;65;V
28;148;4;7;28148004_7_8;2025;5;3;3;V;3;V;3;V;4;V;3;V;4;V;12;V;14;V;7;V;6;V;13;V;6;V;3;V;4;V;5;V;5;V;8;V;4;V;3;V;2;V;2;V;2;V;2;V;2;V
28;148;4;8;28148004_8_8;2025;5;3;16;V;13;V;20;V;19;V;20;V;14;V;26;V;20;V;9;V;10;V;18;V;8;V;3;V;6;V;9;V;7;V;12;V;8;V;11;V;13;V;6;V;9;V;6;V;6;V
28;148;4;9;28148004_9_49;2025;5;3;6;V;4;V;3;V;4;V;6;V;4;V;5;V;8;V;9;V;5;V;4;V;1;V;12;V;6;V;10;V;4;V;5;V;3;V;1;V;1;V;4;V;6;V;4;V;3;V
28;148;4;10;28148004_10_49;2025;5;3;21;V;21;V;20;V;18;V;17;V;16;V;12;V;9;V;12;V;11;V;7;V;1;V;0;V;0;V;3;V;7;V;13;V;23;V;31;V;24;V;19;V;16;V;15;V;12;V
28;148;4;12;28148004_12_8;2025;5;3;21;V;18;V;25;V;25;V;25;V;20;V;43;V;41;V;19;V;20;V;38;V;17;V;7;V;11;V;16;V;15;V;24;V;15;V;16;V;16;V;9;V;12;V;9;V;9;V
28;148;4;14;28148004_14_6;2025;5;3;20;V;18;V;11;V;16;V;17;V;25;V;22;V;48;V;66;V;78;V;76;V;89;V;95;V;97;V;98;V;96;V;94;V;94;V;86;V;70;V;82;V;79;V;77;V;69;V
28;16;1;1;28016001_1_38;2025;5;3;4;V;4;V;4;V;4;V;4;V;4;V;4;V;4;V;4;V;4;V;4;V;4;V;4;V;4;V;4;V;4;V;4;V;4;V;4;V;4;V;4;V;4;V;4;V;4;V
28;16;1;6;28016001_6_48;2025;5;3;0,1;V;0,1;V;0,1;V;0,1;V;0,1;V;0,1;V;0,1;V;0,1;V;0,1;V;0,1;V;0,1;V;0,1;V;0,1;V;0,1;V;0,1;V;0,1;V;0,1;V;0,1;V;0,1;V;0,1;V;0,1;V;0,1;V;0,1;V;0,1;V
28;16;1;7;28016001_7_8;2025;5;3;1;V;1;V;1;V;1;V;1;V;1;V;1;V;1;V;1;V;1;V;1;V;1;V;1;V;1;V;1;V;1;V;1;V;1;V;1;V;1;V;1;V;1;V;1;V;1;V
28;16;1;8;28016001_8_8;2025;5;3;2;V;2;V;3;V;4;V;5;V;5;V;4;V;2;V;1;V;1;V;2;V;2;V;2;V;2;V;1;V;1;V;1;V;2;V;2;V;1;V;1;V;1;V;1;V;1;V
28;16;1;9;28016001_9_49;2025;5;3;3;V;7;V;7;V;5;V;3;V;3;V;1;V;1;V;5;V;7;V;7;V;4;V;5;V;4;V;3;V;3;V;1;V;2;V;4;V;2;V;1;V;1;V;1;V;1;V
28;16;1;10;28016001_10_49;2025;5;3;4;V;5;V;2;V;2;V;1;V;1;V;2;V;6;V;7;V;6;V;5;V;3;V;3;V;3;V;2;V;2;V;2;V;1;V;3;V;4;V;3;V;4;V;3;V;2;V
28;16;1;12;28016001_12_8;2025;5;3;4;V;4;V;5;V;6;V;7;V;7;V;6;V;4;V;3;V;3;V;4;V;4;V;4;V;4;V;3;V;3;V;3;V;4;V;4;V;3;V;3;V;3;V;3;V;3;V
28;16;1;14;28016001_14_6;2025;5;3;79;V;75;V;59;V;45;V;52;V;67;V;61;V;71;V;83;V;88;V;91;V;95;V;98;V;104;V;103;V;101;V;104;V;104;V;100;V;95;V;91;V;88;V;96;V;90;V
28;16;1;20;28016001_20_59;2025;5;3;0,1;V;0,1;V;0,1;V;0,1;V;0,2;V;0,2;V;0,1;V;0,1;V;0,1;V;0,1;V;0,1;V;0,1;V;0,1;V;0,1;V;0,1;V;0,1;V;0,1;V;0,1;V;0,1;V;0,1;V;0,1;V;0,1;V;0,1;V;0,1;V
28;16;1;30;28016001_30_59;2025;5;3;0,1;V;0,1;V;0,1;V;0,1;V;0,1;V;0,1;V;0,1;V;0,1;V;0,1;V;0,1;V;0,1;V;0,1;V;0,1;V;0,1;V;0,1;V;0,1;V;0,1;V;0,1;V;0,1;V;0,1;V;0,1;V;0,1;V;0,1;V;0,1;V
28;16;1;42;28016001_42_2;2025;5;3;1,4;V;1,4;V;1,4;V;1,4;V;1,4;V;1,4;V;1,4;V;1,4;V;1,4;V;1,4;V;1,4;V;1,4;V;1,4;V;1,4;V;1,4;V;1,4;V;1,4;V;1,4;V;1,4;V;1,4;V;1,4;V;1,4;V;1,4;V;1,4;V
28;16;1;44;28016001_44_2;2025;5;3;0,1;V;0,1;V;0,1;V;0,1;V;0,1;V;0,1;V;0,1;V;0,1;V;0,1;V;0,1;V;0,1;V;0,1;V;0,1;V;0,1;V;0,1;V;0,1;V;0,1;V;0,1;V;0,1;V;0,1;V;0,1;V;0,1;V;0,1;V;0,1;V
28;16;1;431;28016001_431_59;2025;5;3;0,1;V;0,1;V;0,1;V;0,1;V;0,1;V;0,1;V;0,1;V;0,1;V;0,1;V;0,1;V;0,1;V;0,1;V;0,1;V;0,1;V;0,1;V;0,1;V;0,1;V;0,1;V;0,1;V;0,1;V;0,1;V;0,1;V;0,1;V;0,1;V
28;161;1;7;28161001_7_8;2025;5;3;1;V;1;V;1;V;1;V;1;V;2;V;1;V;1;V;1;V;1;V;1;V;1;V;1;V;1;V;1;V;1;V;1;V;1;V;1;V;1;V;1;V;1;V;1;V;1;V
28;161;1;8;28161001_8_8;2025;5;3;15;V;19;V;22;V;24;V;17;V;22;V;15;V;12;V;8;V;6;V;5;V;4;V;4;V;3;V;3;V;4;V;3;V;4;V;6;V;8;V;6;V;11;V;13;V;10;V
28;161;1;9;28161001_9_49;2025;5;3;7;V;8;V;9;V;9;V;10;V;8;V;6;V;5;V;5;V;4;V;2;V;1;V;1;V;1;V;1;V;1;V;2;V;1;V;1;V;1;V;2;V;1;V;1;V;2;V
28;161;1;12;28161001_12_8;2025;5;3;17;V;21;V;24;V;26;V;19;V;25;V;17;V;14;V;10;V;8;V;7;V;6;V;6;V;5;V;5;V;6;V;5;V;6;V;8;V;10;V;8;V;13;V;15;V;12;V
28;161;1;14;28161001_14_6;2025;5;3;49;V;40;V;38;V;30;V;32;V;27;V;52;V;67;V;79;V;86;V;90;V;90;V;95;V;96;V;97;V;95;V;94;V;88;V;78;V;77;V;83;V;70;V;63;V;67;V
28;171;1;1;28171001_1_38;2025;5;3;5;V;5;V;6;V;6;V;5;V;6;V;6;V;6;V;6;V;5;V;5;V;6;V;5;V;6;V;6;V;6;V;5;V;5;V;5;V;5;V;5;V;5;V;6;V;6;V
28;171;1;6;28171001_6_48;2025;5;3;0,5;V;0,5;V;0,5;V;0,6;V;0,5;V;0,6;V;0,6;V;0,7;V;0,7;V;0,7;V;0,7;V;0,7;V;0,7;V;0,7;V;0,7;V;0,7;V;0,7;V;0,8;V;0,8;V;0,7;V;0,8;V;0,8;V;0,8;V;0,8;V
28;171;1;7;28171001_7_8;2025;5;3;1;V;1;V;1;V;1;V;1;V;1;V;1;V;1;V;1;V;1;V;1;V;1;V;1;V;1;V;1;V;1;V;1;V;1;V;1;V;1;V;1;V;1;V;1;V;1;V
28;171;1;8;28171001_8_8;2025;5;3;1;V;2;V;1;V;2;V;1;V;1;V;1;V;1;V;1;V;2;V;1;V;1;V;1;V;1;V;1;V;1;V;1;V;2;V;1;V;2;V;2;V;1;V;1;V;1;V
28;171;1;9;28171001_9_49;2025;5;3;1;V;2;V;1;V;1;V;1;V;1;V;1;V;1;V;2;V;3;V;1;V;1;V;1;V;4;V;6;V;5;V;2;V;3;V;4;V;3;V;2;V;1;V;1;V;1;V
28;171;1;10;28171001_10_49;2025;5;3;1;V;1;V;1;V;1;V;1;V;1;V;3;V;2;V;3;V;4;V;4;V;2;V;3;V;3;V;4;V;5;V;4;V;4;V;4;V;1;V;1;V;1;V;1;V;1;V
28;171;1;12;28171001_12_8;2025;5;3;3;V;4;V;3;V;4;V;3;V;3;V;3;V;3;V;3;V;4;V;3;V;3;V;3;V;3;V;3;V;3;V;3;V;4;V;3;V;4;V;4;V;3;V;3;V;3;V
28;171;1;14;28171001_14_6;2025;5;3;38;V;20;V;19;V;11;V;8;V;14;V;14;V;40;V;61;V;78;V;83;V;93;V;93;V;97;V;95;V;93;V;94;V;87;V;84;V;64;V;51;V;31;V;25;V;25;V
28;180;1;7;28180001_7_8;2025;5;3;1;V;1;V;1;V;1;V;1;V;1;V;1;V;1;V;1;V;1;V;1;V;1;V;1;V;1;V;1;V;1;V;1;V;1;V;1;V;1;V;1;V;1;V;1;V;1;V
28;180;1;8;28180001_8_8;2025;5;3;8;V;4;V;4;V;5;V;4;V;5;V;4;V;4;V;3;V;3;V;4;V;3;V;3;V;2;V;3;V;3;V;3;V;4;V;8;V;9;V;7;V;7;V;6;V;4;V
28;180;1;9;28180001_9_49;2025;5;3;2;V;4;V;7;V;2;V;1;V;1;V;4;V;1;V;1;V;1;V;1;V;1;V;1;V;1;V;1;V;1;V;1;V;1;V;1;V;4;V;6;V;4;V;4;V;1;V
28;180;1;12;28180001_12_8;2025;5;3;10;V;6;V;6;V;7;V;6;V;7;V;6;V;6;V;5;V;5;V;6;V;5;V;5;V;4;V;5;V;5;V;5;V;6;V;10;V;11;V;9;V;9;V;8;V;6;V
28;180;1;14;28180001_14_6;2025;5;3;61;V;64;V;65;V;62;V;62;V;57;V;64;V;78;V;84;V;93;V;93;V;95;V;97;V;98;V;98;V;99;V;98;V;96;V;88;V;81;V;78;V;80;V;78;V;79;V
28;45;2;6;28045002_6_48;2025;5;3;0,5;V;0,5;V;0,5;V;0,5;V;0,5;V;0,5;V;0,5;V;0,5;V;0,5;V;0,5;V;0,5;V;0,5;V;0,5;V;0,5;V;0,5;V;0,5;V;0,5;V;0,5;V;0,5;V;0,5;V;0,5;V;0,5;V;0,5;V;0,5;V
28;45;2;7;28045002_7_8;2025;5;3;1;V;1;V;1;V;1;V;1;V;1;V;1;V;1;V;2;V;2;V;2;V;2;V;1;V;1;V;1;V;1;V;1;V;1;V;1;V;1;V;1;V;1;V;1;V;1;V
28;45;2;8;28045002_8_8;2025;5;3;4;V;3;V;2;V;3;V;5;V;8;V;7;V;5;V;6;V;7;V;6;V;5;V;4;V;3;V;3;V;4;V;4;V;3;V;4;V;8;V;4;V;5;V;6;V;4;V
28;45;2;10;28045002_10_49;2025;5;3;6;V;8;V;9;V;7;V;7;V;9;V;11;V;10;V;6;V;5;V;3;V;3;V;3;V;3;V;2;V;2;V;5;V;5;V;7;V;7;V;11;V;9;V;6;V;6;V
28;45;2;12;28045002_12_8;2025;5;3;6;V;5;V;4;V;5;V;7;V;10;V;9;V;7;V;9;V;9;V;8;V;7;V;7;V;5;V;5;V;6;V;6;V;5;V;6;V;10;V;6;V;7;V;8;V;6;V
28;45;2;14;28045002_14_6;2025;5;3;73;V;78;V;82;V;84;V;76;V;68;V;75;V;88;V;92;V;92;V;96;V;99;V;98;V;104;V;107;V;105;V;103;V;100;V;91;V;87;V;89;V;85;V;80;V;81;V
28;47;2;1;28047002_1_38;2025;5;3;2;V;2;V;2;V;2;V;2;V;2;V;2;V;2;V;2;V;2;V;2;V;2;V;2;V;2;V;2;V;2;V;2;V;3;V;2;V;2;V;2;V;2;V;2;V;2;V
28;47;2;7;28047002_7_8;2025;5;3;1;V;1;V;1;V;1;V;1;V;1;V;1;V;1;V;1;V;1;V;1;V;1;V;1;V;1;V;1;V;1;V;2;V;2;V;1;V;2;V;1;V;3;V;1;V;2;V
28;47;2;8;28047002_8_8;2025;5;3;9;V;4;V;3;V;3;V;4;V;6;V;12;V;6;V;8;V;5;V;9;V;6;V;5;V;4;V;5;V;6;V;10;V;14;V;21;V;15;V;29;V;41;V;36;V;29;V
28;47;2;9;28047002_9_49;2025;5;3;6;V;6;V;4;V;5;V;5;V;5;V;3;V;3;V;4;V;4;V;6;V;4;V;4;V;3;V;2;V;2;V;1;V;3;V;3;V;3;V;4;V;6;V;4;V;4;V
28;47;2;12;28047002_12_8;2025;5;3;11;V;6;V;5;V;5;V;6;V;8;V;15;V;8;V;11;V;7;V;11;V;9;V;7;V;6;V;7;V;8;V;12;V;17;V;24;V;18;V;31;V;45;V;38;V;32;V
28;47;2;14;28047002_14_6;2025;5;3;57;V;66;V;69;V;68;V;65;V;63;V;61;V;74;V;76;V;78;V;78;V;84;V;91;V;94;V;95;V;90;V;86;V;80;V;71;V;71;V;53;V;33;V;23;V;43;V
28;47;2;20;28047002_20_59;2025;5;3;0,6;V;0,6;V;0,3;V;0,3;V;0,3;V;0,3;V;0,4;V;0,5;V;0,8;V;0,5;V;0,3;V;0,3;V;0,1;V;0,2;V;0,1;V;0,2;V;0,2;V;0,2;V;0,3;V;0,2;V;0,3;V;0,6;V;1;V;1,3;V
28;47;2;30;28047002_30_59;2025;5;3;0,1;V;0,1;V;0,1;V;0,1;V;0,1;V;0,1;V;0,1;V;0,1;V;0,2;V;0,1;V;0,1;V;0,1;V;0,1;V;0,1;V;0,1;V;0,1;V;0,1;V;0,1;V;0,1;V;0,1;V;0,2;V;0,2;V;0,3;V;0,3;V
28;47;2;42;28047002_42_2;2025;5;3;1,4;V;1,4;V;1,3;V;1,3;V;1,3;V;1,3;V;1,4;V;1,3;V;1,3;V;1,3;V;1,3;V;1,3;V;1,3;V;1,3;V;1,3;V;1,3;V;1,3;V;1,3;V;1,3;V;1,3;V;1,3;V;1,3;V;1,3;V;1,4;V
28;47;2;44;28047002_44_2;2025;5;3;0,1;V;0,1;V;0,1;V;0,1;V;0,1;V;0,1;V;0,1;V;0,1;V;0,1;V;0,1;V;0,1;V;0,1;V;0,1;V;0,1;V;0,1;V;0,1;V;0,1;V;0,1;V;0,1;V;0,1;V;0,1;V;0,1;V;0,1;V;0,1;V
28;47;2;431;28047002_431_59;2025;5;3;0,2;V;0,2;V;0,2;V;0,1;V;0,1;V;0,2;V;0,2;V;0,2;V;0,2;V;0,2;V;0,2;V;0,1;V;0,1;V;0,1;V;0,1;V;0,1;V;0,1;V;0,2;V;0,1;V;0,1;V;0,1;V;0,3;V;0,4;V;0,5;V
28;49;3;7;28049003_7_8;2025;5;3;3;V;1;V;1;V;4;V;3;V;3;V;5;V;4;V;2;V;2;V;2;V;1;V;1;V;1;V;1;V;1;V;1;V;1;V;1;V;1;V;1;V;1;V;1;V;2;V
28;49;3;8;28049003_8_8;2025;5;3;22;V;12;V;14;V;23;V;28;V;23;V;24;V;17;V;9;V;7;V;7;V;4;V;3;V;3;V;3;V;3;V;4;V;5;V;7;V;13;V;8;V;9;V;14;V;12;V
28;49;3;9;28049003_9_49;2025;5;3;6;V;4;V;5;V;4;V;6;V;8;V;6;V;5;V;5;V;3;V;1;V;3;V;4;V;1;V;2;V;3;V;4;V;2;V;3;V;1;V;2;V;4;V;3;V;6;V
28;49;3;10;28049003_10_49;2025;5;3;16;V;18;V;15;V;13;V;12;V;12;V;12;V;14;V;12;V;10;V;8;V;7;V;7;V;5;V;4;V;3;V;3;V;1;V;2;V;3;V;4;V;3;V;4;V;4;V
28;49;3;12;28049003_12_8;2025;5;3;26;V;14;V;16;V;30;V;33;V;28;V;33;V;23;V;12;V;10;V;10;V;6;V;5;V;5;V;5;V;5;V;6;V;7;V;9;V;15;V;10;V;11;V;16;V;15;V
28;49;3;14;28049003_14_6;2025;5;3;27;V;42;V;35;V;24;V;13;V;26;V;26;V;37;V;63;V;73;V;79;V;86;V;91;V;95;V;95;V;94;V;93;V;90;V;82;V;72;V;78;V;78;V;66;V;60;V
28;5;2;1;28005002_1_38;2025;5;3;5;V;5;V;5;V;5;V;5;V;5;V;5;V;5;V;5;V;5;V;5;V;5;V;5;V;4;V;5;V;5;V;5;V;4;V;5;V;5;V;5;V;5;V;5;V;5;V
28;5;2;6;28005002_6_48;2025;5;3;0,8;V;0,8;V;0,8;V;0,8;V;0,8;V;0,9;V;0,8;V;0,8;V;0,7;V;0,7;V;0,7;V;0,7;V;0,8;V;0,7;V;0,7;V;0,7;V;0,7;V;0,8;V;0,8;V;0,8;V;0,8;V;0,8;V;0,7;V;0,7;V
28;5;2;7;28005002_7_8;2025;5;3;1;V;1;V;1;V;4;V;2;V;6;V;4;V;1;V;1;V;1;V;1;V;1;V;1;V;1;V;1;V;1;V;1;V;1;V;2;V;1;V;1;V;1;V;1;V;1;V
28;5;2;8;28005002_8_8;2025;5;3;14;V;14;V;13;V;18;V;15;V;27;V;21;V;10;V;7;V;4;V;4;V;4;V;3;V;3;V;3;V;3;V;5;V;5;V;10;V;8;V;8;V;7;V;7;V;8;V
28;5;2;9;28005002_9_49;2025;5;3;6;V;6;V;6;V;2;V;2;V;3;V;5;V;12;V;13;V;9;V;4;V;1;V;1;V;1;V;1;V;1;V;1;V;1;V;2;V;6;V;6;V;6;V;7;V;6;V
28;5;2;10;28005002_10_49;2025;5;3;11;V;14;V;15;V;11;V;13;V;15;V;16;V;18;V;21;V;9;V;9;V;10;V;3;V;7;V;4;V;8;V;6;V;6;V;6;V;10;V;11;V;7;V;8;V;7;V
28;5;2;12;28005002_12_8;2025;5;3;16;V;16;V;15;V;24;V;19;V;36;V;27;V;13;V;9;V;6;V;6;V;6;V;5;V;5;V;5;V;5;V;7;V;7;V;14;V;11;V;10;V;9;V;9;V;10;V
28;5;2;14;28005002_14_6;2025;5;3;26;V;29;V;25;V;19;V;26;V;12;V;22;V;53;V;67;V;81;V;86;V;90;V;96;V;99;V;99;V;102;V;99;V;94;V;84;V;79;V;73;V;75;V;72;V;64;V
28;58;4;7;28058004_7_8;2025;5;3;1;V;1;V;1;V;1;V;1;V;1;V;1;V;6;V;1;V;1;V;1;V;1;V;1;V;1;V;1;V;1;V;1;V;1;V;1;V;1;V;1;V;1;V;1;V;1;V
28;58;4;8;28058004_8_8;2025;5;3;3;V;3;V;6;V;14;V;15;V;17;V;11;V;10;V;5;V;4;V;4;V;4;V;3;V;2;V;2;V;4;V;3;V;5;V;7;V;5;V;6;V;7;V;7;V;4;V
28;58;4;10;28058004_10_49;2025;5;3;1;V;5;V;11;V;16;V;26;V;;N;;N;51;V;16;V;1;V;1;V;4;V;54;V;;N;;N;20;V;1;V;25;V;;N;29;V;39;V;34;V;31;V;19;V
28;58;4;12;28058004_12_8;2025;5;3;5;V;5;V;8;V;16;V;17;V;19;V;13;V;19;V;8;V;6;V;6;V;6;V;5;V;4;V;4;V;6;V;5;V;7;V;9;V;7;V;8;V;9;V;9;V;6;V
28;58;4;14;28058004_14_6;2025;5;3;79;V;73;V;58;V;42;V;45;V;46;V;55;V;58;V;76;V;84;V;87;V;88;V;92;V;92;V;94;V;95;V;89;V;86;V;80;V;82;V;79;V;71;V;60;V;64;V
28;58;4;20;28058004_20_59;2025;5;3;0,5;V;0,2;V;0,9;V;1,7;V;1,7;V;1,8;V;1,2;V;1;V;0,5;V;0,1;V;0,1;V;0,1;V;0,1;V;0,1;V;0,1;V;0,1;V;0,1;V;0,1;V;0,2;V;0,1;V;0,1;V;0,1;V;0,4;V;0,5;V
28;58;4;30;28058004_30_59;2025;5;3;0,3;V;0,1;V;0,1;V;0,1;V;0,1;V;0,1;V;0,1;V;0,1;V;0,1;V;0,1;V;0,1;V;0,1;V;0,1;V;0,1;V;0,1;V;0,1;V;0,1;V;0,1;V;0,1;V;0,1;V;0,1;V;0,1;V;0,1;V;0,1;V
28;58;4;42;28058004_42_2;2025;5;3;1,4;V;1,4;V;1,4;V;1,5;V;1,4;V;1,4;V;1,4;V;1,4;V;1,3;V;1,3;V;1,3;V;1,3;V;1,3;V;1,3;V;1,3;V;1,3;V;1,4;V;1,3;V;1,4;V;1,4;V;1,4;V;1,4;V;1,4;V;1,4;V
28;58;4;44;28058004_44_2;2025;5;3;0,1;V;0,1;V;0,1;V;0,2;V;0,1;V;0,1;V;0,1;V;0,1;V;0,1;V;0,1;V;0,1;V;0,1;V;0,1;V;0,1;V;0,1;V;0,1;V;0,1;V;0,1;V;0,1;V;0,1;V;0,1;V;0,1;V;0,1;V;0,1;V
28;58;4;431;28058004_431_59;2025;5;3;0,2;V;0,1;V;0,2;V;0,3;V;0,3;V;0,3;V;0,2;V;0,2;V;0,1;V;0,1;V;0,1;V;0,1;V;0,1;V;0,1;V;0,1;V;0,1;V;0,1;V;0,1;V;0,1;V;0,1;V;0,1;V;0,1;V;0,1;V;0,1;V
28;6;4;7;28006004_7_8;2025;5;3;3;V;3;V;4;V;3;V;3;V;3;V;4;V;6;V;5;V;3;V;3;V;3;V;2;V;2;V;2;V;2;V;2;V;2;V;2;V;2;V;2;V;2;V;2;V;2;V
28;6;4;8;28006004_8_8;2025;5;3;14;V;16;V;15;V;11;V;13;V;16;V;19;V;18;V;9;V;4;V;6;V;4;V;3;V;1;V;1;V;2;V;2;V;2;V;6;V;9;V;3;V;4;V;7;V;7;V
28;6;4;10;28006004_10_49;2025;5;3;1;V;4;V;5;V;8;V;6;V;4;V;6;V;8;V;8;V;5;V;2;V;1;V;1;V;2;V;2;V;2;V;1;V;1;V;2;V;2;V;7;V;5;V;6;V;3;V
28;6;4;12;28006004_12_8;2025;5;3;19;V;21;V;20;V;16;V;18;V;21;V;25;V;27;V;16;V;9;V;11;V;8;V;6;V;4;V;4;V;5;V;5;V;5;V;9;V;12;V;6;V;7;V;10;V;10;V
28;6;4;14;28006004_14_6;2025;5;3;31;V;18;V;21;V;49;V;53;V;49;V;44;V;43;V;67;V;79;V;79;V;88;V;88;V;95;V;94;V;95;V;93;V;92;V;82;V;73;V;74;V;68;V;66;V;65;V
28;6;4;20;28006004_20_59;2025;5;3;1,8;V;3,1;V;3,1;V;3;V;1,5;V;1,4;V;1,3;V;1,5;V;1,2;V;0,3;V;0,3;V;0,5;V;0,3;V;0,2;V;0,1;V;0,1;V;0,1;V;0,1;V;0,1;V;0,6;V;0,8;V;0,2;V;0,5;V;0,9;V
28;6;4;30;28006004_30_59;2025;5;3;0,2;V;0,3;V;0,3;V;0,2;V;0,1;V;0,1;V;0,1;V;0,2;V;0,1;V;0,1;V;0,1;V;0,1;V;0,1;V;0,1;V;0,1;V;0,1;V;0,1;V;0,1;V;0,1;V;0,1;V;0,1;V;0,1;V;0,1;V;0,1;V
28;6;4;42;28006004_42_2;2025;5;3;1,3;V;1,4;V;1,4;V;1,5;V;1,4;V;1,4;V;1,4;V;1,4;V;1,4;V;1,4;V;1,4;V;1,3;V;1,3;V;1,3;V;1,3;V;1,3;V;1,3;V;1,3;V;1,3;V;1,3;V;1,3;V;1,3;V;1,3;V;1,3;V
28;6;4;44;28006004_44_2;2025;5;3;0,1;V;0,1;V;0,1;V;0,1;V;0,1;V;0,1;V;0,1;V;0,1;V;0,1;V;0,1;V;0,1;V;0,1;V;0,1;V;0,1;V;0,1;V;0,1;V;0,1;V;0,1;V;0,1;V;0,1;V;0,1;V;0,1;V;0,1;V;0,1;V
28;6;4;431;28006004_431_59;2025;5;3;0,7;V;1,1;V;1,1;V;1,1;V;0,6;V;0,6;V;0,6;V;0,7;V;0,4;V;0,2;V;0,2;V;0,3;V;0,2;V;0,2;V;0,2;V;0,2;V;0,2;V;0,2;V;0,2;V;0,2;V;0,3;V;0,2;V;0,3;V;0,3;V
28;65;14;7;28065014_7_8;2025;5;3;1;V;1;V;1;V;1;V;1;V;1;V;2;V;3;V;2;V;1;V;1;V;1;V;1;V;1;V;1;V;1;V;1;V;1;V;1;V;1;V;2;V;1;V;1;V;1;V
28;65;14;8;28065014_8_8;2025;5;3;11;V;16;V;20;V;19;V;15;V;20;V;13;V;13;V;7;V;4;V;4;V;4;V;5;V;4;V;3;V;4;V;5;V;6;V;9;V;10;V;9;V;10;V;8;V;8;V
28;65;14;9;28065014_9_49;2025;5;3;2;V;2;V;3;V;9;V;6;V;6;V;4;V;5;V;4;V;2;V;1;V;2;V;1;V;2;V;3;V;2;V;2;V;3;V;3;V;5;V;4;V;4;V;4;V;13;V
28;65;14;10;28065014_10_49;2025;5;3;14;V;2;V;15;V;31;V;28;V;21;V;14;V;12;V;15;V;17;V;21;V;21;V;18;V;15;V;13;V;10;V;11;V;11;V;10;V;11;V;12;V;10;V;6;V;2;V
28;65;14;12;28065014_12_8;2025;5;3;13;V;18;V;22;V;21;V;17;V;22;V;17;V;18;V;9;V;6;V;6;V;6;V;7;V;6;V;5;V;6;V;7;V;8;V;11;V;12;V;12;V;12;V;10;V;10;V
28;65;14;14;28065014_14_6;2025;5;3;54;V;48;V;30;V;27;V;38;V;36;V;47;V;52;V;71;V;84;V;89;V;90;V;91;V;93;V;97;V;97;V;93;V;86;V;79;V;78;V;80;V;71;V;64;V;64;V
28;67;1;7;28067001_7_8;2025;5;3;1;V;1;V;1;V;1;V;1;V;3;V;1;V;1;V;1;V;1;V;1;V;1;V;1;V;1;V;1;V;1;V;1;V;1;V;1;V;1;V;1;V;1;V;1;V;1;V
28;67;1;8;28067001_8_8;2025;5;3;1;V;1;V;1;V;2;V;1;V;2;V;1;V;1;V;1;V;1;V;2;V;2;V;1;V;1;V;1;V;1;V;1;V;1;V;3;V;6;V;2;V;2;V;3;V;3;V
28;67;1;10;28067001_10_49;2025;5;3;10;V;9;V;11;V;12;V;10;V;9;V;7;V;6;V;6;V;6;V;4;V;4;V;5;V;6;V;5;V;4;V;4;V;4;V;5;V;7;V;10;V;8;V;7;V;8;V
28;67;1;12;28067001_12_8;2025;5;3;4;V;3;V;3;V;4;V;3;V;7;V;3;V;3;V;3;V;3;V;4;V;4;V;3;V;3;V;3;V;3;V;3;V;3;V;5;V;8;V;4;V;4;V;5;V;5;V
28;67;1;14;28067001_14_6;2025;5;3;23;V;29;V;35;V;26;V;33;V;59;V;78;V;81;V;86;V;87;V;91;V;95;V;94;V;97;V;99;V;99;V;98;V;92;V;76;V;56;V;77;V;62;V;60;V;36;V
28;7;4;7;28007004_7_8;2025;5;3;1;V;1;V;1;V;1;V;1;V;1;V;2;V;2;V;1;V;1;V;1;V;1;V;1;V;1;V;1;V;1;V;1;V;1;V;1;V;1;V;1;V;1;V;1;V;1;V
28;7;4;8;28007004_8_8;2025;5;3;6;V;4;V;5;V;7;V;11;V;11;V;14;V;8;V;4;V;3;V;3;V;2;V;2;V;1;V;1;V;2;V;2;V;2;V;7;V;6;V;5;V;9;V;7;V;5;V
28;7;4;9;28007004_9_49;2025;5;3;6;V;2;V;4;V;3;V;3;V;3;V;6;V;3;V;6;V;8;V;4;V;4;V;3;V;4;V;2;V;4;V;1;V;5;V;13;V;6;V;3;V;1;V;1;V;2;V
28;7;4;12;28007004_12_8;2025;5;3;8;V;6;V;7;V;9;V;13;V;13;V;17;V;11;V;6;V;5;V;5;V;4;V;4;V;3;V;3;V;4;V;4;V;4;V;9;V;8;V;7;V;11;V;9;V;7;V
28;7;4;14;28007004_14_6;2025;5;3;64;V;67;V;58;V;56;V;54;V;55;V;57;V;68;V;80;V;84;V;86;V;88;V;91;V;92;V;94;V;94;V;92;V;89;V;82;V;82;V;81;V;73;V;72;V;67;V
28;74;7;7;28074007_7_8;2025;5;3;4;V;3;V;3;V;4;V;4;V;6;V;3;V;7;V;4;V;3;V;2;V;2;V;2;V;2;V;2;V;2;V;2;V;2;V;2;V;9;V;2;V;3;V;2;V;2;V
28;74;7;8;28074007_8_8;2025;5;3;18;V;13;V;14;V;27;V;28;V;30;V;20;V;22;V;11;V;6;V;6;V;5;V;5;V;3;V;3;V;5;V;6;V;9;V;13;V;15;V;9;V;14;V;13;V;10;V
28;74;7;9;28074007_9_49;2025;5;3;10;V;11;V;10;V;7;V;6;V;7;V;6;V;5;V;3;V;2;V;2;V;2;V;3;V;6;V;5;V;5;V;4;V;3;V;3;V;5;V;6;V;7;V;7;V;5;V
28;74;7;10;28074007_10_49;2025;5;3;16;V;13;V;11;V;10;V;12;V;13;V;12;V;9;V;7;V;7;V;5;V;5;V;4;V;3;V;3;V;2;V;3;V;2;V;4;V;6;V;9;V;11;V;10;V;6;V
28;74;7;12;28074007_12_8;2025;5;3;24;V;17;V;20;V;33;V;34;V;40;V;26;V;32;V;17;V;10;V;10;V;8;V;9;V;6;V;6;V;8;V;9;V;13;V;17;V;29;V;12;V;18;V;16;V;14;V
28;74;7;14;28074007_14_6;2025;5;3;49;V;37;V;30;V;23;V;27;V;27;V;48;V;49;V;71;V;82;V;85;V;89;V;88;V;91;V;92;V;92;V;90;V;81;V;75;V;71;V;74;V;65;V;61;V;59;V
28;80;3;7;28080003_7_8;2025;5;3;1;V;1;V;1;V;1;V;1;V;1;V;1;V;1;V;1;V;1;V;1;V;1;V;1;V;1;V;1;V;1;V;1;V;1;V;1;V;1;V;1;V;1;V;1;V;1;V
28;80;3;8;28080003_8_8;2025;5;3;5;V;5;V;3;V;4;V;5;V;9;V;8;V;6;V;5;V;4;V;2;V;3;V;2;V;2;V;1;V;2;V;2;V;3;V;6;V;5;V;5;V;7;V;7;V;5;V
28;80;3;10;28080003_10_49;2025;5;3;9;V;9;V;7;V;7;V;4;V;8;V;8;V;7;V;7;V;6;V;2;V;1;V;2;V;2;V;1;V;1;V;1;V;12;V;9;V;2;V;1;V;2;V;1;V;1;V
28;80;3;12;28080003_12_8;2025;5;3;7;V;7;V;5;V;6;V;7;V;11;V;10;V;8;V;7;V;6;V;4;V;5;V;4;V;4;V;3;V;4;V;4;V;5;V;8;V;7;V;7;V;9;V;9;V;7;V
28;80;3;14;28080003_14_6;2025;5;3;55;V;39;V;39;V;34;V;39;V;36;V;46;V;59;V;78;V;82;V;90;V;78;V;90;V;93;V;96;V;94;V;92;V;91;V;78;V;74;V;71;V;66;V;66;V;48;V
28;9;1;7;28009001_7_8;2025;5;3;1;V;1;V;1;V;1;V;1;V;1;V;1;V;1;V;1;V;1;V;1;V;1;V;1;V;1;V;1;V;1;V;1;V;1;V;1;V;1;V;1;V;1;V;1;V;1;V
28;9;1;8;28009001_8_8;2025;5;3;11;V;9;V;8;V;6;V;5;V;6;V;6;V;8;V;5;V;2;V;2;V;4;V;4;V;4;V;4;V;4;V;4;V;5;V;9;V;9;V;5;V;5;V;6;V;8;V
28;9;1;9;28009001_9_49;2025;5;3;4;V;8;V;7;V;8;V;4;V;3;V;3;V;4;V;3;V;3;V;1;V;1;V;1;V;1;V;1;V;1;V;1;V;2;V;1;V;1;V;2;V;2;V;2;V;1;V
28;9;1;12;28009001_12_8;2025;5;3;13;V;11;V;10;V;8;V;7;V;8;V;8;V;10;V;7;V;4;V;4;V;6;V;6;V;6;V;6;V;6;V;6;V;7;V;11;V;11;V;7;V;7;V;8;V;10;V
28;9;1;14;28009001_14_6;2025;5;3;51;V;55;V;57;V;66;V;65;V;64;V;65;V;66;V;74;V;93;V;96;V;97;V;102;V;100;V;104;V;106;V;103;V;99;V;86;V;78;V;82;V;81;V;78;V;74;V
28;92;5;1;28092005_1_38;2025;5;3;3;V;3;V;3;V;3;V;3;V;3;V;3;V;3;V;3;V;3;V;3;V;3;V;3;V;3;V;3;V;3;V;3;V;3;V;3;V;3;V;3;V;3;V;3;V;3;V
28;92;5;6;28092005_6_48;2025;5;3;0,4;V;0,5;V;0,4;V;0,4;V;0,4;V;0,7;V;0,5;V;0,4;V;0,4;V;0,3;V;0,3;V;0,3;V;0,4;V;0,3;V;0,3;V;0,3;V;0,3;V;0,4;V;0,3;V;0,4;V;0,4;V;0,4;V;0,4;V;0,4;V
28;92;5;7;28092005_7_8;2025;5;3;3;V;2;V;2;V;2;V;2;V;2;V;3;V;3;V;3;V;2;V;2;V;3;V;2;V;2;V;2;V;2;V;3;V;3;V;3;V;2;V;3;V;3;V;3;V;2;V
28;92;5;8;28092005_8_8;2025;5;3;13;V;19;V;14;V;8;V;9;V;9;V;13;V;6;V;4;V;4;V;3;V;5;V;3;V;3;V;2;V;3;V;4;V;12;V;18;V;10;V;14;V;18;V;15;V;9;V
28;92;5;10;28092005_10_49;2025;5;3;13;V;14;V;14;V;6;V;7;V;12;V;13;V;10;V;4;V;2;V;3;V;4;V;9;V;11;V;8;V;4;V;5;V;5;V;7;V;20;V;29;V;22;V;15;V;9;V
28;92;5;12;28092005_12_8;2025;5;3;17;V;22;V;17;V;11;V;12;V;12;V;18;V;11;V;9;V;7;V;6;V;9;V;7;V;6;V;5;V;7;V;8;V;17;V;23;V;14;V;19;V;23;V;20;V;12;V
28;92;5;14;28092005_14_6;2025;5;3;57;V;40;V;43;V;53;V;59;V;62;V;62;V;73;V;84;V;87;V;93;V;88;V;96;V;97;V;98;V;98;V;94;V;88;V;77;V;84;V;76;V;66;V;66;V;61;V
28;102;1;1;28102001_1_38;2025;5;4;4;V;4;V;4;V;4;V;4;V;4;V;4;V;4;V;4;V;4;V;4;V;4;V;4;V;4;V;4;V;4;V;4;V;4;V;4;V;4;V;4;V;4;V;4;V;4;V
28;102;1;6;28102001_6_48;2025;5;4;0,4;V;0,4;V;0,4;V;0,4;V;0,3;V;0,3;V;0,3;V;0,4;V;0,4;V;0,4;V;0,4;V;0,3;V;0,3;V;0,3;V;0,4;V;0,4;V;0,3;V;0,4;V;0,3;V;0,4;V;0,4;V;0,4;V;0,3;V;0,4;V
28;102;1;7;28102001_7_8;2025;5;4;1;V;1;V;1;V;1;V;1;V;1;V;1;V;1;V;1;V;1;V;1;V;1;V;1;V;1;V;1;V;1;V;1;V;1;V;1;V;1;V;1;V;1;V;1;V;1;V
28;102;1;8;28102001_8_8;2025;5;4;1;V;1;V;1;V;1;V;1;V;1;V;1;V;1;V;2;V;2;V;1;V;1;V;2;V;1;V;1;V;1;V;1;V;1;V;1;V;2;V;2;V;11;V;4;V;3;V
28;102;1;10;28102001_10_49;2025;5;4;3;V;5;V;4;V;4;V;4;V;5;V;4;V;4;V;3;V;3;V;2;V;2;V;2;V;2;V;1;V;1;V;1;V;1;V;1;V;1;V;1;V;1;V;1;V;1;V
28;102;1;12;28102001_12_8;2025;5;4;3;V;3;V;3;V;3;V;3;V;3;V;3;V;3;V;4;V;4;V;3;V;3;V;4;V;3;V;3;V;3;V;3;V;3;V;3;V;4;V;4;V;13;V;6;V;5;V
28;102;1;14;28102001_14_6;2025;5;4;69;V;66;V;64;V;65;V;64;V;60;V;62;V;61;V;63;V;71;V;76;V;84;V;84;V;84;V;84;V;83;V;84;V;80;V;77;V;74;V;70;V;57;V;62;V;63;V
28;106;1;7;28106001_7_8;2025;5;4;1;V;1;V;1;V;1;V;1;V;1;V;1;V;1;V;1;V;1;V;1;V;1;V;2;V;1;V;1;V;1;V;1;V;1;V;1;V;1;V;1;V;1;V;1;V;1;V
28;106;1;8;28106001_8_8;2025;5;4;9;V;8;V;8;V;6;V;5;V;9;V;5;V;4;V;4;V;4;V;5;V;5;V;7;V;5;V;4;V;5;V;5;V;7;V;8;V;12;V;9;V;7;V;4;V;3;V
28;106;1;9;28106001_9_49;2025;5;4;7;V;9;V;8;V;7;V;5;V;5;V;6;V;6;V;4;V;4;V;5;V;5;V;5;V;5;V;5;V;5;V;4;V;4;V;5;V;4;V;4;V;4;V;5;V;4;V
28;106;1;12;28106001_12_8;2025;5;4;11;V;10;V;10;V;8;V;7;V;12;V;7;V;6;V;6;V;6;V;7;V;7;V;9;V;7;V;6;V;7;V;7;V;9;V;10;V;14;V;11;V;9;V;6;V;5;V
28;106;1;14;28106001_14_6;2025;5;4;61;V;53;V;50;V;56;V;58;V;53;V;59;V;72;V;76;V;82;V;83;V;81;V;83;V;82;V;83;V;82;V;81;V;79;V;74;V;65;V;66;V;64;V;64;V;65;V
28;115;3;7;28115003_7_8;2025;5;4;1;V;1;V;1;V;1;V;1;V;1;V;1;V;1;V;1;V;1;V;1;V;2;V;1;V;1;V;1;V;1;V;1;V;2;V;1;V;1;V;1;V;1;V;1;V;1;V
28;115;3;8;28115003_8_8;2025;5;4;8;V;8;V;5;V;4;V;4;V;3;V;5;V;4;V;5;V;4;V;4;V;5;V;3;V;2;V;2;V;2;V;3;V;5;V;6;V;8;V;6;V;5;V;4;V;3;V
28;115;3;9;28115003_9_49;2025;5;4;1;V;1;V;3;V;7;V;7;V;6;V;4;V;3;V;2;V;1;V;2;V;1;V;3;V;1;V;2;V;1;V;1;V;2;V;1;V;1;V;2;V;2;V;2;V;3;V
28;115;3;12;28115003_12_8;2025;5;4;10;V;10;V;7;V;6;V;6;V;5;V;7;V;6;V;7;V;6;V;6;V;7;V;5;V;4;V;4;V;4;V;5;V;7;V;8;V;10;V;8;V;7;V;6;V;5;V
28;115;3;14;28115003_14_6;2025;5;4;47;V;28;V;31;V;39;V;46;V;52;V;46;V;58;V;62;V;66;V;68;V;69;V;71;V;71;V;69;V;74;V;70;V;67;V;64;V;59;V;59;V;56;V;54;V;49;V
28;120;1;7;28120001_7_8;2025;5;4;1;V;1;V;1;V;1;V;1;V;1;V;1;V;1;V;1;V;1;V;1;V;1;V;1;V;1;V;1;V;1;V;1;V;1;V;1;V;1;V;1;V;1;V;1;V;1;V
28;120;1;8;28120001_8_8;2025;5;4;1;V;1;V;1;V;1;V;1;V;1;V;1;V;1;V;1;V;1;V;1;V;1;V;1;V;1;V;1;V;1;V;1;V;1;V;1;V;1;V;1;V;1;V;1;V;1;V
28;120;1;9;28120001_9_49;2025;5;4;5;V;25;V;4;V;11;V;2;V;7;V;8;V;4;V;9;V;15;V;3;V;5;V;22;V;8;V;1;V;1;V;6;V;10;V;3;V;8;V;18;V;3;V;11;V;7;V
28;120;1;10;28120001_10_49;2025;5;4;2;V;4;V;1;V;2;V;1;V;1;V;2;V;1;V;2;V;6;V;2;V;1;V;6;V;4;V;1;V;1;V;1;V;2;V;1;V;2;V;7;V;2;V;2;V;2;V
28;120;1;12;28120001_12_8;2025;5;4;3;V;3;V;3;V;3;V;3;V;3;V;3;V;3;V;3;V;3;V;3;V;3;V;3;V;3;V;3;V;3;V;3;V;3;V;3;V;3;V;3;V;3;V;3;V;3;V
28;120;1;14;28120001_14_6;2025;5;4;100;V;99;V;100;V;96;V;95;V;94;V;94;V;93;V;95;V;100;V;102;V;102;V;94;V;91;V;89;V;91;V;93;V;102;V;98;V;90;V;92;V;97;V;97;V;93;V
28;123;2;7;28123002_7_8;2025;5;4;1;V;1;V;1;V;1;V;1;V;1;V;1;V;1;V;1;V;2;V;2;V;2;V;1;V;1;V;1;V;1;V;1;V;1;V;1;V;1;V;1;V;1;V;1;V;1;V
28;123;2;8;28123002_8_8;2025;5;4;4;V;4;V;4;V;5;V;3;V;4;V;16;V;6;V;5;V;8;V;5;V;6;V;5;V;5;V;4;V;4;V;5;V;7;V;9;V;13;V;15;V;14;V;10;V;9;V
28;123;2;10;28123002_10_49;2025;5;4;3;V;3;V;4;V;3;V;4;V;5;V;4;V;4;V;4;V;3;V;1;V;2;V;4;V;3;V;3;V;2;V;3;V;3;V;3;V;4;V;3;V;4;V;4;V;6;V
28;123;2;12;28123002_12_8;2025;5;4;6;V;6;V;6;V;7;V;5;V;6;V;19;V;8;V;7;V;10;V;7;V;9;V;7;V;7;V;6;V;6;V;7;V;9;V;11;V;15;V;17;V;16;V;12;V;11;V
28;123;2;14;28123002_14_6;2025;5;4;73;V;65;V;57;V;52;V;59;V;59;V;46;V;56;V;67;V;75;V;83;V;81;V;83;V;84;V;83;V;85;V;82;V;79;V;74;V;70;V;61;V;59;V;61;V;58;V
28;123;2;14;28123002_14_8;2025;5;4;71;V;63;V;55;V;51;V;57;V;57;V;45;V;56;V;66;V;73;V;81;V;80;V;81;V;83;V;82;V;83;V;81;V;77;V;73;V;69;V;60;V;58;V;60;V;56;V
28;127;4;7;28127004_7_8;2025;5;4;1;V;1;V;1;V;1;V;1;V;1;V;1;V;1;V;1;V;1;V;1;V;1;V;1;V;1;V;1;V;1;V;1;V;1;V;1;V;1;V;1;V;1;V;1;V;1;V
28;127;4;8;28127004_8_8;2025;5;4;6;V;6;V;5;V;5;V;4;V;4;V;4;V;4;V;4;V;4;V;3;V;4;V;4;V;3;V;4;V;4;V;5;V;5;V;8;V;10;V;11;V;9;V;6;V;4;V
28;127;4;10;28127004_10_49;2025;5;4;4;V;4;V;6;V;9;V;5;V;5;V;3;V;4;V;2;V;3;V;2;V;8;V;2;V;5;V;9;V;3;V;4;V;4;V;8;V;5;V;4;V;4;V;3;V;5;V
28;127;4;12;28127004_12_8;2025;5;4;8;V;8;V;7;V;7;V;6;V;6;V;6;V;6;V;6;V;6;V;5;V;6;V;6;V;5;V;6;V;6;V;7;V;7;V;10;V;12;V;13;V;11;V;8;V;6;V
28;127;4;14;28127004_14_6;2025;5;4;69;V;65;V;56;V;52;V;68;V;71;V;68;V;69;V;70;V;73;V;80;V;80;V;79;V;80;V;78;V;79;V;75;V;75;V;68;V;64;V;57;V;55;V;55;V;51;V
28;13;2;7;28013002_7_8;2025;5;4;1;V;1;V;1;V;1;V;1;V;1;V;1;V;1;V;1;V;1;V;1;V;1;V;1;V;1;V;1;V;1;V;1;V;1;V;1;V;1;V;1;V;1;V;1;V;1;V
28;13;2;8;28013002_8_8;2025;5;4;3;V;2;V;2;V;3;V;3;V;3;V;5;V;7;V;7;V;6;V;4;V;6;V;6;V;5;V;5;V;5;V;5;V;6;V;7;V;8;V;12;V;11;V;8;V;7;V
28;13;2;10;28013002_10_49;2025;5;4;1;V;3;V;8;V;6;V;8;V;7;V;6;V;8;V;8;V;3;V;1;V;2;V;6;V;2;V;2;V;12;V;1;V;4;V;3;V;5;V;13;V;10;V;10;V;1;V
28;13;2;12;28013002_12_8;2025;5;4;5;V;4;V;4;V;5;V;5;V;5;V;7;V;9;V;9;V;8;V;6;V;8;V;8;V;7;V;7;V;7;V;7;V;8;V;9;V;10;V;14;V;13;V;10;V;9;V
28;13;2;14;28013002_14_6;2025;5;4;67;V;71;V;71;V;71;V;69;V;64;V;58;V;56;V;63;V;74;V;83;V;79;V;76;V;83;V;80;V;75;V;75;V;69;V;58;V;62;V;60;V;54;V;56;V;55;V
28;133;2;7;28133002_7_8;2025;5;4;1;V;1;V;1;V;1;V;1;V;1;V;1;V;1;V;1;V;1;V;1;V;1;V;1;V;1;V;1;V;1;V;1;V;1;V;1;V;1;V;1;V;1;V;1;V;1;V
28;133;2;8;28133002_8_8;2025;5;4;1;V;1;V;1;V;1;V;1;V;1;V;1;V;2;V;1;V;2;V;2;V;2;V;1;V;1;V;1;V;1;V;1;V;2;V;2;V;4;V;2;V;2;V;1;V;1;V
28;133;2;10;28133002_10_49;2025;5;4;7;V;8;V;4;V;1;V;1;V;2;V;4;V;5;V;9;V;8;V;5;V;3;V;5;V;5;V;4;V;4;V;2;V;1;V;1;V;2;V;2;V;2;V;3;V;4;V
28;133;2;12;28133002_12_8;2025;5;4;3;V;3;V;3;V;3;V;3;V;3;V;3;V;4;V;3;V;4;V;4;V;4;V;3;V;3;V;3;V;3;V;3;V;4;V;4;V;6;V;4;V;4;V;3;V;3;V
28;133;2;14;28133002_14_6;2025;5;4;48;V;51;V;61;V;59;V;60;V;63;V;60;V;58;V;64;V;64;V;64;V;61;V;64;V;65;V;66;V;67;V;62;V;62;V;61;V;57;V;56;V;49;V;48;V;49;V
28;134;2;7;28134002_7_8;2025;5;4;;N;;N;;N;;N;;N;;N;;N;;N;;N;;N;;N;;N;;N;;N;;N;;N;;N;;N;;N;;N;;N;;N;;N;;N
28;134;2;8;28134002_8_8;2025;5;4;;N;;N;;N;;N;;N;;N;;N;;N;;N;;N;;N;;N;;N;;N;;N;;N;;N;;N;;N;;N;;N;;N;;N;;N
28;134;2;10;28134002_10_49;2025;5;4;;N;;N;;N;;N;;N;;N;;N;;N;;N;;N;;N;;N;;N;;N;;N;;N;;N;;N;;N;;N;;N;;N;;N;;N
28;134;2;12;28134002_12_8;2025;5;4;;N;;N;;N;;N;;N;;N;;N;;N;;N;;N;;N;;N;;N;;N;;N;;N;;N;;N;;N;;N;;N;;N;;N;;N
28;134;2;14;28134002_14_6;2025;5;4;;N;;N;;N;;N;;N;;N;;N;;N;;N;;N;;N;;N;;N;;N;;N;;N;;N;;N;;N;;N;;N;;N;;N;;N
28;14;2;7;28014002_7_8;2025;5;4;1;V;1;V;1;V;1;V;1;V;1;V;1;V;1;V;1;V;1;V;1;V;1;V;1;V;1;V;1;V;1;V;1;V;1;V;1;V;1;V;1;V;1;V;1;V;1;V
28;14;2;8;28014002_8_8;2025;5;4;5;V;5;V;4;V;2;V;3;V;4;V;4;V;4;V;3;V;2;V;2;V;2;V;2;V;2;V;2;V;2;V;2;V;2;V;2;V;4;V;6;V;6;V;4;V;3;V
28;14;2;10;28014002_10_49;2025;5;4;1;V;1;V;1;V;1;V;1;V;2;V;4;V;4;V;4;V;4;V;3;V;4;V;2;V;1;V;1;V;1;V;1;V;1;V;1;V;1;V;1;V;1;V;1;V;1;V
28;14;2;12;28014002_12_8;2025;5;4;7;V;7;V;6;V;4;V;5;V;6;V;6;V;6;V;5;V;4;V;4;V;4;V;4;V;4;V;4;V;4;V;4;V;4;V;4;V;6;V;8;V;8;V;6;V;5;V
28;14;2;14;28014002_14_6;2025;5;4;60;V;63;V;51;V;55;V;55;V;66;V;77;V;80;V;77;V;80;V;101;V;104;V;110;V;106;V;99;V;98;V;94;V;88;V;86;V;84;V;80;V;77;V;78;V;64;V
28;14;2;14;28014002_14_8;2025;5;4;67;V;60;V;60;V;65;V;65;V;58;V;59;V;61;V;71;V;83;V;94;V;94;V;95;V;94;V;93;V;94;V;93;V;90;V;90;V;82;V;74;V;73;V;68;V;67;V
28;148;4;7;28148004_7_8;2025;5;4;3;V;2;V;2;V;2;V;2;V;2;V;2;V;4;V;5;V;8;V;9;V;4;V;3;V;5;V;5;V;8;V;4;V;3;V;2;V;2;V;2;V;2;V;2;V;2;V
28;148;4;8;28148004_8_8;2025;5;4;7;V;6;V;4;V;3;V;3;V;4;V;7;V;11;V;9;V;12;V;12;V;7;V;5;V;10;V;7;V;11;V;8;V;6;V;6;V;8;V;11;V;13;V;10;V;7;V
28;148;4;9;28148004_9_49;2025;5;4;5;V;7;V;4;V;4;V;3;V;2;V;4;V;3;V;3;V;4;V;7;V;8;V;1;V;1;V;1;V;4;V;6;V;3;V;1;V;1;V;2;V;4;V;5;V;2;V
28;148;4;10;28148004_10_49;2025;5;4;11;V;11;V;10;V;11;V;13;V;11;V;10;V;10;V;10;V;9;V;6;V;5;V;3;V;3;V;3;V;6;V;8;V;7;V;6;V;6;V;5;V;6;V;7;V;9;V
28;148;4;12;28148004_12_8;2025;5;4;12;V;9;V;7;V;6;V;6;V;7;V;10;V;17;V;17;V;24;V;26;V;13;V;10;V;18;V;15;V;24;V;15;V;10;V;9;V;11;V;14;V;16;V;13;V;10;V
28;148;4;14;28148004_14_6;2025;5;4;63;V;61;V;56;V;53;V;57;V;57;V;57;V;52;V;61;V;71;V;80;V;84;V;87;V;82;V;81;V;80;V;83;V;80;V;80;V;77;V;68;V;60;V;58;V;54;V
28;16;1;1;28016001_1_38;2025;5;4;4;V;4;V;4;V;4;V;4;V;4;V;4;V;4;V;4;V;4;V;4;V;4;V;4;V;4;V;4;V;4;V;4;V;4;V;4;V;4;V;4;V;4;V;4;V;4;V
28;16;1;6;28016001_6_48;2025;5;4;0,1;V;0,1;V;0,1;V;0,1;V;0,1;V;0,1;V;0,1;V;0,1;V;0,1;V;0,1;V;0,1;V;0,1;V;0,1;V;0,1;V;0,1;V;0,1;V;0,1;V;0,1;V;0,1;V;0,1;V;0,1;V;0,1;V;0,1;V;0,1;V
28;16;1;7;28016001_7_8;2025;5;4;1;V;1;V;1;V;1;V;1;V;1;V;1;V;1;V;1;V;1;V;1;V;1;V;1;V;1;V;1;V;1;V;1;V;1;V;1;V;1;V;1;V;1;V;1;V;1;V
28;16;1;8;28016001_8_8;2025;5;4;1;V;1;V;1;V;1;V;1;V;2;V;2;V;2;V;1;V;1;V;1;V;1;V;1;V;1;V;1;V;1;V;1;V;1;V;2;V;1;V;2;V;1;V;1;V;2;V
28;16;1;9;28016001_9_49;2025;5;4;1;V;1;V;1;V;3;V;3;V;3;V;4;V;2;V;2;V;2;V;1;V;1;V;2;V;7;V;9;V;6;V;2;V;1;V;1;V;1;V;1;V;1;V;1;V;1;V
28;16;1;10;28016001_10_49;2025;5;4;1;V;1;V;4;V;3;V;2;V;2;V;2;V;2;V;1;V;1;V;1;V;1;V;1;V;1;V;1;V;2;V;1;V;1;V;1;V;1;V;2;V;1;V;1;V;1;V
28;16;1;12;28016001_12_8;2025;5;4;3;V;3;V;3;V;3;V;3;V;4;V;4;V;4;V;3;V;3;V;3;V;3;V;3;V;3;V;3;V;3;V;3;V;3;V;4;V;3;V;4;V;3;V;3;V;4;V
28;16;1;14;28016001_14_6;2025;5;4;83;V;75;V;76;V;76;V;66;V;59;V;58;V;66;V;73;V;72;V;76;V;84;V;78;V;81;V;80;V;75;V;74;V;73;V;70;V;74;V;71;V;69;V;65;V;59;V
28;16;1;20;28016001_20_59;2025;5;4;0,1;V;0,1;V;0,1;V;0,1;V;0,1;V;0,1;V;0,1;V;0,1;V;0,1;V;0,1;V;0,1;V;0,1;V;0,1;V;0,1;V;0,1;V;0,1;V;0,1;V;0,1;V;0,1;V;0,1;V;0,1;V;0,1;V;0,1;V;0,1;V
28;16;1;30;28016001_30_59;2025;5;4;0,1;V;0,1;V;0,1;V;0,1;V;0,1;V;0,1;V;0,1;V;0,1;V;0,1;V;0,1;V;0,1;V;0,1;V;0,1;V;0,1;V;0,1;V;0,1;V;0,1;V;0,1;V;0,1;V;0,1;V;0,1;V;0,1;V;0,1;V;0,1;V
28;16;1;42;28016001_42_2;2025;5;4;1,4;V;1,4;V;1,4;V;1,4;V;1,4;V;1,4;V;1,4;V;1,4;V;1,4;V;1,4;V;1,4;V;1,4;V;1,4;V;1,4;V;1,4;V;1,4;V;1,4;V;1,4;V;1,4;V;1,4;V;1,4;V;1,4;V;1,4;V;1,4;V
28;16;1;44;28016001_44_2;2025;5;4;0,1;V;0,1;V;0,1;V;0,1;V;0,1;V;0,1;V;0,1;V;0,1;V;0,1;V;0,1;V;0,1;V;0,1;V;0,1;V;0,1;V;0,1;V;0,1;V;0,1;V;0,1;V;0,1;V;0,1;V;0,1;V;0,1;V;0,1;V;0,1;V
28;16;1;431;28016001_431_59;2025;5;4;0,1;V;0,1;V;0,1;V;0,1;V;0,1;V;0,1;V;0,1;V;0,1;V;0,1;V;0,1;V;0,1;V;0,1;V;0,1;V;0,1;V;0,1;V;0,1;V;0,1;V;0,1;V;0,1;V;0,1;V;0,1;V;0,1;V;0,1;V;0,1;V
28;161;1;7;28161001_7_8;2025;5;4;1;V;1;V;1;V;1;V;1;V;1;V;1;V;1;V;1;V;1;V;1;V;1;V;1;V;1;V;1;V;1;V;1;V;1;V;1;V;1;V;1;V;1;V;1;V;1;V
28;161;1;8;28161001_8_8;2025;5;4;8;V;7;V;7;V;8;V;10;V;13;V;9;V;6;V;5;V;3;V;3;V;4;V;3;V;3;V;3;V;2;V;3;V;3;V;5;V;6;V;7;V;5;V;3;V;3;V
28;161;1;9;28161001_9_49;2025;5;4;4;V;7;V;6;V;6;V;3;V;3;V;5;V;5;V;4;V;4;V;4;V;5;V;3;V;2;V;2;V;2;V;2;V;2;V;1;V;2;V;3;V;3;V;2;V;3;V
28;161;1;12;28161001_12_8;2025;5;4;10;V;9;V;9;V;10;V;12;V;15;V;11;V;8;V;7;V;5;V;5;V;6;V;5;V;5;V;5;V;4;V;5;V;5;V;7;V;8;V;9;V;7;V;5;V;5;V
28;161;1;14;28161001_14_6;2025;5;4;61;V;58;V;59;V;58;V;50;V;52;V;54;V;57;V;73;V;81;V;81;V;81;V;82;V;82;V;81;V;82;V;80;V;79;V;73;V;70;V;66;V;68;V;70;V;70;V
28;171;1;1;28171001_1_38;2025;5;4;5;V;6;V;6;V;5;V;5;V;5;V;5;V;5;V;5;V;5;V;5;V;5;V;5;V;5;V;5;V;5;V;5;V;5;V;5;V;5;V;5;V;5;V;5;V;4;V
28;171;1;6;28171001_6_48;2025;5;4;0,8;V;0,8;V;0,8;V;0,8;V;0,8;V;0,8;V;0,9;V;0,9;V;0,9;V;0,9;V;0,9;V;0,9;V;0,9;V;0,9;V;1;V;1;V;1;V;1;V;0,9;V;0,9;V;1;V;1;V;1;V;1;V
28;171;1;7;28171001_7_8;2025;5;4;1;V;1;V;1;V;1;V;1;V;1;V;1;V;1;V;1;V;1;V;1;V;1;V;1;V;1;V;1;V;1;V;1;V;1;V;1;V;1;V;1;V;1;V;1;V;1;V
28;171;1;8;28171001_8_8;2025;5;4;2;V;1;V;1;V;1;V;2;V;2;V;2;V;1;V;1;V;1;V;1;V;1;V;1;V;2;V;1;V;1;V;1;V;1;V;1;V;2;V;2;V;2;V;1;V;1;V
28;171;1;9;28171001_9_49;2025;5;4;1;V;2;V;2;V;1;V;1;V;1;V;1;V;1;V;1;V;1;V;2;V;1;V;1;V;2;V;4;V;2;V;2;V;1;V;2;V;3;V;1;V;2;V;2;V;1;V
28;171;1;10;28171001_10_49;2025;5;4;1;V;1;V;1;V;1;V;1;V;1;V;1;V;1;V;1;V;2;V;2;V;1;V;1;V;3;V;3;V;2;V;1;V;1;V;1;V;1;V;1;V;1;V;1;V;1;V
28;171;1;12;28171001_12_8;2025;5;4;4;V;3;V;3;V;3;V;4;V;4;V;4;V;3;V;3;V;3;V;3;V;3;V;3;V;4;V;3;V;3;V;3;V;3;V;3;V;4;V;4;V;4;V;3;V;3;V
28;171;1;14;28171001_14_6;2025;5;4;26;V;24;V;20;V;57;V;58;V;57;V;64;V;63;V;67;V;70;V;79;V;75;V;82;V;77;V;80;V;73;V;75;V;78;V;79;V;72;V;60;V;51;V;42;V;47;V
28;180;1;7;28180001_7_8;2025;5;4;1;V;1;V;1;V;1;V;1;V;1;V;1;V;1;V;1;V;1;V;1;V;1;V;1;V;1;V;1;V;1;V;1;V;1;V;1;V;1;V;1;V;2;V;1;V;1;V
28;180;1;8;28180001_8_8;2025;5;4;3;V;3;V;2;V;2;V;3;V;4;V;3;V;4;V;4;V;5;V;4;V;4;V;7;V;4;V;5;V;4;V;4;V;5;V;7;V;10;V;9;V;10;V;4;V;4;V
28;180;1;9;28180001_9_49;2025;5;4;1;V;1;V;1;V;1;V;1;V;3;V;1;V;1;V;1;V;1;V;1;V;1;V;1;V;1;V;1;V;1;V;1;V;1;V;1;V;3;V;1;V;2;V;2;V;1;V
28;180;1;12;28180001_12_8;2025;5;4;5;V;5;V;4;V;4;V;5;V;6;V;5;V;6;V;6;V;8;V;6;V;7;V;9;V;6;V;7;V;6;V;6;V;7;V;9;V;12;V;11;V;12;V;6;V;6;V
28;180;1;14;28180001_14_6;2025;5;4;72;V;69;V;69;V;65;V;62;V;63;V;68;V;71;V;71;V;75;V;84;V;88;V;82;V;87;V;82;V;82;V;83;V;79;V;75;V;66;V;65;V;60;V;70;V;69;V
28;45;2;6;28045002_6_48;2025;5;4;0,5;V;0,5;V;0,5;V;0,5;V;0,5;V;0,5;V;0,5;V;0,5;V;0,5;V;0,5;V;0,5;V;0,5;V;0,5;V;0,5;V;0,5;V;0,5;V;0,5;V;0,5;V;0,8;V;0,7;V;0,5;V;0,5;V;0,6;V;0,5;V
28;45;2;7;28045002_7_8;2025;5;4;1;V;1;V;1;V;1;V;1;V;1;V;1;V;1;V;1;V;2;V;2;V;1;V;1;V;1;V;1;V;1;V;1;V;1;V;1;V;1;V;1;V;1;V;1;V;1;V
28;45;2;8;28045002_8_8;2025;5;4;2;V;3;V;4;V;3;V;3;V;3;V;4;V;4;V;4;V;5;V;5;V;4;V;4;V;2;V;2;V;3;V;3;V;4;V;10;V;8;V;7;V;8;V;6;V;5;V
28;45;2;10;28045002_10_49;2025;5;4;4;V;4;V;5;V;6;V;6;V;6;V;4;V;3;V;3;V;3;V;2;V;2;V;3;V;3;V;2;V;2;V;3;V;5;V;4;V;5;V;5;V;5;V;5;V;6;V
28;45;2;12;28045002_12_8;2025;5;4;4;V;5;V;6;V;5;V;5;V;5;V;6;V;6;V;6;V;8;V;7;V;7;V;6;V;4;V;4;V;5;V;5;V;6;V;12;V;10;V;9;V;10;V;8;V;7;V
28;45;2;14;28045002_14_6;2025;5;4;81;V;82;V;79;V;76;V;76;V;77;V;84;V;79;V;79;V;77;V;84;V;89;V;92;V;91;V;92;V;88;V;85;V;89;V;90;V;78;V;69;V;65;V;55;V;66;V
28;47;2;1;28047002_1_38;2025;5;4;2;V;2;V;2;V;2;V;2;V;2;V;2;V;2;V;2;V;2;V;2;V;2;V;2;V;2;V;2;V;2;V;2;V;2;V;2;V;2;V;2;V;2;V;2;V;2;V
28;47;2;7;28047002_7_8;2025;5;4;1;V;1;V;1;V;1;V;1;V;1;V;1;V;1;V;1;V;1;V;1;V;1;V;1;V;1;V;1;V;1;V;1;V;2;V;2;V;1;V;2;V;1;V;1;V;1;V
28;47;2;8;28047002_8_8;2025;5;4;11;V;9;V;6;V;4;V;4;V;4;V;5;V;5;V;5;V;4;V;4;V;5;V;4;V;3;V;3;V;3;V;8;V;19;V;16;V;22;V;33;V;14;V;8;V;4;V
28;47;2;9;28047002_9_49;2025;5;4;5;V;3;V;2;V;3;V;2;V;3;V;3;V;3;V;3;V;4;V;7;V;4;V;2;V;4;V;3;V;2;V;2;V;2;V;1;V;2;V;3;V;5;V;4;V;2;V
28;47;2;12;28047002_12_8;2025;5;4;13;V;11;V;8;V;6;V;6;V;6;V;7;V;7;V;7;V;6;V;6;V;7;V;6;V;5;V;5;V;5;V;10;V;21;V;18;V;24;V;35;V;16;V;10;V;6;V
28;47;2;14;28047002_14_6;2025;5;4;64;V;67;V;69;V;67;V;68;V;65;V;68;V;71;V;69;V;74;V;80;V;77;V;81;V;83;V;82;V;80;V;79;V;69;V;68;V;49;V;35;V;65;V;69;V;76;V
28;47;2;20;28047002_20_59;2025;5;4;0,8;V;0,3;V;0,2;V;0,2;V;0,3;V;0,2;V;0,2;V;0,3;V;0,6;V;3,2;V;0,5;V;0,3;V;0,7;V;0,5;V;0,2;V;0,4;V;0,2;V;0,2;V;0,2;V;0,5;V;0,3;V;0,3;V;0,1;V;0,1;V
28;47;2;30;28047002_30_59;2025;5;4;0,2;V;0,1;V;0,1;V;0,1;V;0,1;V;0,1;V;0,1;V;0,1;V;0,1;V;0,1;V;0,1;V;0,1;V;0,1;V;0,1;V;0,1;V;0,1;V;0,1;V;0,1;V;0,2;V;0,2;V;0,3;V;0,2;V;0,1;V;0,1;V
28;47;2;42;28047002_42_2;2025;5;4;1,4;V;1,3;V;1,3;V;1,3;V;1,3;V;1,3;V;1,3;V;1,3;V;1,3;V;1,3;V;1,3;V;1,3;V;1,3;V;1,3;V;1,3;V;1,3;V;1,3;V;1,3;V;1,3;V;1,3;V;1,3;V;1,3;V;1,3;V;1,3;V
28;47;2;44;28047002_44_2;2025;5;4;0,1;V;0,1;V;0,1;V;0,1;V;0,1;V;0,1;V;0,1;V;0,1;V;0,1;V;0,1;V;0,1;V;0,1;V;0,1;V;0,1;V;0,1;V;0,1;V;0,1;V;0,1;V;0,1;V;0,1;V;0,1;V;0,1;V;0,1;V;0,1;V
28;47;2;431;28047002_431_59;2025;5;4;0,3;V;0,1;V;0,1;V;0,1;V;0,2;V;0,2;V;0,1;V;0,1;V;0,1;V;0,2;V;0,1;V;0,1;V;0,1;V;0,1;V;0,1;V;0,1;V;0,1;V;0,1;V;0,1;V;0,2;V;0,1;V;0,1;V;0,1;V;0,1;V
28;49;3;7;28049003_7_8;2025;5;4;1;V;1;V;1;V;1;V;1;V;1;V;1;V;1;V;1;V;1;V;1;V;1;V;1;V;1;V;1;V;1;V;1;V;1;V;1;V;1;V;1;V;1;V;1;V;1;V
28;49;3;8;28049003_8_8;2025;5;4;8;V;8;V;9;V;8;V;7;V;9;V;7;V;8;V;7;V;6;V;5;V;5;V;5;V;5;V;4;V;3;V;4;V;5;V;8;V;9;V;9;V;9;V;6;V;5;V
28;49;3;9;28049003_9_49;2025;5;4;5;V;1;V;3;V;9;V;8;V;5;V;7;V;3;V;3;V;2;V;3;V;4;V;9;V;2;V;1;V;3;V;6;V;2;V;2;V;1;V;1;V;3;V;2;V;4;V
28;49;3;10;28049003_10_49;2025;5;4;5;V;6;V;5;V;5;V;8;V;8;V;7;V;6;V;5;V;3;V;3;V;4;V;4;V;2;V;2;V;3;V;16;V;14;V;3;V;1;V;1;V;1;V;1;V;1;V
28;49;3;12;28049003_12_8;2025;5;4;10;V;10;V;11;V;10;V;9;V;11;V;9;V;10;V;9;V;9;V;7;V;7;V;7;V;7;V;6;V;5;V;6;V;7;V;10;V;11;V;11;V;11;V;8;V;7;V
28;49;3;14;28049003_14_6;2025;5;4;61;V;60;V;53;V;51;V;52;V;52;V;57;V;53;V;65;V;76;V;81;V;78;V;82;V;78;V;78;V;81;V;79;V;76;V;73;V;71;V;66;V;62;V;62;V;61;V
28;5;2;1;28005002_1_38;2025;5;4;5;V;5;V;5;V;5;V;5;V;5;V;5;V;5;V;5;V;5;V;5;V;5;V;5;V;5;V;5;V;5;V;5;V;5;V;5;V;5;V;5;V;5;V;5;V;5;V
28;5;2;6;28005002_6_48;2025;5;4;0,7;V;0,7;V;0,7;V;0,7;V;0,7;V;0,7;V;0,7;V;0,8;V;0,8;V;0,8;V;0,8;V;0,7;V;0,7;V;0,7;V;0,7;V;0,7;V;0,7;V;0,7;V;0,7;V;0,8;V;0,8;V;0,8;V;0,8;V;0,8;V
28;5;2;7;28005002_7_8;2025;5;4;1;V;1;V;1;V;1;V;1;V;1;V;1;V;1;V;1;V;1;V;1;V;1;V;1;V;1;V;1;V;1;V;1;V;1;V;1;V;1;V;1;V;1;V;1;V;1;V
28;5;2;8;28005002_8_8;2025;5;4;7;V;7;V;7;V;10;V;7;V;8;V;6;V;5;V;5;V;4;V;5;V;4;V;3;V;4;V;3;V;3;V;3;V;5;V;6;V;9;V;11;V;10;V;8;V;7;V
28;5;2;9;28005002_9_49;2025;5;4;7;V;11;V;7;V;5;V;4;V;5;V;16;V;10;V;4;V;2;V;1;V;1;V;1;V;1;V;1;V;1;V;2;V;3;V;14;V;13;V;4;V;2;V;1;V;1;V
28;5;2;10;28005002_10_49;2025;5;4;3;V;5;V;7;V;8;V;11;V;11;V;8;V;10;V;9;V;9;V;3;V;7;V;12;V;7;V;5;V;7;V;6;V;6;V;7;V;7;V;6;V;8;V;8;V;6;V
28;5;2;12;28005002_12_8;2025;5;4;9;V;9;V;9;V;12;V;9;V;10;V;8;V;7;V;7;V;6;V;7;V;6;V;5;V;6;V;5;V;5;V;5;V;7;V;8;V;11;V;13;V;12;V;10;V;9;V
28;5;2;14;28005002_14_6;2025;5;4;62;V;61;V;59;V;52;V;54;V;58;V;59;V;55;V;59;V;71;V;80;V;88;V;89;V;83;V;83;V;84;V;84;V;79;V;75;V;72;V;64;V;62;V;57;V;52;V
28;58;4;7;28058004_7_8;2025;5;4;1;V;1;V;1;V;1;V;1;V;1;V;2;V;2;V;1;V;1;V;2;V;1;V;2;V;1;V;1;V;2;V;1;V;1;V;1;V;1;V;1;V;1;V;1;V;1;V
28;58;4;8;28058004_8_8;2025;5;4;6;V;5;V;3;V;4;V;5;V;4;V;4;V;6;V;4;V;4;V;6;V;5;V;5;V;4;V;3;V;5;V;4;V;4;V;5;V;6;V;6;V;4;V;3;V;2;V
28;58;4;10;28058004_10_49;2025;5;4;10;V;5;V;1;V;2;V;31;V;37;V;30;V;15;V;1;V;1;V;1;V;1;V;5;V;13;V;13;V;22;V;43;V;1;V;1;V;5;V;36;V;;N;35;V;19;V
28;58;4;12;28058004_12_8;2025;5;4;8;V;7;V;5;V;6;V;7;V;6;V;7;V;9;V;6;V;6;V;10;V;7;V;8;V;6;V;5;V;7;V;6;V;6;V;7;V;8;V;8;V;6;V;5;V;4;V
28;58;4;14;28058004_14_6;2025;5;4;59;V;52;V;50;V;49;V;51;V;58;V;60;V;68;V;71;V;79;V;76;V;78;V;80;V;78;V;80;V;80;V;79;V;78;V;76;V;70;V;64;V;63;V;61;V;62;V
28;58;4;20;28058004_20_59;2025;5;4;0,2;V;0,6;V;0,7;V;0,3;V;0,5;V;0,5;V;0,2;V;0,1;V;0,1;V;0,1;V;0,1;V;0,2;V;0,1;V;0,1;V;0,1;V;0,1;V;0,1;V;0,1;V;0,6;V;0,1;V;0,1;V;0,1;V;0,1;V;0,1;V
28;58;4;30;28058004_30_59;2025;5;4;0,1;V;0,3;V;0,1;V;0,1;V;0,1;V;0,1;V;0,1;V;0,1;V;0,1;V;0,1;V;0,1;V;0,1;V;0,1;V;0,1;V;0,1;V;0,1;V;0,1;V;0,1;V;0,2;V;0,1;V;0,1;V;0,1;V;0,1;V;0,1;V
28;58;4;42;28058004_42_2;2025;5;4;1,4;V;1,4;V;1,4;V;1,4;V;1,4;V;1,4;V;1,4;V;1,4;V;1,4;V;1,4;V;1,4;V;1,4;V;1,3;V;1,3;V;1,3;V;1,3;V;1,3;V;1,3;V;1,3;V;1,4;V;1,4;V;1,4;V;1,4;V;1,4;V
28;58;4;44;28058004_44_2;2025;5;4;0,1;V;0,1;V;0,1;V;0,1;V;0,1;V;0,1;V;0,1;V;0,1;V;0,1;V;0,1;V;0,1;V;0,1;V;0,1;V;0,1;V;0,1;V;0,1;V;0,1;V;0,1;V;0,1;V;0,1;V;0,1;V;0,1;V;0,1;V;0,1;V
28;58;4;431;28058004_431_59;2025;5;4;0,1;V;0,2;V;0,1;V;0,1;V;0,1;V;0,1;V;0,1;V;0,1;V;0,1;V;0,1;V;0,1;V;0,1;V;0,1;V;0,1;V;0,1;V;0,1;V;0,1;V;0,1;V;0,2;V;0,1;V;0,1;V;0,1;V;0,1;V;0,1;V
28;6;4;7;28006004_7_8;2025;5;4;2;V;2;V;2;V;2;V;2;V;2;V;2;V;2;V;2;V;2;V;2;V;2;V;2;V;2;V;2;V;2;V;2;V;2;V;2;V;2;V;2;V;2;V;2;V;2;V
28;6;4;8;28006004_8_8;2025;5;4;6;V;7;V;7;V;4;V;5;V;1;V;3;V;2;V;2;V;1;V;1;V;1;V;1;V;1;V;1;V;1;V;1;V;1;V;2;V;4;V;7;V;6;V;5;V;3;V
28;6;4;10;28006004_10_49;2025;5;4;2;V;1;V;2;V;4;V;4;V;5;V;2;V;1;V;2;V;1;V;1;V;1;V;1;V;1;V;1;V;2;V;3;V;1;V;1;V;3;V;2;V;4;V;5;V;3;V
28;6;4;12;28006004_12_8;2025;5;4;9;V;10;V;10;V;7;V;8;V;4;V;6;V;5;V;5;V;4;V;4;V;4;V;4;V;4;V;4;V;4;V;4;V;4;V;5;V;7;V;10;V;9;V;8;V;6;V
28;6;4;14;28006004_14_6;2025;5;4;62;V;57;V;53;V;51;V;48;V;65;V;60;V;62;V;66;V;75;V;76;V;79;V;80;V;80;V;78;V;78;V;80;V;76;V;74;V;64;V;57;V;52;V;52;V;50;V
28;6;4;20;28006004_20_59;2025;5;4;0,7;V;0,9;V;0,9;V;0,7;V;0,6;V;0,4;V;0,1;V;0,3;V;0,1;V;0,2;V;0,1;V;0,1;V;0,1;V;0,1;V;0,1;V;0,1;V;0,1;V;0,1;V;0,1;V;0,1;V;0,2;V;0,2;V;0,3;V;0,2;V
28;6;4;30;28006004_30_59;2025;5;4;0,1;V;0,1;V;0,1;V;0,1;V;0,1;V;0,1;V;0,1;V;0,1;V;0,1;V;0,1;V;0,1;V;0,1;V;0,1;V;0,1;V;0,1;V;0,1;V;0,1;V;0,1;V;0,1;V;0,1;V;0,1;V;0,1;V;0,1;V;0,1;V
28;6;4;42;28006004_42_2;2025;5;4;1,3;V;1,3;V;1,3;V;1,3;V;1,3;V;1,3;V;1,3;V;1,3;V;1,3;V;1,2;V;1,3;V;1,3;V;1,3;V;1,3;V;1,3;V;1,3;V;1,3;V;1,3;V;1,3;V;1,3;V;1,3;V;1,3;V;1,3;V;1,3;V
28;6;4;44;28006004_44_2;2025;5;4;0,1;V;0,1;V;0,1;V;0,1;V;0,1;V;0,1;V;0,1;V;0,1;V;0,1;V;0,1;V;0,1;V;0,1;V;0,1;V;0,1;V;0,1;V;0,1;V;0,1;V;0,1;V;0,1;V;0,1;V;0,1;V;0,1;V;0,1;V;0,1;V
28;6;4;431;28006004_431_59;2025;5;4;0,3;V;0,4;V;0,3;V;0,4;V;0,4;V;0,3;V;0,2;V;0,3;V;0,2;V;0,2;V;0,2;V;0,2;V;0,2;V;0,2;V;0,2;V;0,2;V;0,2;V;0,2;V;0,2;V;0,1;V;0,2;V;0,2;V;0,3;V;0,2;V
28;65;14;7;28065014_7_8;2025;5;4;1;V;1;V;1;V;1;V;1;V;1;V;1;V;1;V;2;V;1;V;1;V;2;V;1;V;2;V;1;V;1;V;2;V;1;V;1;V;2;V;2;V;1;V;1;V;1;V
28;65;14;8;28065014_8_8;2025;5;4;7;V;8;V;9;V;8;V;5;V;8;V;6;V;6;V;7;V;4;V;5;V;7;V;6;V;7;V;4;V;4;V;6;V;6;V;7;V;10;V;9;V;6;V;5;V;5;V
28;65;14;9;28065014_9_49;2025;5;4;17;V;2;V;2;V;3;V;3;V;1;V;1;V;1;V;2;V;9;V;;N;14;V;2;V;2;V;1;V;3;V;1;V;3;V;3;V;3;V;2;V;3;V;5;V;2;V
28;65;14;10;28065014_10_49;2025;5;4;1;V;1;V;1;V;3;V;17;V;15;V;5;V;1;V;1;V;9;V;26;V;28;V;24;V;21;V;17;V;15;V;12;V;8;V;6;V;4;V;1;V;1;V;2;V;4;V
28;65;14;12;28065014_12_8;2025;5;4;9;V;10;V;11;V;10;V;7;V;10;V;8;V;8;V;10;V;7;V;8;V;10;V;9;V;10;V;6;V;6;V;8;V;8;V;9;V;13;V;12;V;8;V;7;V;8;V
28;65;14;14;28065014_14_6;2025;5;4;56;V;49;V;44;V;44;V;50;V;51;V;51;V;60;V;71;V;78;V;80;V;78;V;80;V;78;V;79;V;81;V;78;V;77;V;74;V;71;V;66;V;65;V;62;V;61;V
28;67;1;7;28067001_7_8;2025;5;4;1;V;1;V;1;V;1;V;1;V;1;V;1;V;1;V;1;V;1;V;1;V;1;V;1;V;1;V;1;V;1;V;1;V;1;V;1;V;1;V;1;V;1;V;1;V;1;V
28;67;1;8;28067001_8_8;2025;5;4;2;V;3;V;2;V;1;V;1;V;2;V;1;V;1;V;1;V;1;V;1;V;1;V;1;V;1;V;2;V;2;V;3;V;2;V;3;V;8;V;8;V;3;V;3;V;2;V
28;67;1;10;28067001_10_49;2025;5;4;10;V;11;V;13;V;13;V;9;V;6;V;4;V;3;V;4;V;4;V;3;V;3;V;4;V;2;V;4;V;4;V;4;V;4;V;5;V;7;V;9;V;11;V;11;V;13;V
28;67;1;12;28067001_12_8;2025;5;4;4;V;5;V;4;V;3;V;3;V;4;V;3;V;3;V;3;V;3;V;3;V;3;V;3;V;3;V;4;V;4;V;5;V;4;V;5;V;10;V;11;V;5;V;5;V;4;V
28;67;1;14;28067001_14_6;2025;5;4;28;V;18;V;36;V;56;V;60;V;54;V;70;V;74;V;76;V;75;V;75;V;82;V;82;V;74;V;73;V;77;V;68;V;68;V;54;V;37;V;21;V;18;V;23;V;21;V
28;7;4;7;28007004_7_8;2025;5;4;1;V;1;V;1;V;1;V;1;V;1;V;1;V;1;V;1;V;1;V;1;V;1;V;1;V;1;V;1;V;1;V;1;V;1;V;1;V;1;V;1;V;1;V;1;V;1;V
28;7;4;8;28007004_8_8;2025;5;4;3;V;4;V;4;V;3;V;3;V;3;V;3;V;3;V;3;V;2;V;3;V;3;V;4;V;3;V;2;V;3;V;3;V;4;V;5;V;9;V;9;V;7;V;3;V;2;V
28;7;4;9;28007004_9_49;2025;5;4;1;V;3;V;4;V;3;V;3;V;1;V;1;V;2;V;2;V;2;V;2;V;9;V;7;V;2;V;3;V;3;V;5;V;4;V;1;V;3;V;1;V;2;V;3;V;1;V
28;7;4;12;28007004_12_8;2025;5;4;5;V;6;V;6;V;5;V;5;V;5;V;5;V;5;V;5;V;4;V;5;V;5;V;6;V;5;V;4;V;5;V;5;V;6;V;7;V;11;V;11;V;9;V;5;V;4;V
28;7;4;14;28007004_14_6;2025;5;4;61;V;55;V;54;V;56;V;60;V;60;V;65;V;72;V;75;V;78;V;79;V;82;V;80;V;78;V;80;V;82;V;77;V;79;V;76;V;67;V;61;V;59;V;63;V;61;V
28;74;7;7;28074007_7_8;2025;5;4;3;V;2;V;2;V;2;V;2;V;2;V;2;V;3;V;4;V;4;V;3;V;3;V;3;V;2;V;2;V;2;V;3;V;3;V;2;V;3;V;3;V;3;V;3;V;3;V
28;74;7;8;28074007_8_8;2025;5;4;10;V;10;V;9;V;7;V;9;V;8;V;6;V;6;V;6;V;5;V;5;V;5;V;6;V;4;V;3;V;4;V;4;V;6;V;7;V;10;V;10;V;6;V;5;V;6;V
28;74;7;9;28074007_9_49;2025;5;4;6;V;8;V;7;V;5;V;5;V;5;V;6;V;5;V;3;V;2;V;1;V;1;V;2;V;4;V;4;V;4;V;5;V;4;V;5;V;5;V;4;V;4;V;4;V;4;V
28;74;7;10;28074007_10_49;2025;5;4;3;V;3;V;4;V;7;V;7;V;8;V;9;V;7;V;4;V;2;V;1;V;1;V;2;V;2;V;3;V;3;V;3;V;3;V;2;V;3;V;4;V;5;V;3;V;2;V
28;74;7;12;28074007_12_8;2025;5;4;14;V;13;V;12;V;10;V;12;V;11;V;9;V;11;V;12;V;10;V;10;V;10;V;10;V;7;V;6;V;7;V;8;V;10;V;10;V;14;V;15;V;11;V;9;V;10;V
28;74;7;14;28074007_14_6;2025;5;4;55;V;51;V;47;V;52;V;51;V;58;V;62;V;66;V;71;V;73;V;75;V;78;V;77;V;77;V;78;V;80;V;76;V;74;V;72;V;66;V;60;V;60;V;59;V;56;V
28;80;3;7;28080003_7_8;2025;5;4;1;V;1;V;1;V;1;V;1;V;1;V;1;V;1;V;1;V;1;V;1;V;1;V;1;V;1;V;1;V;1;V;1;V;1;V;1;V;1;V;1;V;1;V;1;V;1;V
28;80;3;8;28080003_8_8;2025;5;4;5;V;6;V;4;V;2;V;2;V;2;V;2;V;3;V;2;V;2;V;2;V;2;V;2;V;2;V;2;V;2;V;2;V;2;V;3;V;5;V;4;V;3;V;2;V;2;V
28;80;3;10;28080003_10_49;2025;5;4;5;V;4;V;3;V;4;V;2;V;2;V;2;V;1;V;1;V;1;V;3;V;2;V;1;V;1;V;1;V;1;V;1;V;1;V;1;V;1;V;1;V;1;V;1;V;1;V
28;80;3;12;28080003_12_8;2025;5;4;7;V;8;V;6;V;4;V;4;V;4;V;4;V;5;V;4;V;4;V;4;V;4;V;4;V;4;V;4;V;4;V;4;V;4;V;5;V;7;V;6;V;5;V;4;V;4;V
28;80;3;14;28080003_14_6;2025;5;4;44;V;43;V;51;V;40;V;59;V;65;V;70;V;71;V;75;V;74;V;76;V;79;V;80;V;79;V;76;V;82;V;78;V;77;V;74;V;69;V;66;V;65;V;63;V;55;V
28;9;1;7;28009001_7_8;2025;5;4;1;V;1;V;1;V;1;V;1;V;1;V;1;V;1;V;1;V;1;V;1;V;1;V;1;V;1;V;1;V;1;V;1;V;1;V;1;V;1;V;1;V;1;V;1;V;1;V
28;9;1;8;28009001_8_8;2025;5;4;6;V;5;V;5;V;6;V;5;V;8;V;9;V;11;V;11;V;7;V;4;V;3;V;3;V;3;V;2;V;3;V;3;V;4;V;4;V;6;V;4;V;6;V;7;V;7;V
28;9;1;9;28009001_9_49;2025;5;4;1;V;1;V;3;V;2;V;3;V;3;V;5;V;4;V;2;V;1;V;1;V;1;V;1;V;1;V;1;V;1;V;1;V;1;V;2;V;2;V;1;V;1;V;1;V;1;V
28;9;1;12;28009001_12_8;2025;5;4;8;V;7;V;7;V;8;V;7;V;10;V;11;V;13;V;13;V;9;V;6;V;5;V;5;V;5;V;4;V;5;V;5;V;6;V;6;V;8;V;6;V;8;V;9;V;9;V
28;9;1;14;28009001_14_6;2025;5;4;72;V;69;V;64;V;56;V;55;V;53;V;56;V;52;V;60;V;74;V;86;V;90;V;90;V;90;V;88;V;84;V;86;V;83;V;81;V;77;V;70;V;67;V;61;V;54;V
28;92;5;1;28092005_1_38;2025;5;4;3;V;3;V;3;V;3;V;3;V;3;V;3;V;3;V;3;V;3;V;3;V;3;V;3;V;3;V;3;V;3;V;3;V;3;V;3;V;3;V;3;V;3;V;3;V;3;V
28;92;5;6;28092005_6_48;2025;5;4;0,4;V;0,4;V;0,4;V;0,4;V;0,6;V;0,4;V;0,4;V;0,4;V;0,4;V;0,4;V;0,3;V;0,3;V;0,3;V;0,3;V;0,3;V;0,3;V;0,3;V;0,3;V;0,3;V;0,3;V;0,3;V;0,4;V;0,4;V;0,3;V
28;92;5;7;28092005_7_8;2025;5;4;3;V;3;V;3;V;2;V;2;V;3;V;3;V;4;V;4;V;4;V;3;V;3;V;3;V;3;V;2;V;2;V;3;V;2;V;2;V;2;V;2;V;3;V;5;V;5;V
28;92;5;8;28092005_8_8;2025;5;4;6;V;6;V;6;V;3;V;4;V;6;V;4;V;7;V;8;V;5;V;4;V;4;V;4;V;3;V;2;V;3;V;4;V;4;V;4;V;10;V;9;V;9;V;9;V;15;V
28;92;5;10;28092005_10_49;2025;5;4;6;V;5;V;8;V;4;V;6;V;19;V;7;V;1;V;1;V;2;V;3;V;2;V;2;V;2;V;6;V;4;V;3;V;2;V;1;V;3;V;3;V;3;V;4;V;2;V
28;92;5;12;28092005_12_8;2025;5;4;10;V;10;V;11;V;6;V;8;V;11;V;8;V;13;V;14;V;11;V;9;V;8;V;9;V;7;V;5;V;6;V;9;V;7;V;7;V;13;V;12;V;14;V;17;V;22;V
28;92;5;14;28092005_14_6;2025;5;4;60;V;59;V;56;V;59;V;62;V;53;V;65;V;71;V;73;V;79;V;82;V;87;V;85;V;84;V;86;V;87;V;83;V;84;V;82;V;70;V;65;V;62;V;60;V;48;V
28;102;1;1;28102001_1_38;2025;5;5;4;V;4;V;4;V;4;V;4;V;4;V;4;V;4;V;4;V;4;V;4;V;4;V;4;V;4;V;4;V;4;V;4;V;4;V;4;V;4;V;4;V;4;V;4;V;4;V
28;102;1;6;28102001_6_48;2025;5;5;0,4;V;0,3;V;0,3;V;0,4;V;0,3;V;0,4;V;0,4;V;0,3;V;0,4;V;0,4;V;0,4;V;0,4;V;0,3;V;0,3;V;0,4;V;0,3;V;0,3;V;0,4;V;0,3;V;0,4;V;0,4;V;0,3;V;0,3;V;0,4;V
28;102;1;7;28102001_7_8;2025;5;5;1;V;1;V;1;V;1;V;1;V;1;V;1;V;1;V;1;V;1;V;1;V;1;V;1;V;1;V;1;V;1;V;1;V;1;V;1;V;1;V;1;V;1;V;1;V;1;V
28;102;1;8;28102001_8_8;2025;5;5;2;V;2;V;3;V;10;V;8;V;9;V;6;V;6;V;5;V;5;V;5;V;4;V;2;V;3;V;2;V;1;V;3;V;5;V;3;V;3;V;4;V;3;V;1;V;1;V
28;102;1;10;28102001_10_49;2025;5;5;1;V;1;V;1;V;1;V;1;V;2;V;2;V;3;V;4;V;3;V;3;V;1;V;2;V;1;V;1;V;1;V;1;V;1;V;1;V;1;V;1;V;1;V;1;V;2;V
28;102;1;12;28102001_12_8;2025;5;5;4;V;4;V;5;V;12;V;10;V;11;V;8;V;8;V;7;V;7;V;7;V;6;V;4;V;5;V;4;V;3;V;5;V;7;V;5;V;5;V;6;V;5;V;3;V;3;V
28;102;1;14;28102001_14_6;2025;5;5;57;V;57;V;58;V;50;V;51;V;50;V;55;V;59;V;63;V;68;V;72;V;77;V;78;V;81;V;79;V;87;V;78;V;63;V;59;V;57;V;51;V;46;V;59;V;61;V
28;106;1;7;28106001_7_8;2025;5;5;1;V;1;V;1;V;1;V;1;V;1;V;3;V;2;V;1;V;1;V;2;V;1;V;3;V;3;V;4;V;3;V;3;V;4;V;6;V;2;V;1;V;1;V;1;V;1;V
28;106;1;8;28106001_8_8;2025;5;5;3;V;3;V;4;V;7;V;11;V;15;V;14;V;9;V;7;V;6;V;6;V;9;V;26;V;21;V;24;V;24;V;22;V;43;V;46;V;30;V;22;V;32;V;21;V;17;V
28;106;1;9;28106001_9_49;2025;5;5;7;V;7;V;6;V;5;V;3;V;4;V;4;V;5;V;5;V;6;V;5;V;5;V;5;V;4;V;4;V;4;V;5;V;4;V;5;V;6;V;6;V;8;V;8;V;7;V
28;106;1;12;28106001_12_8;2025;5;5;5;V;5;V;6;V;9;V;14;V;17;V;18;V;13;V;10;V;9;V;9;V;11;V;30;V;25;V;31;V;28;V;26;V;50;V;55;V;33;V;25;V;34;V;23;V;19;V
28;106;1;14;28106001_14_6;2025;5;5;60;V;59;V;55;V;53;V;53;V;48;V;48;V;57;V;63;V;69;V;73;V;72;V;59;V;66;V;68;V;63;V;67;V;39;V;32;V;48;V;46;V;31;V;42;V;51;V
28;115;3;7;28115003_7_8;2025;5;5;1;V;1;V;1;V;1;V;1;V;2;V;8;V;6;V;2;V;2;V;2;V;2;V;3;V;4;V;4;V;4;V;2;V;1;V;2;V;3;V;7;V;1;V;1;V;1;V
28;115;3;8;28115003_8_8;2025;5;5;2;V;2;V;2;V;3;V;7;V;13;V;22;V;17;V;9;V;8;V;10;V;15;V;16;V;18;V;14;V;21;V;14;V;24;V;38;V;51;V;45;V;13;V;4;V;5;V
28;115;3;9;28115003_9_49;2025;5;5;1;V;1;V;1;V;3;V;5;V;6;V;6;V;4;V;4;V;5;V;3;V;3;V;1;V;1;V;1;V;2;V;2;V;1;V;2;V;4;V;8;V;10;V;10;V;6;V
28;115;3;12;28115003_12_8;2025;5;5;4;V;4;V;4;V;5;V;9;V;15;V;34;V;26;V;12;V;11;V;13;V;18;V;20;V;24;V;20;V;28;V;17;V;27;V;42;V;56;V;55;V;16;V;6;V;7;V
28;115;3;14;28115003_14_6;2025;5;5;43;V;39;V;36;V;36;V;32;V;26;V;23;V;32;V;44;V;54;V;53;V;53;V;55;V;53;V;63;V;52;V;60;V;52;V;39;V;21;V;8;V;51;V;63;V;59;V
28;120;1;7;28120001_7_8;2025;5;5;1;V;1;V;1;V;1;V;1;V;1;V;1;V;1;V;1;V;4;V;1;V;3;V;2;V;1;V;1;V;1;V;1;V;1;V;1;V;1;V;1;V;1;V;1;V;1;V
28;120;1;8;28120001_8_8;2025;5;5;1;V;1;V;1;V;1;V;1;V;1;V;1;V;1;V;1;V;3;V;2;V;2;V;1;V;1;V;1;V;1;V;1;V;1;V;1;V;1;V;1;V;1;V;1;V;1;V
28;120;1;9;28120001_9_49;2025;5;5;9;V;11;V;1;V;11;V;3;V;20;V;1;V;21;V;8;V;14;V;9;V;1;V;5;V;22;V;7;V;2;V;3;V;5;V;6;V;16;V;3;V;24;V;1;V;1;V
28;120;1;10;28120001_10_49;2025;5;5;3;V;6;V;1;V;6;V;1;V;5;V;1;V;5;V;4;V;5;V;5;V;2;V;2;V;9;V;2;V;1;V;1;V;2;V;2;V;5;V;2;V;7;V;1;V;1;V
28;120;1;12;28120001_12_8;2025;5;5;3;V;3;V;3;V;3;V;3;V;3;V;3;V;3;V;3;V;9;V;4;V;6;V;4;V;3;V;3;V;3;V;3;V;3;V;3;V;3;V;3;V;3;V;3;V;3;V
28;120;1;14;28120001_14_6;2025;5;5;94;V;95;V;93;V;91;V;97;V;93;V;94;V;93;V;91;V;90;V;95;V;93;V;96;V;94;V;99;V;99;V;95;V;92;V;88;V;86;V;93;V;87;V;87;V;86;V
28;123;2;7;28123002_7_8;2025;5;5;1;V;1;V;1;V;1;V;1;V;3;V;10;V;9;V;7;V;;N;;N;2;V;5;V;4;V;7;V;1;V;6;V;5;V;12;V;4;V;3;V;2;V;1;V;1;V
28;123;2;8;28123002_8_8;2025;5;5;8;V;6;V;7;V;8;V;9;V;27;V;37;V;27;V;21;V;;N;;N;22;V;19;V;17;V;16;V;8;V;28;V;32;V;38;V;35;V;24;V;10;V;7;V;5;V
28;123;2;10;28123002_10_49;2025;5;5;7;V;8;V;6;V;6;V;24;V;13;V;3;V;5;V;2;V;2;V;4;V;4;V;10;V;2;V;1;V;1;V;1;V;3;V;2;V;7;V;8;V;6;V;5;V;5;V
28;123;2;12;28123002_12_8;2025;5;5;10;V;8;V;9;V;10;V;11;V;31;V;52;V;40;V;32;V;;N;;N;26;V;26;V;23;V;26;V;10;V;38;V;40;V;57;V;41;V;29;V;13;V;9;V;7;V
28;123;2;14;28123002_14_6;2025;5;5;52;V;49;V;47;V;46;V;43;V;25;V;20;V;;N;;N;;N;;N;58;V;63;V;65;V;66;V;80;V;56;V;52;V;36;V;32;V;38;V;63;V;54;V;52;V
28;123;2;14;28123002_14_8;2025;5;5;51;V;48;V;47;V;44;V;42;V;24;V;19;V;;N;;N;54;V;66;V;58;V;61;V;64;V;64;V;79;V;55;V;50;V;35;V;31;V;37;V;61;V;54;V;51;V
28;127;4;7;28127004_7_8;2025;5;5;1;V;1;V;1;V;1;V;1;V;4;V;3;V;4;V;3;V;3;V;2;V;2;V;3;V;2;V;2;V;2;V;2;V;2;V;1;V;2;V;1;V;1;V;1;V;1;V
28;127;4;8;28127004_8_8;2025;5;5;4;V;4;V;4;V;4;V;10;V;18;V;13;V;11;V;9;V;7;V;8;V;11;V;8;V;6;V;10;V;11;V;12;V;19;V;25;V;27;V;28;V;14;V;5;V;4;V
28;127;4;10;28127004_10_49;2025;5;5;3;V;3;V;6;V;5;V;6;V;8;V;3;V;7;V;3;V;5;V;9;V;8;V;2;V;1;V;5;V;13;V;4;V;3;V;7;V;6;V;12;V;8;V;5;V;7;V
28;127;4;12;28127004_12_8;2025;5;5;6;V;7;V;6;V;6;V;12;V;24;V;18;V;17;V;14;V;11;V;11;V;15;V;12;V;9;V;14;V;15;V;15;V;22;V;27;V;30;V;30;V;16;V;7;V;6;V
28;127;4;14;28127004_14_6;2025;5;5;44;V;42;V;40;V;37;V;33;V;25;V;34;V;40;V;45;V;59;V;63;V;68;V;71;V;76;V;71;V;71;V;65;V;57;V;59;V;43;V;32;V;40;V;64;V;62;V
28;13;2;7;28013002_7_8;2025;5;5;1;V;1;V;1;V;1;V;1;V;1;V;2;V;;N;;N;;N;;N;1;V;1;V;1;V;1;V;1;V;1;V;1;V;2;V;1;V;1;V;1;V;1;V;1;V
28;13;2;8;28013002_8_8;2025;5;5;5;V;3;V;4;V;10;V;8;V;9;V;13;V;;N;;N;;N;;N;5;V;5;V;6;V;12;V;9;V;9;V;13;V;27;V;14;V;11;V;10;V;10;V;9;V
28;13;2;10;28013002_10_49;2025;5;5;4;V;2;V;5;V;2;V;6;V;4;V;6;V;7;V;3;V;2;V;4;V;2;V;4;V;11;V;4;V;1;V;2;V;8;V;3;V;5;V;5;V;4;V;8;V;8;V
28;13;2;12;28013002_12_8;2025;5;5;7;V;5;V;6;V;12;V;10;V;11;V;15;V;15;V;;N;;N;;N;7;V;7;V;8;V;14;V;11;V;11;V;15;V;30;V;16;V;13;V;12;V;12;V;11;V
28;13;2;14;28013002_14_6;2025;5;5;54;V;56;V;58;V;58;V;58;V;52;V;49;V;56;V;;N;;N;;N;86;V;83;V;76;V;75;V;80;V;75;V;71;V;48;V;62;V;55;V;53;V;33;V;30;V
28;133;2;7;28133002_7_8;2025;5;5;1;V;1;V;1;V;1;V;1;V;1;V;2;V;1;V;1;V;1;V;1;V;1;V;1;V;1;V;1;V;1;V;1;V;1;V;1;V;1;V;1;V;1;V;1;V;1;V
28;133;2;8;28133002_8_8;2025;5;5;1;V;1;V;1;V;1;V;1;V;3;V;5;V;3;V;1;V;2;V;2;V;2;V;2;V;2;V;2;V;3;V;2;V;2;V;2;V;2;V;2;V;1;V;1;V;1;V
28;133;2;10;28133002_10_49;2025;5;5;2;V;3;V;4;V;5;V;5;V;6;V;7;V;9;V;7;V;7;V;5;V;4;V;4;V;6;V;3;V;2;V;1;V;1;V;1;V;1;V;4;V;4;V;3;V;6;V
28;133;2;12;28133002_12_8;2025;5;5;3;V;3;V;3;V;3;V;3;V;5;V;8;V;5;V;3;V;4;V;4;V;4;V;4;V;4;V;4;V;5;V;4;V;4;V;4;V;4;V;4;V;3;V;3;V;3;V
28;133;2;14;28133002_14_6;2025;5;5;39;V;41;V;45;V;44;V;40;V;35;V;40;V;44;V;47;V;50;V;49;V;53;V;57;V;61;V;58;V;62;V;60;V;61;V;59;V;58;V;55;V;54;V;52;V;52;V
28;134;2;7;28134002_7_8;2025;5;5;;N;;N;;N;;N;;N;;N;;N;;N;4;V;3;V;3;V;5;V;3;V;1;V;1;V;1;V;2;V;2;V;2;V;1;V;1;V;1;V;1;V;1;V
28;134;2;8;28134002_8_8;2025;5;5;;N;;N;;N;;N;;N;;N;;N;;N;9;V;10;V;8;V;13;V;10;V;4;V;7;V;6;V;16;V;20;V;27;V;7;V;1;V;2;V;2;V;2;V
28;134;2;10;28134002_10_49;2025;5;5;;N;;N;;N;;N;;N;;N;;N;;N;1;V;1;V;1;V;1;V;1;V;1;V;1;V;1;V;1;V;1;V;1;V;1;V;1;V;1;V;1;V;2;V
28;134;2;12;28134002_12_8;2025;5;5;;N;;N;;N;;N;;N;;N;;N;;N;15;V;14;V;12;V;21;V;14;V;6;V;10;V;8;V;20;V;22;V;29;V;9;V;3;V;4;V;4;V;4;V
28;134;2;14;28134002_14_6;2025;5;5;;N;;N;;N;;N;;N;;N;;N;;N;9;V;28;V;39;V;47;V;65;V;77;V;75;V;70;V;69;V;64;V;37;V;44;V;25;V;48;V;41;V;47;V
28;14;2;7;28014002_7_8;2025;5;5;1;V;1;V;1;V;1;V;1;V;2;V;4;V;8;V;3;V;3;V;3;V;2;V;3;V;2;V;1;V;2;V;2;V;2;V;2;V;2;V;1;V;1;V;1;V;1;V
28;14;2;8;28014002_8_8;2025;5;5;3;V;3;V;3;V;5;V;6;V;14;V;16;V;19;V;9;V;10;V;8;V;10;V;13;V;8;V;6;V;5;V;15;V;20;V;25;V;31;V;19;V;12;V;6;V;2;V
28;14;2;10;28014002_10_49;2025;5;5;1;V;1;V;1;V;1;V;1;V;1;V;2;V;2;V;4;V;7;V;7;V;5;V;2;V;2;V;4;V;1;V;1;V;1;V;3;V;4;V;6;V;7;V;8;V;6;V
28;14;2;12;28014002_12_8;2025;5;5;5;V;5;V;5;V;7;V;8;V;17;V;22;V;31;V;13;V;15;V;13;V;12;V;18;V;11;V;9;V;8;V;18;V;23;V;28;V;33;V;21;V;14;V;8;V;4;V
28;14;2;14;28014002_14_8;2025;5;5;63;V;58;V;62;V;59;V;57;V;50;V;54;V;55;V;61;V;67;V;77;V;;N;;N;;N;84;V;89;V;74;V;55;V;42;V;18;V;42;V;52;V;57;V;66;V
28;14;2;14;28014002_14_6;2025;5;5;54;V;50;V;59;V;55;V;51;V;59;V;60;V;60;V;67;V;67;V;73;V;;N;;N;;N;96;V;110;V;73;V;51;V;39;V;34;V;43;V;46;V;51;V;59;V
28;148;4;7;28148004_7_8;2025;5;5;2;V;2;V;2;V;2;V;3;V;7;V;17;V;52;V;12;V;23;V;10;V;7;V;8;V;9;V;13;V;6;V;4;V;4;V;3;V;2;V;2;V;2;V;2;V;2;V
28;148;4;8;28148004_8_8;2025;5;5;7;V;6;V;6;V;8;V;15;V;28;V;33;V;37;V;27;V;36;V;23;V;22;V;20;V;23;V;24;V;17;V;25;V;19;V;18;V;17;V;7;V;6;V;9;V;8;V
28;148;4;9;28148004_9_49;2025;5;5;4;V;4;V;3;V;4;V;2;V;3;V;4;V;7;V;8;V;7;V;7;V;7;V;1;V;3;V;6;V;3;V;1;V;2;V;3;V;5;V;4;V;7;V;5;V;4;V
28;148;4;10;28148004_10_49;2025;5;5;10;V;10;V;9;V;11;V;11;V;11;V;6;V;2;V;10;V;13;V;15;V;14;V;9;V;7;V;6;V;5;V;6;V;6;V;6;V;9;V;10;V;10;V;10;V;10;V
28;148;4;12;28148004_12_8;2025;5;5;10;V;9;V;9;V;11;V;20;V;38;V;58;V;117;V;45;V;72;V;38;V;32;V;32;V;37;V;45;V;25;V;32;V;24;V;22;V;21;V;10;V;9;V;12;V;11;V
28;148;4;14;28148004_14_6;2025;5;5;56;V;50;V;48;V;45;V;34;V;23;V;20;V;23;V;31;V;44;V;52;V;59;V;65;V;65;V;68;V;76;V;58;V;62;V;53;V;56;V;66;V;66;V;49;V;49;V
28;16;1;1;28016001_1_38;2025;5;5;4;V;4;V;4;V;4;V;4;V;4;V;4;V;4;V;4;V;4;V;4;V;4;V;4;V;4;V;4;V;4;V;4;V;4;V;4;V;4;V;4;V;4;V;4;V;4;V
28;16;1;6;28016001_6_48;2025;5;5;0,1;V;0,1;V;0,1;V;0,1;V;0,1;V;0,1;V;0,1;V;0,1;V;0,1;V;0,1;V;0,1;V;0,1;V;0,1;V;0,1;V;0,1;V;0,1;V;0,1;V;0,1;V;0,1;V;0,1;V;0,1;V;0,1;V;0,1;V;0,1;V
28;16;1;7;28016001_7_8;2025;5;5;1;V;1;V;1;V;1;V;1;V;1;V;1;V;1;V;1;V;1;V;1;V;1;V;1;V;1;V;1;V;1;V;1;V;1;V;1;V;1;V;1;V;1;V;1;V;1;V
28;16;1;8;28016001_8_8;2025;5;5;1;V;1;V;1;V;1;V;1;V;1;V;1;V;1;V;1;V;1;V;1;V;1;V;1;V;1;V;1;V;1;V;1;V;1;V;1;V;1;V;1;V;1;V;1;V;1;V
28;16;1;9;28016001_9_49;2025;5;5;1;V;1;V;1;V;1;V;1;V;1;V;1;V;1;V;1;V;2;V;13;V;24;V;22;V;16;V;11;V;7;V;3;V;2;V;2;V;2;V;1;V;1;V;3;V;1;V
28;16;1;10;28016001_10_49;2025;5;5;1;V;1;V;1;V;1;V;1;V;2;V;1;V;1;V;1;V;1;V;1;V;1;V;1;V;1;V;1;V;1;V;1;V;1;V;2;V;3;V;4;V;4;V;6;V;5;V
28;16;1;12;28016001_12_8;2025;5;5;3;V;3;V;3;V;3;V;3;V;3;V;3;V;3;V;3;V;3;V;3;V;3;V;3;V;3;V;3;V;3;V;3;V;3;V;3;V;3;V;3;V;3;V;3;V;3;V
28;16;1;14;28016001_14_6;2025;5;5;53;V;50;V;64;V;58;V;64;V;64;V;70;V;72;V;72;V;74;V;66;V;81;V;87;V;92;V;92;V;86;V;84;V;79;V;76;V;76;V;77;V;75;V;72;V;71;V
28;16;1;20;28016001_20_59;2025;5;5;0,1;V;0,1;V;0,1;V;0,1;V;0,1;V;0,1;V;0,1;V;0,1;V;0,1;V;0,1;V;0,1;V;0,1;V;0,1;V;0,1;V;0,1;V;0,1;V;0,1;V;0,1;V;0,1;V;0,1;V;0,1;V;0,1;V;0,1;V;0,1;V
28;16;1;30;28016001_30_59;2025;5;5;0,1;V;0,1;V;0,1;V;0,1;V;0,1;V;0,1;V;0,1;V;0,1;V;0,1;V;0,1;V;0,1;V;0,1;V;0,1;V;0,1;V;0,1;V;0,1;V;0,1;V;0,1;V;0,1;V;0,1;V;0,1;V;0,1;V;0,1;V;0,1;V
28;16;1;42;28016001_42_2;2025;5;5;1,4;V;1,4;V;1,4;V;1,4;V;1,4;V;1,4;V;1,4;V;1,4;V;1,4;V;1,4;V;1,4;V;1,4;V;1,4;V;1,4;V;1,4;V;1,3;V;1,3;V;1,4;V;1,4;V;1,4;V;1,4;V;1,4;V;1,4;V;1,4;V
28;16;1;44;28016001_44_2;2025;5;5;0,1;V;0,1;V;0,1;V;0,1;V;0,1;V;0,1;V;0,1;V;0,1;V;0,1;V;0,1;V;0,1;V;0,1;V;0,1;V;0,1;V;0,1;V;0,1;V;0,1;V;0,1;V;0,1;V;0,1;V;0,1;V;0,1;V;0,1;V;0,1;V
28;16;1;431;28016001_431_59;2025;5;5;0,1;V;0,1;V;0,1;V;0,1;V;0,1;V;0,1;V;0,1;V;0,1;V;0,1;V;0,1;V;0,1;V;0,1;V;0,1;V;0,1;V;0,1;V;0,1;V;0,1;V;0,1;V;0,1;V;0,1;V;0,1;V;0,1;V;0,1;V;0,1;V
28;161;1;7;28161001_7_8;2025;5;5;1;V;1;V;1;V;1;V;1;V;;N;;N;1;V;1;V;1;V;1;V;1;V;1;V;2;V;1;V;1;V;1;V;2;V;2;V;1;V;1;V;1;V;1;V;1;V
28;161;1;8;28161001_8_8;2025;5;5;3;V;3;V;3;V;4;V;4;V;;N;;N;4;V;3;V;2;V;2;V;3;V;11;V;17;V;8;V;8;V;12;V;33;V;35;V;31;V;23;V;23;V;18;V;15;V
28;161;1;9;28161001_9_49;2025;5;5;2;V;1;V;2;V;4;V;4;V;3;V;7;V;7;V;3;V;3;V;3;V;3;V;3;V;1;V;1;V;1;V;1;V;2;V;2;V;4;V;6;V;8;V;9;V;8;V
28;161;1;12;28161001_12_8;2025;5;5;5;V;5;V;5;V;6;V;7;V;;N;;N;6;V;5;V;4;V;4;V;5;V;13;V;19;V;10;V;10;V;14;V;35;V;38;V;33;V;25;V;25;V;20;V;17;V
28;161;1;14;28161001_14_6;2025;5;5;67;V;66;V;62;V;62;V;64;V;;N;;N;63;V;69;V;74;V;78;V;78;V;74;V;67;V;79;V;76;V;70;V;49;V;43;V;36;V;37;V;33;V;29;V;45;V
28;171;1;1;28171001_1_38;2025;5;5;4;V;4;V;4;V;5;V;5;V;5;V;4;V;5;V;4;V;4;V;;N;4;V;5;V;4;V;4;V;5;V;5;V;4;V;4;V;4;V;4;V;5;V;4;V;5;V
28;171;1;6;28171001_6_48;2025;5;5;1;V;1;V;1;V;1;V;1;V;1;V;1;V;;N;;N;0,2;V;0,3;V;;N;0,4;V;0,4;V;0,4;V;0,4;V;0,4;V;0,4;V;0,4;V;0,4;V;0,4;V;0,4;V;0,4;V;0,4;V
28;171;1;7;28171001_7_8;2025;5;5;1;V;1;V;1;V;1;V;1;V;1;V;1;V;1;V;2;V;1;V;;N;1;V;1;V;1;V;1;V;1;V;1;V;1;V;1;V;1;V;1;V;1;V;1;V;1;V
28;171;1;8;28171001_8_8;2025;5;5;1;V;1;V;1;V;1;V;1;V;3;V;3;V;3;V;2;V;1;V;;N;2;V;1;V;1;V;1;V;1;V;2;V;1;V;2;V;2;V;3;V;2;V;1;V;1;V
28;171;1;9;28171001_9_49;2025;5;5;1;V;1;V;1;V;2;V;1;V;1;V;1;V;1;V;1;V;2;V;6;V;10;V;4;V;1;V;2;V;4;V;6;V;3;V;1;V;1;V;1;V;1;V;1;V;1;V
28;171;1;10;28171001_10_49;2025;5;5;2;V;5;V;4;V;3;V;1;V;1;V;1;V;2;V;3;V;4;V;6;V;8;V;5;V;2;V;2;V;3;V;4;V;2;V;1;V;1;V;1;V;1;V;1;V;1;V
28;171;1;12;28171001_12_8;2025;5;5;3;V;3;V;3;V;3;V;3;V;5;V;6;V;5;V;5;V;3;V;;N;4;V;3;V;3;V;3;V;3;V;4;V;3;V;4;V;4;V;5;V;4;V;3;V;3;V
28;171;1;14;28171001_14_6;2025;5;5;45;V;49;V;45;V;43;V;44;V;38;V;46;V;;N;;N;;N;73;V;75;V;80;V;79;V;78;V;82;V;74;V;61;V;69;V;69;V;65;V;64;V;63;V;60;V
28;180;1;7;28180001_7_8;2025;5;5;1;V;1;V;1;V;1;V;1;V;1;V;3;V;2;V;1;V;2;V;1;V;2;V;3;V;1;V;1;V;2;V;2;V;3;V;2;V;1;V;3;V;2;V;1;V;1;V
28;180;1;8;28180001_8_8;2025;5;5;3;V;2;V;2;V;2;V;4;V;7;V;10;V;10;V;7;V;7;V;10;V;9;V;13;V;10;V;10;V;7;V;11;V;25;V;16;V;18;V;15;V;19;V;6;V;2;V
28;180;1;9;28180001_9_49;2025;5;5;1;V;2;V;2;V;3;V;2;V;1;V;4;V;3;V;3;V;1;V;2;V;2;V;2;V;1;V;1;V;1;V;1;V;2;V;2;V;1;V;4;V;2;V;2;V;1;V
28;180;1;12;28180001_12_8;2025;5;5;5;V;4;V;4;V;5;V;6;V;9;V;15;V;14;V;9;V;10;V;12;V;12;V;17;V;12;V;12;V;10;V;14;V;31;V;19;V;20;V;19;V;22;V;8;V;4;V
28;180;1;14;28180001_14_6;2025;5;5;69;V;68;V;69;V;69;V;70;V;67;V;62;V;59;V;67;V;71;V;67;V;72;V;70;V;68;V;76;V;81;V;76;V;57;V;64;V;47;V;45;V;40;V;52;V;68;V
28;45;2;6;28045002_6_48;2025;5;5;0,5;V;0,5;V;0,5;V;0,5;V;0,6;V;0,7;V;0,5;V;0,9;V;0,7;V;0,9;V;0,8;V;1;V;1;V;0,6;V;0,6;V;0,6;V;0,5;V;0,6;V;0,6;V;0,6;V;0,6;V;0,5;V;0,5;V;0,5;V
28;45;2;7;28045002_7_8;2025;5;5;1;V;1;V;1;V;1;V;4;V;11;V;9;V;3;V;4;V;9;V;6;V;2;V;2;V;2;V;3;V;6;V;5;V;5;V;3;V;3;V;2;V;2;V;1;V;1;V
28;45;2;8;28045002_8_8;2025;5;5;3;V;6;V;8;V;7;V;17;V;35;V;29;V;13;V;9;V;14;V;13;V;7;V;6;V;7;V;9;V;19;V;19;V;20;V;22;V;23;V;10;V;4;V;2;V;2;V
28;45;2;10;28045002_10_49;2025;5;5;5;V;5;V;8;V;8;V;9;V;8;V;8;V;7;V;6;V;7;V;9;V;9;V;7;V;5;V;5;V;5;V;5;V;4;V;5;V;6;V;5;V;4;V;4;V;4;V
28;45;2;12;28045002_12_8;2025;5;5;5;V;8;V;10;V;10;V;23;V;52;V;42;V;18;V;15;V;29;V;22;V;10;V;9;V;10;V;13;V;28;V;27;V;27;V;26;V;27;V;12;V;7;V;4;V;4;V
28;45;2;14;28045002_14_6;2025;5;5;70;V;50;V;42;V;52;V;53;V;35;V;44;V;59;V;48;V;54;V;65;V;75;V;87;V;86;V;85;V;79;V;79;V;73;V;66;V;64;V;75;V;78;V;85;V;83;V
28;47;2;1;28047002_1_38;2025;5;5;2;V;2;V;2;V;2;V;2;V;2;V;3;V;2;V;2;V;2;V;2;V;2;V;2;V;2;V;2;V;2;V;3;V;2;V;3;V;2;V;3;V;2;V;2;V;2;V
28;47;2;7;28047002_7_8;2025;5;5;1;V;1;V;1;V;1;V;1;V;2;V;4;V;3;V;3;V;2;V;3;V;2;V;2;V;3;V;2;V;2;V;2;V;2;V;2;V;1;V;1;V;1;V;1;V;1;V
28;47;2;8;28047002_8_8;2025;5;5;4;V;3;V;5;V;6;V;10;V;18;V;23;V;17;V;11;V;12;V;9;V;10;V;8;V;8;V;8;V;16;V;18;V;19;V;19;V;20;V;13;V;12;V;8;V;11;V
28;47;2;9;28047002_9_49;2025;5;5;3;V;7;V;6;V;4;V;2;V;3;V;3;V;3;V;3;V;4;V;3;V;3;V;2;V;2;V;3;V;2;V;2;V;3;V;4;V;3;V;5;V;6;V;6;V;5;V
28;47;2;12;28047002_12_8;2025;5;5;6;V;5;V;7;V;8;V;12;V;21;V;29;V;22;V;15;V;16;V;13;V;14;V;11;V;11;V;11;V;19;V;21;V;22;V;22;V;22;V;15;V;14;V;10;V;13;V
28;47;2;14;28047002_14_6;2025;5;5;80;V;78;V;74;V;74;V;70;V;63;V;58;V;64;V;69;V;66;V;73;V;76;V;79;V;84;V;84;V;77;V;76;V;72;V;63;V;56;V;61;V;66;V;64;V;54;V
28;47;2;20;28047002_20_59;2025;5;5;0,1;V;0,1;V;0,1;V;0,1;V;0,1;V;0,2;V;0,8;V;0,4;V;0,3;V;0,2;V;0,4;V;0,3;V;0,2;V;0,4;V;0,2;V;0,2;V;0,3;V;0,3;V;0,3;V;0,8;V;0,3;V;0,2;V;0,3;V;0,2;V
28;47;2;30;28047002_30_59;2025;5;5;0,1;V;0,1;V;0,1;V;0,1;V;0,1;V;0,1;V;0,2;V;0,2;V;0,2;V;0,1;V;0,2;V;0,1;V;0,1;V;0,1;V;0,1;V;0,1;V;0,1;V;0,1;V;0,1;V;0,2;V;0,2;V;0,1;V;0,1;V;0,1;V
28;47;2;42;28047002_42_2;2025;5;5;1,3;V;1,3;V;1,3;V;1,3;V;1,3;V;1,3;V;1,3;V;1,3;V;1,3;V;1,3;V;1,3;V;1,3;V;1,3;V;1,3;V;1,3;V;1,3;V;1,3;V;1,3;V;1,3;V;1,3;V;1,3;V;1,3;V;1,3;V;1,3;V
28;47;2;44;28047002_44_2;2025;5;5;0,1;V;0,1;V;0,1;V;0,1;V;0,1;V;0,1;V;0,1;V;0,1;V;0,1;V;0,1;V;0,1;V;0,1;V;0,1;V;0,1;V;0,1;V;0,1;V;0,1;V;0,1;V;0,1;V;0,1;V;0,1;V;0,1;V;0,1;V;0,1;V
28;47;2;431;28047002_431_59;2025;5;5;0,1;V;0,1;V;0,1;V;0,1;V;0,1;V;0,1;V;0,4;V;0,2;V;0,1;V;0,1;V;0,6;V;0,7;V;0,2;V;0,2;V;0,1;V;0,1;V;0,1;V;0,1;V;0,1;V;0,5;V;0,2;V;0,1;V;0,1;V;0,1;V
28;49;3;7;28049003_7_8;2025;5;5;1;V;1;V;1;V;2;V;4;V;15;V;28;V;12;V;9;V;5;V;12;V;2;V;5;V;3;V;5;V;3;V;5;V;6;V;10;V;9;V;4;V;1;V;2;V;1;V
28;49;3;8;28049003_8_8;2025;5;5;4;V;4;V;7;V;13;V;23;V;46;V;46;V;32;V;30;V;20;V;29;V;17;V;20;V;17;V;18;V;21;V;30;V;44;V;54;V;53;V;23;V;10;V;11;V;9;V
28;49;3;9;28049003_9_49;2025;5;5;1;V;1;V;1;V;5;V;7;V;3;V;7;V;7;V;6;V;8;V;2;V;4;V;1;V;2;V;3;V;4;V;1;V;1;V;4;V;5;V;4;V;6;V;4;V;2;V
28;49;3;10;28049003_10_49;2025;5;5;2;V;4;V;3;V;3;V;4;V;5;V;9;V;12;V;12;V;11;V;10;V;9;V;5;V;6;V;5;V;4;V;3;V;4;V;7;V;9;V;11;V;10;V;8;V;7;V
28;49;3;12;28049003_12_8;2025;5;5;6;V;6;V;9;V;16;V;30;V;69;V;88;V;50;V;44;V;27;V;48;V;20;V;27;V;22;V;26;V;26;V;37;V;53;V;70;V;66;V;28;V;12;V;14;V;11;V
28;49;3;14;28049003_14_6;2025;5;5;61;V;57;V;47;V;37;V;31;V;7;V;11;V;26;V;31;V;49;V;42;V;60;V;62;V;67;V;66;V;67;V;55;V;40;V;26;V;25;V;41;V;60;V;47;V;43;V
28;5;2;1;28005002_1_38;2025;5;5;5;V;5;V;5;V;5;V;5;V;5;V;5;V;5;V;5;V;5;V;5;V;5;V;5;V;5;V;5;V;5;V;5;V;5;V;5;V;5;V;5;V;5;V;5;V;5;V
28;5;2;6;28005002_6_48;2025;5;5;0,8;V;0,7;V;0,8;V;0,8;V;0,8;V;0,8;V;0,8;V;0,8;V;0,8;V;0,8;V;0,8;V;0,8;V;0,8;V;0,8;V;0,8;V;0,8;V;0,8;V;0,8;V;0,8;V;0,8;V;0,7;V;0,7;V;0,7;V;0,7;V
28;5;2;7;28005002_7_8;2025;5;5;1;V;1;V;1;V;1;V;1;V;1;V;2;V;4;V;5;V;5;V;7;V;2;V;2;V;1;V;1;V;2;V;2;V;2;V;2;V;3;V;1;V;1;V;1;V;1;V
28;5;2;8;28005002_8_8;2025;5;5;6;V;5;V;5;V;8;V;13;V;16;V;14;V;19;V;23;V;21;V;25;V;16;V;9;V;6;V;7;V;17;V;21;V;20;V;20;V;27;V;12;V;11;V;8;V;8;V
28;5;2;9;28005002_9_49;2025;5;5;1;V;1;V;1;V;1;V;1;V;1;V;2;V;6;V;6;V;8;V;7;V;4;V;2;V;2;V;14;V;9;V;1;V;1;V;2;V;2;V;1;V;1;V;1;V;1;V
28;5;2;10;28005002_10_49;2025;5;5;6;V;7;V;10;V;7;V;6;V;6;V;9;V;11;V;12;V;13;V;10;V;7;V;7;V;6;V;5;V;8;V;8;V;7;V;7;V;13;V;10;V;12;V;11;V;10;V
28;5;2;12;28005002_12_8;2025;5;5;8;V;7;V;7;V;10;V;15;V;18;V;17;V;25;V;31;V;28;V;36;V;20;V;12;V;9;V;9;V;19;V;23;V;23;V;22;V;31;V;14;V;13;V;10;V;10;V
28;5;2;14;28005002_14_6;2025;5;5;54;V;57;V;53;V;48;V;41;V;37;V;38;V;36;V;35;V;45;V;43;V;64;V;75;V;82;V;79;V;70;V;60;V;57;V;57;V;48;V;58;V;46;V;47;V;53;V
28;58;4;7;28058004_7_8;2025;5;5;1;V;1;V;1;V;1;V;1;V;2;V;2;V;2;V;1;V;2;V;1;V;3;V;4;V;2;V;3;V;1;V;3;V;16;V;4;V;7;V;2;V;1;V;1;V;1;V
28;58;4;8;28058004_8_8;2025;5;5;2;V;1;V;2;V;4;V;8;V;12;V;12;V;8;V;6;V;7;V;5;V;11;V;22;V;22;V;19;V;19;V;36;V;51;V;51;V;56;V;35;V;35;V;23;V;10;V
28;58;4;10;28058004_10_49;2025;5;5;18;V;14;V;17;V;6;V;1;V;24;V;26;V;8;V;16;V;22;V;10;V;1;V;2;V;14;V;9;V;1;V;1;V;5;V;7;V;8;V;24;V;36;V;24;V;9;V
28;58;4;12;28058004_12_8;2025;5;5;4;V;3;V;4;V;6;V;10;V;15;V;15;V;11;V;8;V;10;V;7;V;15;V;27;V;25;V;24;V;21;V;41;V;75;V;58;V;67;V;38;V;38;V;25;V;13;V
28;58;4;14;28058004_14_6;2025;5;5;59;V;58;V;57;V;56;V;53;V;49;V;46;V;53;V;59;V;64;V;69;V;66;V;57;V;61;V;67;V;64;V;53;V;33;V;30;V;13;V;34;V;29;V;49;V;59;V
28;58;4;20;28058004_20_59;2025;5;5;0,1;V;0,1;V;0,1;V;0,2;V;0,1;V;1,3;V;0,4;V;0,3;V;0,4;V;1;V;0,3;V;0,4;V;0,8;V;1,9;V;3,4;V;3,5;V;4,4;V;4,3;V;2,6;V;2,4;V;3;V;2,1;V;2,1;V;0,6;V
28;58;4;30;28058004_30_59;2025;5;5;0,1;V;0,1;V;0,1;V;0,1;V;0,1;V;0,1;V;0,1;V;0,1;V;0,1;V;0,1;V;0,1;V;0,1;V;0,1;V;0,1;V;0,1;V;0,1;V;0,1;V;0,1;V;0,1;V;0,1;V;0,1;V;0,1;V;0,1;V;0,1;V
28;58;4;42;28058004_42_2;2025;5;5;1,4;V;1,4;V;1,4;V;1,4;V;1,4;V;1,4;V;1,4;V;1,4;V;1,4;V;1,4;V;1,4;V;1,4;V;1,4;V;1,4;V;1,4;V;1,4;V;1,4;V;1,4;V;1,5;V;1,5;V;1,4;V;1,5;V;1,5;V;1,4;V
28;58;4;44;28058004_44_2;2025;5;5;0,1;V;0,1;V;0,1;V;0,1;V;0,1;V;0,1;V;0,1;V;0,1;V;0,1;V;0,1;V;0,1;V;0,1;V;0,1;V;0,1;V;0,1;V;0,1;V;0,1;V;0,2;V;0,2;V;0,2;V;0,1;V;0,1;V;0,1;V;0,1;V
28;58;4;431;28058004_431_59;2025;5;5;0,1;V;0,1;V;0,1;V;0,1;V;0,1;V;0,2;V;0,1;V;0,2;V;0,1;V;0,4;V;0,3;V;0,4;V;0,2;V;0,8;V;2;V;2,3;V;3,5;V;3,3;V;1;V;0,8;V;1;V;0,6;V;0,5;V;0,2;V
28;6;4;7;28006004_7_8;2025;5;5;2;V;2;V;2;V;2;V;2;V;4;V;6;V;5;V;6;V;6;V;8;V;7;V;5;V;3;V;4;V;4;V;4;V;6;V;4;V;3;V;3;V;2;V;2;V;2;V
28;6;4;8;28006004_8_8;2025;5;5;2;V;3;V;4;V;5;V;7;V;12;V;15;V;12;V;12;V;13;V;17;V;17;V;11;V;8;V;11;V;13;V;21;V;34;V;29;V;19;V;9;V;3;V;4;V;1;V
28;6;4;10;28006004_10_49;2025;5;5;1;V;1;V;4;V;5;V;5;V;6;V;7;V;5;V;4;V;4;V;3;V;2;V;3;V;2;V;1;V;1;V;3;V;4;V;4;V;5;V;4;V;3;V;5;V;7;V
28;6;4;12;28006004_12_8;2025;5;5;5;V;6;V;7;V;8;V;11;V;18;V;24;V;20;V;21;V;22;V;29;V;28;V;19;V;13;V;17;V;19;V;27;V;43;V;34;V;23;V;13;V;6;V;7;V;4;V
28;6;4;14;28006004_14_6;2025;5;5;49;V;47;V;43;V;38;V;31;V;29;V;23;V;28;V;36;V;47;V;37;V;46;V;66;V;75;V;72;V;72;V;61;V;46;V;49;V;54;V;65;V;72;V;63;V;67;V
28;6;4;20;28006004_20_59;2025;5;5;0,1;V;0,2;V;0,2;V;0,2;V;0,2;V;0,4;V;0,5;V;0,8;V;0,7;V;0,9;V;1,5;V;1,8;V;1,2;V;0,6;V;1,1;V;1;V;0,7;V;0,9;V;1;V;1,4;V;0,5;V;0,2;V;0,3;V;0,2;V
28;6;4;30;28006004_30_59;2025;5;5;0,1;V;0,1;V;0,1;V;0,1;V;0,1;V;0,1;V;0,1;V;0,1;V;0,1;V;0,1;V;0,2;V;0,1;V;0,1;V;0,1;V;0,1;V;0,1;V;0,1;V;0,1;V;0,2;V;0,2;V;0,1;V;0,1;V;0,1;V;0,1;V
28;6;4;42;28006004_42_2;2025;5;5;1,3;V;1,3;V;1,3;V;1,3;V;1,3;V;1,3;V;1,3;V;1,3;V;1,3;V;1,3;V;1,3;V;1,3;V;1,3;V;1,3;V;1,3;V;1,3;V;1,3;V;1,4;V;1,4;V;1,3;V;1,3;V;1,3;V;1,3;V;1,3;V
28;6;4;44;28006004_44_2;2025;5;5;0,1;V;0,1;V;0,1;V;0,1;V;0,1;V;0,1;V;0,1;V;0,1;V;0,1;V;0,1;V;0,1;V;0,1;V;0,1;V;0,1;V;0,1;V;0,1;V;0,1;V;0,1;V;0,1;V;0,1;V;0,1;V;0,1;V;0,1;V;0,1;V
28;6;4;431;28006004_431_59;2025;5;5;0,2;V;0,2;V;0,2;V;0,2;V;0,2;V;0,3;V;0,2;V;0,5;V;0,4;V;0,4;V;0,7;V;0,9;V;0,7;V;0,3;V;1,1;V;0,7;V;0,5;V;0,6;V;0,7;V;0,6;V;0,4;V;0,2;V;0,2;V;0,2;V
28;65;14;7;28065014_7_8;2025;5;5;1;V;1;V;1;V;1;V;1;V;3;V;3;V;4;V;3;V;;N;;N;;N;;N;6;V;5;V;3;V;3;V;4;V;3;V;2;V;4;V;1;V;1;V;1;V
28;65;14;8;28065014_8_8;2025;5;5;5;V;4;V;4;V;6;V;11;V;18;V;20;V;16;V;12;V;;N;;N;;N;;N;32;V;20;V;25;V;26;V;34;V;36;V;39;V;54;V;23;V;15;V;14;V
28;65;14;9;28065014_9_49;2025;5;5;2;V;1;V;3;V;4;V;2;V;2;V;4;V;3;V;;N;;N;;N;;N;;N;5;V;3;V;3;V;2;V;2;V;5;V;4;V;8;V;11;V;7;V;4;V
28;65;14;10;28065014_10_49;2025;5;5;5;V;5;V;4;V;5;V;5;V;5;V;6;V;7;V;;N;;N;;N;;N;;N;11;V;16;V;16;V;12;V;10;V;9;V;7;V;10;V;14;V;12;V;13;V
28;65;14;12;28065014_12_8;2025;5;5;7;V;6;V;6;V;8;V;13;V;22;V;25;V;22;V;16;V;;N;;N;;N;;N;41;V;28;V;30;V;30;V;40;V;40;V;42;V;60;V;25;V;17;V;16;V
28;65;14;14;28065014_14_6;2025;5;5;57;V;54;V;56;V;55;V;50;V;45;V;41;V;47;V;;N;;N;;N;;N;;N;32;V;57;V;56;V;56;V;44;V;40;V;30;V;15;V;43;V;59;V;45;V
28;67;1;7;28067001_7_8;2025;5;5;1;V;1;V;1;V;1;V;1;V;2;V;6;V;2;V;2;V;1;V;2;V;1;V;1;V;1;V;1;V;1;V;1;V;1;V;1;V;1;V;1;V;1;V;1;V;1;V
28;67;1;8;28067001_8_8;2025;5;5;2;V;1;V;1;V;2;V;3;V;9;V;10;V;8;V;8;V;5;V;4;V;2;V;2;V;1;V;2;V;1;V;2;V;3;V;2;V;3;V;4;V;3;V;1;V;1;V
28;67;1;10;28067001_10_49;2025;5;5;11;V;7;V;8;V;10;V;11;V;11;V;11;V;9;V;5;V;6;V;6;V;4;V;2;V;1;V;1;V;1;V;1;V;1;V;1;V;3;V;5;V;9;V;9;V;12;V
28;67;1;12;28067001_12_8;2025;5;5;4;V;3;V;3;V;4;V;5;V;12;V;19;V;11;V;11;V;7;V;8;V;4;V;4;V;3;V;4;V;3;V;4;V;5;V;4;V;5;V;6;V;5;V;3;V;3;V
28;67;1;14;28067001_14_6;2025;5;5;21;V;19;V;18;V;14;V;17;V;9;V;18;V;45;V;39;V;49;V;64;V;74;V;75;V;82;V;81;V;88;V;85;V;76;V;75;V;71;V;69;V;66;V;63;V;67;V
28;7;4;7;28007004_7_8;2025;5;5;1;V;1;V;1;V;1;V;1;V;1;V;3;V;3;V;2;V;1;V;2;V;2;V;2;V;3;V;3;V;1;V;3;V;5;V;2;V;3;V;4;V;2;V;1;V;1;V
28;7;4;8;28007004_8_8;2025;5;5;2;V;3;V;3;V;3;V;10;V;20;V;20;V;12;V;7;V;4;V;3;V;10;V;16;V;16;V;10;V;14;V;21;V;37;V;28;V;49;V;64;V;54;V;7;V;8;V
28;7;4;9;28007004_9_49;2025;5;5;1;V;1;V;1;V;2;V;2;V;1;V;2;V;2;V;6;V;4;V;7;V;8;V;10;V;1;V;1;V;3;V;8;V;1;V;1;V;5;V;9;V;9;V;11;V;10;V
28;7;4;12;28007004_12_8;2025;5;5;4;V;5;V;5;V;5;V;12;V;22;V;25;V;17;V;10;V;6;V;6;V;13;V;19;V;21;V;14;V;16;V;27;V;44;V;31;V;54;V;70;V;58;V;9;V;10;V
28;7;4;14;28007004_14_6;2025;5;5;57;V;52;V;53;V;53;V;47;V;39;V;39;V;47;V;56;V;64;V;70;V;63;V;63;V;67;V;77;V;71;V;64;V;43;V;39;V;20;V;6;V;16;V;63;V;59;V
28;74;7;7;28074007_7_8;2025;5;5;3;V;3;V;2;V;3;V;3;V;4;V;9;V;8;V;5;V;10;V;4;V;5;V;8;V;8;V;7;V;6;V;6;V;8;V;11;V;12;V;7;V;4;V;2;V;3;V
28;74;7;8;28074007_8_8;2025;5;5;5;V;3;V;3;V;6;V;11;V;17;V;24;V;19;V;12;V;11;V;10;V;18;V;28;V;37;V;20;V;29;V;32;V;42;V;63;V;65;V;68;V;51;V;10;V;11;V
28;74;7;9;28074007_9_49;2025;5;5;3;V;4;V;4;V;4;V;4;V;4;V;4;V;4;V;4;V;4;V;2;V;3;V;4;V;5;V;3;V;2;V;4;V;6;V;6;V;7;V;8;V;7;V;5;V;5;V
28;74;7;10;28074007_10_49;2025;5;5;5;V;8;V;6;V;5;V;3;V;3;V;4;V;5;V;6;V;5;V;6;V;7;V;7;V;6;V;3;V;3;V;7;V;8;V;6;V;8;V;10;V;10;V;9;V;8;V
28;74;7;12;28074007_12_8;2025;5;5;9;V;7;V;6;V;10;V;16;V;23;V;37;V;30;V;19;V;27;V;16;V;26;V;40;V;50;V;31;V;38;V;41;V;54;V;79;V;83;V;78;V;58;V;13;V;15;V
28;74;7;14;28074007_14_6;2025;5;5;53;V;51;V;51;V;48;V;44;V;42;V;36;V;42;V;51;V;60;V;61;V;56;V;52;V;46;V;70;V;57;V;52;V;43;V;20;V;17;V;11;V;24;V;63;V;53;V
28;80;3;7;28080003_7_8;2025;5;5;1;V;1;V;1;V;1;V;1;V;1;V;2;V;2;V;1;V;1;V;1;V;1;V;1;V;1;V;1;V;1;V;1;V;1;V;1;V;2;V;1;V;1;V;1;V;1;V
28;80;3;8;28080003_8_8;2025;5;5;2;V;1;V;2;V;3;V;4;V;9;V;10;V;8;V;4;V;2;V;4;V;7;V;5;V;4;V;6;V;10;V;11;V;21;V;23;V;38;V;35;V;18;V;6;V;4;V
28;80;3;10;28080003_10_49;2025;5;5;1;V;1;V;2;V;2;V;4;V;1;V;3;V;6;V;4;V;3;V;1;V;1;V;1;V;1;V;1;V;1;V;2;V;2;V;1;V;3;V;9;V;10;V;8;V;4;V
28;80;3;12;28080003_12_8;2025;5;5;4;V;3;V;4;V;5;V;6;V;11;V;13;V;11;V;6;V;4;V;6;V;9;V;7;V;6;V;8;V;12;V;13;V;23;V;25;V;42;V;37;V;20;V;8;V;6;V
28;80;3;14;28080003_14_6;2025;5;5;50;V;52;V;44;V;39;V;41;V;38;V;39;V;47;V;57;V;64;V;67;V;67;V;73;V;76;V;79;V;67;V;68;V;55;V;51;V;41;V;28;V;48;V;65;V;68;V
28;9;1;7;28009001_7_8;2025;5;5;1;V;1;V;1;V;1;V;1;V;1;V;1;V;2;V;1;V;1;V;1;V;2;V;5;V;2;V;1;V;1;V;1;V;1;V;1;V;1;V;1;V;1;V;1;V;1;V
28;9;1;8;28009001_8_8;2025;5;5;3;V;3;V;3;V;5;V;8;V;9;V;9;V;10;V;8;V;9;V;9;V;9;V;17;V;12;V;16;V;10;V;4;V;4;V;6;V;3;V;3;V;2;V;1;V;1;V
28;9;1;9;28009001_9_49;2025;5;5;1;V;2;V;3;V;4;V;3;V;3;V;1;V;4;V;3;V;3;V;2;V;1;V;1;V;1;V;3;V;4;V;2;V;1;V;1;V;1;V;2;V;3;V;2;V;2;V
28;9;1;12;28009001_12_8;2025;5;5;5;V;5;V;5;V;7;V;10;V;11;V;11;V;13;V;10;V;11;V;11;V;12;V;24;V;15;V;18;V;12;V;6;V;6;V;8;V;6;V;5;V;4;V;3;V;3;V
28;9;1;14;28009001_14_6;2025;5;5;53;V;48;V;45;V;40;V;33;V;34;V;33;V;35;V;44;V;55;V;67;V;73;V;66;V;79;V;75;V;81;V;79;V;74;V;70;V;73;V;74;V;73;V;62;V;61;V
28;92;5;1;28092005_1_38;2025;5;5;3;V;3;V;3;V;3;V;3;V;3;V;3;V;3;V;3;V;3;V;3;V;3;V;3;V;3;V;3;V;3;V;3;V;3;V;3;V;3;V;3;V;3;V;3;V;3;V
28;92;5;6;28092005_6_48;2025;5;5;0,3;V;0,3;V;0,3;V;0,3;V;0,4;V;0,4;V;0,4;V;0,4;V;0,4;V;0,4;V;0,3;V;0,3;V;0,3;V;0,4;V;0,3;V;0,4;V;0,4;V;0,4;V;0,4;V;0,4;V;0,5;V;0,5;V;0,5;V;0,4;V
28;92;5;7;28092005_7_8;2025;5;5;6;V;3;V;4;V;3;V;5;V;6;V;12;V;6;V;6;V;3;V;3;V;3;V;8;V;5;V;4;V;2;V;3;V;3;V;2;V;2;V;3;V;2;V;2;V;2;V
28;92;5;8;28092005_8_8;2025;5;5;15;V;6;V;7;V;4;V;16;V;20;V;24;V;12;V;9;V;5;V;4;V;6;V;16;V;14;V;11;V;11;V;18;V;19;V;13;V;19;V;50;V;38;V;9;V;7;V
28;92;5;10;28092005_10_49;2025;5;5;1;V;3;V;2;V;3;V;3;V;2;V;4;V;5;V;2;V;4;V;3;V;2;V;3;V;2;V;4;V;2;V;6;V;3;V;3;V;3;V;10;V;9;V;9;V;6;V
28;92;5;12;28092005_12_8;2025;5;5;24;V;11;V;13;V;8;V;23;V;29;V;43;V;21;V;18;V;11;V;9;V;11;V;28;V;21;V;17;V;14;V;23;V;24;V;16;V;22;V;55;V;41;V;12;V;10;V
28;92;5;14;28092005_14_6;2025;5;5;43;V;52;V;52;V;56;V;45;V;41;V;37;V;53;V;60;V;69;V;73;V;76;V;69;V;75;V;81;V;77;V;72;V;60;V;48;V;31;V;15;V;26;V;67;V;63;V
28;102;1;1;28102001_1_38;2025;5;6;4;V;4;V;4;V;4;V;4;V;4;V;4;V;4;V;4;V;4;V;4;V;4;V;;N;;N;4;V;4;V;4;V;4;V;4;V;4;V;4;V;4;V;4;V;4;V
28;102;1;6;28102001_6_48;2025;5;6;0,4;V;0,3;V;0,3;V;0,3;V;0,3;V;0,3;V;0,3;V;;N;;N;;N;;N;;N;;N;;N;0,3;V;0,3;V;0,4;V;0,3;V;0,4;V;0,3;V;0,3;V;0,3;V;0,4;V;0,4;V
28;102;1;7;28102001_7_8;2025;5;6;1;V;1;V;1;V;1;V;1;V;1;V;1;V;;N;;N;;N;;N;;N;;N;1;V;1;V;1;V;1;V;1;V;1;V;1;V;1;V;1;V;1;V;1;V
28;102;1;8;28102001_8_8;2025;5;6;1;V;1;V;1;V;1;V;1;V;1;V;1;V;;N;;N;;N;;N;;N;;N;1;V;2;V;2;V;2;V;1;V;1;V;1;V;1;V;1;V;1;V;1;V
28;102;1;10;28102001_10_49;2025;5;6;2;V;2;V;2;V;2;V;1;V;3;V;3;V;4;V;7;V;5;V;1;V;1;V;1;V;1;V;1;V;4;V;4;V;3;V;2;V;2;V;1;V;1;V;1;V;1;V
28;102;1;12;28102001_12_8;2025;5;6;3;V;3;V;3;V;3;V;3;V;3;V;3;V;;N;;N;;N;;N;;N;;N;3;V;4;V;4;V;4;V;3;V;3;V;3;V;3;V;3;V;3;V;3;V
28;102;1;14;28102001_14_6;2025;5;6;63;V;65;V;68;V;66;V;60;V;60;V;63;V;62;V;76;V;82;V;93;V;95;V;102;V;;N;111;V;113;V;114;V;111;V;107;V;103;V;102;V;100;V;89;V;79;V
28;106;1;7;28106001_7_8;2025;5;6;1;V;1;V;1;V;1;V;1;V;5;V;10;V;10;V;6;V;5;V;3;V;3;V;2;V;2;V;1;V;2;V;2;V;1;V;1;V;1;V;2;V;1;V;1;V;1;V
28;106;1;8;28106001_8_8;2025;5;6;16;V;13;V;20;V;16;V;33;V;47;V;40;V;29;V;19;V;15;V;12;V;13;V;11;V;14;V;12;V;12;V;13;V;15;V;23;V;28;V;43;V;45;V;29;V;9;V
28;106;1;9;28106001_9_49;2025;5;6;7;V;8;V;8;V;9;V;9;V;9;V;9;V;8;V;9;V;8;V;7;V;8;V;7;V;9;V;10;V;9;V;9;V;8;V;7;V;8;V;9;V;13;V;19;V;17;V
28;106;1;12;28106001_12_8;2025;5;6;18;V;15;V;22;V;18;V;36;V;55;V;55;V;44;V;28;V;23;V;16;V;18;V;14;V;16;V;15;V;15;V;16;V;17;V;25;V;30;V;46;V;47;V;31;V;11;V
28;106;1;14;28106001_14_6;2025;5;6;41;V;44;V;51;V;44;V;26;V;15;V;25;V;37;V;54;V;67;V;79;V;82;V;89;V;88;V;92;V;97;V;98;V;94;V;86;V;79;V;62;V;55;V;63;V;73;V
28;115;3;7;28115003_7_8;2025;5;6;1;V;1;V;1;V;1;V;1;V;3;V;4;V;6;V;2;V;1;V;1;V;2;V;2;V;1;V;1;V;1;V;1;V;1;V;1;V;1;V;1;V;1;V;1;V;1;V
28;115;3;8;28115003_8_8;2025;5;6;4;V;3;V;4;V;6;V;10;V;26;V;25;V;22;V;9;V;7;V;7;V;9;V;6;V;8;V;9;V;7;V;6;V;7;V;16;V;19;V;17;V;9;V;6;V;2;V
28;115;3;9;28115003_9_49;2025;5;6;3;V;1;V;1;V;3;V;4;V;4;V;6;V;6;V;6;V;5;V;6;V;5;V;4;V;4;V;6;V;5;V;4;V;4;V;1;V;1;V;2;V;3;V;4;V;7;V
28;115;3;12;28115003_12_8;2025;5;6;6;V;5;V;6;V;8;V;12;V;31;V;31;V;30;V;12;V;9;V;9;V;12;V;8;V;10;V;11;V;9;V;8;V;9;V;18;V;21;V;19;V;11;V;8;V;4;V
28;115;3;14;28115003_14_6;2025;5;6;60;V;60;V;60;V;53;V;42;V;27;V;42;V;47;V;59;V;60;V;67;V;71;V;82;V;84;V;89;V;92;V;93;V;92;V;88;V;77;V;70;V;71;V;69;V;70;V
28;120;1;7;28120001_7_8;2025;5;6;1;V;1;V;1;V;1;V;1;V;1;V;;N;1;V;;N;1;V;1;V;1;V;1;V;1;V;2;V;1;V;1;V;1;V;1;V;1;V;1;V;1;V;1;V;1;V
28;120;1;8;28120001_8_8;2025;5;6;1;V;1;V;1;V;1;V;1;V;1;V;;N;1;V;;N;1;V;1;V;1;V;1;V;1;V;3;V;1;V;1;V;1;V;1;V;1;V;1;V;1;V;1;V;1;V
28;120;1;9;28120001_9_49;2025;5;6;1;V;1;V;39;V;11;V;1;V;1;V;4;V;;N;16;V;;N;6;V;1;V;1;V;9;V;31;V;45;V;29;V;1;V;15;V;13;V;9;V;1;V;1;V;1;V
28;120;1;10;28120001_10_49;2025;5;6;1;V;1;V;16;V;10;V;1;V;1;V;1;V;23;V;11;V;61;V;31;V;2;V;1;V;1;V;2;V;10;V;9;V;1;V;3;V;3;V;3;V;1;V;1;V;1;V
28;120;1;12;28120001_12_8;2025;5;6;3;V;3;V;3;V;3;V;3;V;3;V;;N;3;V;;N;3;V;3;V;3;V;3;V;3;V;6;V;3;V;3;V;3;V;3;V;3;V;3;V;3;V;3;V;3;V
28;120;1;14;28120001_14_6;2025;5;6;84;V;81;V;81;V;71;V;72;V;78;V;;N;;N;;N;108;V;112;V;112;V;115;V;115;V;117;V;117;V;116;V;116;V;108;V;79;V;71;V;75;V;82;V;91;V
28;123;2;7;28123002_7_8;2025;5;6;1;V;1;V;1;V;2;V;3;V;7;V;15;V;15;V;8;V;4;V;3;V;3;V;3;V;4;V;2;V;3;V;5;V;3;V;4;V;10;V;7;V;2;V;1;V;1;V
28;123;2;8;28123002_8_8;2025;5;6;6;V;5;V;6;V;9;V;17;V;28;V;24;V;21;V;12;V;7;V;6;V;7;V;9;V;8;V;8;V;9;V;16;V;12;V;20;V;58;V;48;V;25;V;10;V;7;V
28;123;2;10;28123002_10_49;2025;5;6;5;V;5;V;7;V;7;V;8;V;9;V;7;V;9;V;8;V;6;V;5;V;4;V;5;V;6;V;5;V;5;V;8;V;7;V;8;V;9;V;7;V;10;V;10;V;8;V
28;123;2;12;28123002_12_8;2025;5;6;8;V;7;V;8;V;11;V;22;V;38;V;47;V;43;V;24;V;14;V;10;V;12;V;14;V;14;V;11;V;14;V;23;V;17;V;26;V;73;V;58;V;29;V;12;V;9;V
28;123;2;14;28123002_14_6;2025;5;6;49;V;55;V;50;V;43;V;38;V;27;V;36;V;42;V;63;V;77;V;89;V;98;V;101;V;102;V;105;V;107;V;103;V;106;V;95;V;46;V;49;V;64;V;74;V;67;V
28;123;2;14;28123002_14_8;2025;5;6;48;V;54;V;50;V;43;V;37;V;27;V;34;V;41;V;61;V;76;V;87;V;96;V;100;V;101;V;105;V;106;V;102;V;106;V;95;V;44;V;47;V;62;V;74;V;66;V
28;127;4;7;28127004_7_8;2025;5;6;1;V;1;V;1;V;1;V;1;V;2;V;3;V;2;V;3;V;2;V;2;V;2;V;2;V;1;V;1;V;2;V;2;V;2;V;2;V;1;V;1;V;1;V;1;V;1;V
28;127;4;8;28127004_8_8;2025;5;6;4;V;4;V;4;V;4;V;7;V;18;V;15;V;7;V;10;V;8;V;7;V;8;V;7;V;5;V;5;V;7;V;7;V;11;V;13;V;14;V;9;V;7;V;5;V;4;V
28;127;4;10;28127004_10_49;2025;5;6;7;V;5;V;9;V;10;V;7;V;9;V;8;V;3;V;5;V;5;V;5;V;7;V;7;V;6;V;3;V;6;V;9;V;8;V;5;V;11;V;2;V;7;V;6;V;7;V
28;127;4;12;28127004_12_8;2025;5;6;6;V;6;V;6;V;6;V;9;V;21;V;19;V;10;V;14;V;12;V;11;V;11;V;10;V;7;V;7;V;10;V;9;V;14;V;15;V;16;V;11;V;9;V;7;V;6;V
28;127;4;14;28127004_14_6;2025;5;6;59;V;58;V;49;V;44;V;50;V;43;V;46;V;60;V;60;V;64;V;75;V;85;V;92;V;100;V;101;V;99;V;100;V;96;V;93;V;86;V;81;V;78;V;78;V;77;V
28;13;2;7;28013002_7_8;2025;5;6;1;V;1;V;1;V;1;V;1;V;1;V;1;V;1;V;1;V;1;V;1;V;1;V;1;V;1;V;1;V;1;V;1;V;1;V;1;V;1;V;1;V;1;V;1;V;1;V
28;13;2;8;28013002_8_8;2025;5;6;5;V;2;V;2;V;2;V;5;V;6;V;10;V;6;V;4;V;4;V;4;V;4;V;4;V;5;V;5;V;5;V;5;V;6;V;6;V;19;V;23;V;12;V;7;V;5;V
28;13;2;10;28013002_10_49;2025;5;6;9;V;10;V;7;V;5;V;7;V;9;V;6;V;6;V;6;V;3;V;4;V;2;V;1;V;3;V;2;V;6;V;5;V;4;V;7;V;11;V;15;V;14;V;13;V;11;V
28;13;2;12;28013002_12_8;2025;5;6;7;V;4;V;4;V;4;V;7;V;8;V;12;V;8;V;6;V;6;V;6;V;6;V;6;V;7;V;7;V;7;V;7;V;8;V;8;V;21;V;25;V;14;V;9;V;7;V
28;13;2;14;28013002_14_6;2025;5;6;37;V;53;V;52;V;50;V;44;V;43;V;42;V;53;V;69;V;73;V;84;V;91;V;98;V;103;V;109;V;112;V;113;V;112;V;110;V;78;V;54;V;53;V;49;V;52;V
28;133;2;7;28133002_7_8;2025;5;6;1;V;1;V;1;V;1;V;1;V;1;V;2;V;2;V;1;V;1;V;1;V;1;V;1;V;1;V;1;V;1;V;1;V;1;V;1;V;1;V;1;V;1;V;1;V;1;V
28;133;2;8;28133002_8_8;2025;5;6;1;V;1;V;1;V;1;V;1;V;3;V;5;V;4;V;2;V;1;V;2;V;2;V;2;V;2;V;3;V;2;V;3;V;5;V;7;V;4;V;2;V;1;V;1;V;1;V
28;133;2;10;28133002_10_49;2025;5;6;4;V;3;V;4;V;4;V;4;V;5;V;6;V;8;V;10;V;8;V;6;V;9;V;7;V;4;V;5;V;4;V;4;V;2;V;2;V;1;V;3;V;4;V;5;V;5;V
28;133;2;12;28133002_12_8;2025;5;6;3;V;3;V;3;V;3;V;3;V;5;V;8;V;6;V;4;V;3;V;4;V;4;V;4;V;4;V;5;V;4;V;5;V;7;V;9;V;6;V;4;V;3;V;3;V;3;V
28;133;2;14;28133002_14_6;2025;5;6;52;V;54;V;58;V;55;V;55;V;55;V;52;V;57;V;60;V;67;V;74;V;73;V;74;V;77;V;76;V;77;V;75;V;73;V;71;V;71;V;77;V;75;V;72;V;69;V
28;134;2;7;28134002_7_8;2025;5;6;1;V;1;V;1;V;1;V;1;V;1;V;1;V;1;V;1;V;1;V;1;V;1;V;1;V;1;V;1;V;1;V;1;V;1;V;1;V;1;V;1;V;1;V;1;V;1;V
28;134;2;8;28134002_8_8;2025;5;6;3;V;4;V;1;V;1;V;1;V;4;V;4;V;4;V;3;V;2;V;3;V;3;V;3;V;2;V;5;V;4;V;4;V;3;V;2;V;2;V;3;V;3;V;2;V;2;V
28;134;2;10;28134002_10_49;2025;5;6;5;V;7;V;8;V;10;V;14;V;14;V;12;V;6;V;2;V;1;V;1;V;1;V;3;V;4;V;5;V;6;V;5;V;4;V;6;V;5;V;6;V;7;V;8;V;6;V
28;134;2;12;28134002_12_8;2025;5;6;5;V;6;V;3;V;3;V;3;V;6;V;6;V;6;V;5;V;4;V;5;V;5;V;5;V;4;V;7;V;6;V;6;V;5;V;4;V;4;V;5;V;5;V;4;V;4;V
28;134;2;14;28134002_14_6;2025;5;6;45;V;41;V;8;V;3;V;6;V;31;V;50;V;66;V;80;V;91;V;98;V;97;V;99;V;105;V;107;V;107;V;111;V;107;V;83;V;29;V;34;V;50;V;67;V;69;V
28;14;2;7;28014002_7_8;2025;5;6;1;V;1;V;1;V;1;V;2;V;3;V;4;V;3;V;2;V;2;V;2;V;1;V;1;V;1;V;1;V;2;V;1;V;1;V;1;V;1;V;1;V;1;V;1;V;1;V
28;14;2;8;28014002_8_8;2025;5;6;2;V;2;V;3;V;5;V;12;V;21;V;17;V;9;V;7;V;7;V;5;V;4;V;4;V;6;V;5;V;6;V;6;V;6;V;7;V;17;V;11;V;6;V;7;V;13;V
28;14;2;10;28014002_10_49;2025;5;6;4;V;2;V;2;V;3;V;6;V;10;V;11;V;9;V;4;V;7;V;4;V;1;V;1;V;1;V;1;V;1;V;2;V;3;V;4;V;4;V;5;V;5;V;4;V;8;V
28;14;2;12;28014002_12_8;2025;5;6;4;V;4;V;5;V;7;V;15;V;26;V;24;V;14;V;10;V;10;V;7;V;6;V;6;V;8;V;7;V;9;V;8;V;8;V;9;V;19;V;13;V;8;V;9;V;15;V
28;14;2;14;28014002_14_6;2025;5;6;60;V;66;V;61;V;54;V;37;V;33;V;42;V;58;V;76;V;79;V;86;V;93;V;102;V;113;V;111;V;111;V;111;V;110;V;110;V;96;V;85;V;84;V;67;V;55;V
28;14;2;14;28014002_14_8;2025;5;6;69;V;75;V;70;V;51;V;38;V;;N;;N;;N;80;V;82;V;90;V;98;V;110;V;112;V;116;V;116;V;118;V;119;V;119;V;87;V;87;V;90;V;72;V;57;V
28;148;4;7;28148004_7_8;2025;5;6;2;V;2;V;2;V;2;V;2;V;6;V;10;V;13;V;10;V;21;V;11;V;11;V;4;V;7;V;6;V;9;V;6;V;4;V;5;V;2;V;2;V;2;V;2;V;2;V
28;148;4;8;28148004_8_8;2025;5;6;4;V;4;V;4;V;7;V;11;V;30;V;23;V;18;V;12;V;14;V;13;V;17;V;4;V;6;V;7;V;11;V;8;V;8;V;8;V;12;V;14;V;8;V;6;V;4;V
28;148;4;9;28148004_9_49;2025;5;6;13;V;15;V;12;V;8;V;4;V;5;V;9;V;9;V;7;V;4;V;1;V;1;V;2;V;2;V;1;V;3;V;3;V;5;V;5;V;5;V;7;V;7;V;9;V;6;V
28;148;4;10;28148004_10_49;2025;5;6;11;V;10;V;11;V;12;V;13;V;14;V;16;V;18;V;17;V;13;V;9;V;8;V;7;V;7;V;7;V;7;V;10;V;9;V;10;V;12;V;14;V;14;V;15;V;13;V
28;148;4;12;28148004_12_8;2025;5;6;7;V;7;V;7;V;10;V;14;V;39;V;39;V;38;V;28;V;46;V;30;V;34;V;11;V;16;V;16;V;25;V;17;V;14;V;15;V;15;V;17;V;11;V;9;V;7;V
28;148;4;14;28148004_14_6;2025;5;6;60;V;57;V;54;V;52;V;42;V;23;V;33;V;53;V;70;V;76;V;92;V;98;V;104;V;108;V;110;V;110;V;112;V;112;V;109;V;98;V;76;V;79;V;72;V;74;V
28;16;1;1;28016001_1_38;2025;5;6;4;V;4;V;4;V;4;V;4;V;4;V;4;V;4;V;;N;;N;3;V;4;V;3;V;4;V;3;V;3;V;3;V;3;V;4;V;4;V;3;V;3;V;4;V;4;V
28;16;1;6;28016001_6_48;2025;5;6;0,1;V;0,1;V;0,1;V;0,1;V;0,1;V;0,1;V;0,1;V;0,1;V;;N;0,2;V;;N;0,1;V;0,1;V;0,1;V;0,1;V;0,1;V;0,1;V;0,1;V;0,1;V;0,1;V;0,1;V;0,1;V;0,1;V;0,1;V
28;16;1;7;28016001_7_8;2025;5;6;1;V;1;V;1;V;1;V;1;V;1;V;1;V;1;V;;N;2;V;1;V;1;V;1;V;1;V;1;V;1;V;1;V;1;V;1;V;1;V;1;V;1;V;1;V;1;V
28;16;1;8;28016001_8_8;2025;5;6;1;V;1;V;1;V;1;V;1;V;1;V;1;V;1;V;;N;1;V;1;V;1;V;1;V;1;V;1;V;1;V;1;V;1;V;2;V;1;V;1;V;1;V;1;V;1;V
28;16;1;9;28016001_9_49;2025;5;6;1;V;2;V;6;V;7;V;8;V;9;V;11;V;11;V;10;V;7;V;2;V;2;V;3;V;2;V;1;V;1;V;1;V;2;V;2;V;3;V;4;V;5;V;5;V;5;V
28;16;1;10;28016001_10_49;2025;5;6;6;V;9;V;9;V;7;V;5;V;3;V;3;V;2;V;2;V;2;V;2;V;2;V;1;V;1;V;1;V;1;V;1;V;3;V;3;V;4;V;4;V;4;V;3;V;3;V
28;16;1;12;28016001_12_8;2025;5;6;3;V;3;V;3;V;3;V;3;V;3;V;3;V;3;V;3;V;4;V;3;V;3;V;3;V;3;V;3;V;3;V;3;V;3;V;4;V;3;V;3;V;3;V;3;V;3;V
28;16;1;14;28016001_14_6;2025;5;6;72;V;76;V;75;V;74;V;80;V;82;V;84;V;88;V;;N;103;V;106;V;;N;113;V;114;V;116;V;118;V;116;V;112;V;104;V;104;V;99;V;89;V;82;V;78;V
28;16;1;20;28016001_20_59;2025;5;6;0,1;V;0,1;V;0,1;V;0,1;V;0,1;V;0,1;V;0,1;V;0,1;V;;N;0,2;V;0,1;V;0,1;V;0,1;V;0,1;V;0,1;V;0,1;V;0,1;V;0,1;V;0,1;V;0,1;V;0,1;V;0,1;V;0,1;V;0,1;V
28;16;1;30;28016001_30_59;2025;5;6;0,1;V;0,1;V;0,1;V;0,1;V;0,1;V;0,1;V;0,1;V;0,1;V;;N;0,1;V;0,1;V;0,1;V;0,1;V;0,1;V;0,1;V;0,1;V;0,1;V;0,1;V;0,1;V;0,1;V;0,1;V;0,1;V;0,1;V;0,1;V
28;16;1;42;28016001_42_2;2025;5;6;1,4;V;1,4;V;1,4;V;1,4;V;1,4;V;1,4;V;1,4;V;1,4;V;1,4;V;1,4;V;1,4;V;1,4;V;1,4;V;1,4;V;1,4;V;1,4;V;1,4;V;1,4;V;1,4;V;1,4;V;1,4;V;1,4;V;1,4;V;1,4;V
28;16;1;44;28016001_44_2;2025;5;6;0,1;V;0,1;V;0,1;V;0,1;V;0,1;V;0,1;V;0,1;V;0,1;V;0,1;V;0,1;V;0,1;V;0,1;V;0,1;V;0,1;V;0,1;V;0,1;V;0,1;V;0,1;V;0,1;V;0,1;V;0,1;V;0,1;V;0,1;V;0,1;V
28;16;1;431;28016001_431_59;2025;5;6;0,1;V;0,1;V;0,1;V;0,1;V;0,1;V;0,1;V;0,1;V;0,1;V;;N;0,3;V;0,1;V;0,1;V;0,1;V;0,1;V;0,1;V;0,1;V;0,1;V;0,1;V;0,1;V;0,1;V;0,1;V;0,1;V;0,1;V;0,1;V
28;161;1;7;28161001_7_8;2025;5;6;1;V;1;V;1;V;1;V;1;V;1;V;3;V;4;V;2;V;2;V;1;V;2;V;1;V;1;V;2;V;1;V;1;V;1;V;2;V;1;V;1;V;1;V;1;V;1;V
28;161;1;8;28161001_8_8;2025;5;6;8;V;7;V;6;V;11;V;20;V;26;V;19;V;12;V;8;V;11;V;8;V;8;V;7;V;8;V;9;V;9;V;10;V;16;V;36;V;51;V;42;V;38;V;34;V;26;V
28;161;1;9;28161001_9_49;2025;5;6;8;V;8;V;8;V;8;V;7;V;7;V;6;V;6;V;3;V;3;V;3;V;3;V;2;V;3;V;4;V;4;V;3;V;4;V;6;V;7;V;8;V;8;V;10;V;11;V
28;161;1;12;28161001_12_8;2025;5;6;10;V;9;V;8;V;13;V;22;V;28;V;24;V;17;V;11;V;14;V;10;V;11;V;10;V;10;V;12;V;11;V;12;V;18;V;39;V;53;V;44;V;40;V;36;V;28;V
28;161;1;14;28161001_14_6;2025;5;6;47;V;51;V;53;V;52;V;44;V;33;V;43;V;55;V;64;V;66;V;78;V;88;V;95;V;98;V;99;V;102;V;103;V;97;V;73;V;55;V;50;V;29;V;45;V;52;V
28;171;1;1;28171001_1_38;2025;5;6;5;V;4;V;4;V;5;V;4;V;5;V;4;V;5;V;4;V;5;V;4;V;4;V;5;V;5;V;5;V;6;V;6;V;6;V;6;V;5;V;5;V;5;V;5;V;5;V
28;171;1;6;28171001_6_48;2025;5;6;0,5;V;0,4;V;0,5;V;0,4;V;0,4;V;0,4;V;0,5;V;0,5;V;0,5;V;0,5;V;0,5;V;0,5;V;0,5;V;0,6;V;0,6;V;0,5;V;0,6;V;0,6;V;0,6;V;0,5;V;0,5;V;0,5;V;0,5;V;0,5;V
28;171;1;7;28171001_7_8;2025;5;6;1;V;1;V;1;V;1;V;1;V;1;V;1;V;1;V;1;V;1;V;1;V;1;V;1;V;1;V;1;V;1;V;1;V;1;V;1;V;1;V;1;V;1;V;1;V;1;V
28;171;1;8;28171001_8_8;2025;5;6;1;V;2;V;2;V;2;V;2;V;2;V;1;V;2;V;2;V;2;V;2;V;1;V;1;V;1;V;1;V;1;V;1;V;1;V;2;V;2;V;2;V;2;V;2;V;2;V
28;171;1;9;28171001_9_49;2025;5;6;2;V;1;V;1;V;3;V;3;V;2;V;2;V;1;V;1;V;1;V;1;V;2;V;5;V;8;V;5;V;6;V;5;V;4;V;5;V;4;V;2;V;1;V;1;V;2;V
28;171;1;10;28171001_10_49;2025;5;6;1;V;1;V;2;V;3;V;5;V;4;V;4;V;4;V;4;V;4;V;4;V;3;V;4;V;4;V;5;V;6;V;4;V;2;V;2;V;1;V;1;V;1;V;1;V;1;V
28;171;1;12;28171001_12_8;2025;5;6;3;V;4;V;4;V;4;V;4;V;4;V;3;V;4;V;4;V;4;V;4;V;3;V;3;V;3;V;3;V;3;V;3;V;3;V;4;V;4;V;4;V;4;V;4;V;4;V
28;171;1;14;28171001_14_6;2025;5;6;50;V;56;V;57;V;50;V;44;V;42;V;59;V;66;V;71;V;73;V;82;V;96;V;98;V;98;V;100;V;100;V;99;V;97;V;87;V;88;V;93;V;91;V;80;V;80;V
28;180;1;7;28180001_7_8;2025;5;6;1;V;1;V;1;V;1;V;1;V;14;V;6;V;4;V;;N;;N;;N;;N;1;V;1;V;1;V;1;V;1;V;1;V;1;V;2;V;2;V;1;V;1;V;1;V
28;180;1;8;28180001_8_8;2025;5;6;2;V;2;V;2;V;3;V;4;V;14;V;13;V;9;V;;N;;N;;N;;N;3;V;4;V;5;V;6;V;6;V;7;V;9;V;12;V;9;V;6;V;4;V;3;V
28;180;1;9;28180001_9_49;2025;5;6;1;V;3;V;3;V;2;V;4;V;4;V;3;V;1;V;1;V;1;V;1;V;1;V;1;V;1;V;1;V;2;V;2;V;1;V;4;V;4;V;7;V;7;V;3;V;1;V
28;180;1;12;28180001_12_8;2025;5;6;4;V;4;V;4;V;5;V;6;V;36;V;23;V;15;V;;N;;N;;N;;N;5;V;6;V;7;V;8;V;8;V;9;V;11;V;14;V;12;V;8;V;6;V;5;V
28;180;1;14;28180001_14_6;2025;5;6;69;V;69;V;67;V;63;V;60;V;56;V;54;V;65;V;75;V;83;V;89;V;;N;;N;;N;117;V;119;V;120;V;119;V;114;V;100;V;97;V;92;V;92;V;88;V
28;45;2;6;28045002_6_48;2025;5;6;0,5;V;0,4;V;0,4;V;0,5;V;0,5;V;0,5;V;0,5;V;0,5;V;0,5;V;0,6;V;0,6;V;1,4;V;0,7;V;0,5;V;0,4;V;0,4;V;0,4;V;0,4;V;0,4;V;0,5;V;0,5;V;0,5;V;0,4;V;0,4;V
28;45;2;7;28045002_7_8;2025;5;6;1;V;1;V;1;V;1;V;2;V;2;V;9;V;6;V;4;V;4;V;3;V;3;V;2;V;3;V;2;V;3;V;4;V;4;V;4;V;4;V;2;V;2;V;1;V;1;V
28;45;2;8;28045002_8_8;2025;5;6;2;V;3;V;4;V;5;V;10;V;18;V;19;V;12;V;10;V;8;V;7;V;9;V;8;V;7;V;7;V;8;V;13;V;15;V;14;V;15;V;8;V;6;V;4;V;2;V
28;45;2;10;28045002_10_49;2025;5;6;4;V;3;V;6;V;7;V;8;V;9;V;10;V;8;V;9;V;9;V;7;V;5;V;3;V;5;V;5;V;4;V;2;V;4;V;5;V;6;V;7;V;6;V;6;V;6;V
28;45;2;12;28045002_12_8;2025;5;6;4;V;5;V;6;V;7;V;13;V;22;V;33;V;21;V;16;V;15;V;11;V;13;V;11;V;11;V;11;V;12;V;19;V;22;V;20;V;21;V;11;V;9;V;6;V;4;V
28;45;2;14;28045002_14_6;2025;5;6;84;V;79;V;77;V;72;V;54;V;47;V;53;V;69;V;79;V;97;V;100;V;102;V;105;V;111;V;113;V;116;V;113;V;109;V;104;V;92;V;100;V;102;V;95;V;91;V
28;47;2;1;28047002_1_38;2025;5;6;2;V;2;V;2;V;2;V;2;V;3;V;3;V;3;V;3;V;3;V;3;V;3;V;3;V;3;V;3;V;3;V;3;V;3;V;3;V;3;V;3;V;3;V;3;V;3;V
28;47;2;7;28047002_7_8;2025;5;6;1;V;1;V;1;V;1;V;3;V;11;V;20;V;5;V;3;V;2;V;2;V;2;V;2;V;2;V;1;V;1;V;1;V;1;V;1;V;1;V;1;V;1;V;1;V;1;V
28;47;2;8;28047002_8_8;2025;5;6;6;V;5;V;10;V;9;V;21;V;50;V;43;V;17;V;13;V;10;V;8;V;8;V;8;V;8;V;6;V;6;V;8;V;13;V;18;V;17;V;21;V;17;V;21;V;8;V
28;47;2;9;28047002_9_49;2025;5;6;5;V;4;V;5;V;5;V;4;V;4;V;6;V;6;V;7;V;5;V;3;V;2;V;3;V;2;V;3;V;4;V;4;V;4;V;4;V;5;V;5;V;6;V;8;V;7;V
28;47;2;12;28047002_12_8;2025;5;6;8;V;7;V;12;V;11;V;26;V;66;V;73;V;25;V;17;V;14;V;11;V;11;V;12;V;11;V;8;V;8;V;10;V;15;V;20;V;19;V;23;V;19;V;23;V;10;V
28;47;2;14;28047002_14_6;2025;5;6;57;V;60;V;53;V;62;V;52;V;18;V;19;V;57;V;69;V;86;V;93;V;97;V;97;V;98;V;103;V;105;V;104;V;100;V;92;V;89;V;71;V;67;V;55;V;77;V
28;47;2;20;28047002_20_59;2025;5;6;0,3;V;0,1;V;0,1;V;0,2;V;0,1;V;0,8;V;1,1;V;0,8;V;0,2;V;0,3;V;0,3;V;0,2;V;0,5;V;0,2;V;0,2;V;0,1;V;0,2;V;0,2;V;0,5;V;0,4;V;0,3;V;0,2;V;0,5;V;0,4;V
28;47;2;30;28047002_30_59;2025;5;6;0,1;V;0,1;V;0,1;V;0,1;V;0,1;V;0,3;V;0,3;V;0,3;V;0,2;V;0,2;V;0,1;V;0,1;V;0,1;V;0,1;V;0,1;V;0,1;V;0,1;V;0,1;V;0,1;V;0,1;V;0,2;V;0,2;V;0,2;V;0,2;V
28;47;2;42;28047002_42_2;2025;5;6;1,3;V;1,3;V;1,3;V;1,3;V;1,3;V;1,3;V;1,4;V;1,4;V;1,3;V;1,3;V;1,3;V;1,3;V;1,3;V;1,3;V;1,3;V;1,3;V;1,3;V;1,3;V;1,3;V;1,3;V;1,3;V;1,3;V;1,3;V;1,3;V
28;47;2;44;28047002_44_2;2025;5;6;0,1;V;0,1;V;0,1;V;0,1;V;0,1;V;0,1;V;0,1;V;0,1;V;0,1;V;0,1;V;0,1;V;0,1;V;0,1;V;0,1;V;0,1;V;0,1;V;0,1;V;0,1;V;0,1;V;0,1;V;0,1;V;0,1;V;0,1;V;0,1;V
28;47;2;431;28047002_431_59;2025;5;6;0,1;V;0,1;V;0,1;V;0,1;V;0,1;V;0,4;V;0,4;V;0,4;V;0,1;V;0,2;V;0,1;V;0,1;V;0,2;V;0,1;V;0,1;V;0,1;V;0,1;V;0,1;V;0,6;V;1,1;V;0,1;V;0,1;V;0,3;V;0,2;V
28;49;3;7;28049003_7_8;2025;5;6;1;V;1;V;1;V;2;V;7;V;19;V;21;V;14;V;8;V;6;V;5;V;3;V;5;V;4;V;3;V;3;V;5;V;7;V;6;V;4;V;3;V;2;V;1;V;1;V
28;49;3;8;28049003_8_8;2025;5;6;6;V;10;V;17;V;27;V;34;V;46;V;39;V;28;V;17;V;13;V;13;V;11;V;14;V;12;V;12;V;14;V;21;V;28;V;40;V;54;V;37;V;27;V;11;V;6;V
28;49;3;9;28049003_9_49;2025;5;6;5;V;3;V;4;V;3;V;4;V;12;V;3;V;4;V;6;V;3;V;5;V;3;V;2;V;2;V;3;V;3;V;3;V;3;V;3;V;2;V;5;V;9;V;4;V;6;V
28;49;3;10;28049003_10_49;2025;5;6;8;V;12;V;11;V;11;V;9;V;9;V;11;V;13;V;13;V;10;V;8;V;6;V;3;V;3;V;5;V;5;V;4;V;4;V;6;V;9;V;11;V;10;V;11;V;8;V
28;49;3;12;28049003_12_8;2025;5;6;8;V;13;V;19;V;30;V;45;V;74;V;71;V;50;V;30;V;22;V;20;V;16;V;22;V;19;V;16;V;19;V;29;V;38;V;49;V;59;V;41;V;29;V;13;V;8;V
28;49;3;14;28049003_14_6;2025;5;6;55;V;49;V;43;V;37;V;27;V;17;V;23;V;39;V;60;V;80;V;88;V;92;V;90;V;94;V;99;V;100;V;95;V;87;V;72;V;54;V;60;V;61;V;66;V;68;V
28;5;2;1;28005002_1_38;2025;5;6;5;V;5;V;5;V;5;V;5;V;5;V;5;V;6;V;5;V;5;V;5;V;4;V;4;V;4;V;5;V;5;V;5;V;5;V;5;V;5;V;5;V;5;V;6;V;6;V
28;5;2;6;28005002_6_48;2025;5;6;0,7;V;0,7;V;0,7;V;0,7;V;0,8;V;0,8;V;0,9;V;0,8;V;0,7;V;0,7;V;0,7;V;0,7;V;0,7;V;0,7;V;0,7;V;0,7;V;0,7;V;0,7;V;0,7;V;0,8;V;0,8;V;0,8;V;0,7;V;0,7;V
28;5;2;7;28005002_7_8;2025;5;6;1;V;1;V;1;V;2;V;1;V;7;V;12;V;8;V;2;V;2;V;1;V;1;V;1;V;1;V;1;V;1;V;1;V;1;V;2;V;3;V;1;V;2;V;1;V;1;V
28;5;2;8;28005002_8_8;2025;5;6;7;V;8;V;10;V;15;V;23;V;29;V;28;V;24;V;9;V;7;V;6;V;7;V;6;V;5;V;6;V;6;V;7;V;12;V;15;V;29;V;28;V;25;V;14;V;11;V
28;5;2;9;28005002_9_49;2025;5;6;11;V;13;V;7;V;5;V;3;V;4;V;6;V;8;V;10;V;10;V;7;V;3;V;2;V;2;V;1;V;3;V;15;V;10;V;4;V;2;V;1;V;1;V;3;V;2;V
28;5;2;10;28005002_10_49;2025;5;6;8;V;7;V;10;V;10;V;9;V;13;V;18;V;18;V;18;V;12;V;10;V;5;V;6;V;6;V;6;V;7;V;8;V;10;V;7;V;11;V;12;V;17;V;15;V;9;V
28;5;2;12;28005002_12_8;2025;5;6;9;V;10;V;12;V;19;V;25;V;40;V;46;V;36;V;12;V;10;V;8;V;9;V;8;V;7;V;8;V;8;V;9;V;14;V;17;V;33;V;30;V;28;V;16;V;13;V
28;5;2;14;28005002_14_6;2025;5;6;62;V;58;V;45;V;44;V;32;V;20;V;26;V;47;V;74;V;80;V;94;V;103;V;105;V;110;V;112;V;116;V;115;V;110;V;104;V;83;V;66;V;56;V;58;V;61;V
28;58;4;7;28058004_7_8;2025;5;6;1;V;1;V;1;V;2;V;6;V;18;V;15;V;16;V;;N;;N;;N;4;V;4;V;3;V;1;V;2;V;1;V;2;V;1;V;2;V;3;V;1;V;1;V;2;V
28;58;4;8;28058004_8_8;2025;5;6;10;V;7;V;9;V;16;V;33;V;45;V;39;V;36;V;;N;;N;16;V;13;V;11;V;10;V;7;V;11;V;7;V;15;V;22;V;27;V;34;V;43;V;26;V;12;V
28;58;4;10;28058004_10_49;2025;5;6;10;V;12;V;10;V;9;V;8;V;10;V;10;V;8;V;7;V;3;V;1;V;1;V;1;V;2;V;5;V;6;V;4;V;3;V;5;V;10;V;10;V;11;V;13;V;11;V
28;58;4;12;28058004_12_8;2025;5;6;12;V;9;V;11;V;18;V;42;V;73;V;62;V;61;V;;N;;N;;N;18;V;18;V;14;V;9;V;14;V;9;V;18;V;24;V;31;V;39;V;45;V;28;V;15;V
28;58;4;14;28058004_14_6;2025;5;6;48;V;60;V;55;V;51;V;37;V;26;V;32;V;37;V;;N;;N;;N;;N;79;V;87;V;94;V;92;V;98;V;94;V;88;V;84;V;75;V;58;V;61;V;68;V
28;58;4;20;28058004_20_59;2025;5;6;0,5;V;0,5;V;0,2;V;0,4;V;0,5;V;0,6;V;0,7;V;1,6;V;;N;;N;;N;;N;;N;0,6;V;0,2;V;0,1;V;0,4;V;0,1;V;0,3;V;0,7;V;1,7;V;1,6;V;1,9;V;0,7;V
28;58;4;30;28058004_30_59;2025;5;6;0,1;V;0,1;V;0,1;V;0,1;V;0,1;V;0,1;V;0,1;V;0,1;V;;N;;N;;N;;N;;N;0,1;V;0,1;V;0,1;V;0,1;V;0,1;V;0,1;V;0,1;V;0,2;V;0,1;V;0,1;V;0,1;V
28;58;4;42;28058004_42_2;2025;5;6;1,4;V;1,4;V;1,4;V;1,4;V;1,4;V;1,4;V;1,4;V;1,4;V;;N;;N;;N;1,4;V;1,4;V;1,4;V;1,4;V;1,4;V;1,4;V;1,4;V;1,5;V;1,5;V;1,5;V;1,6;V;1,4;V;1,4;V
28;58;4;44;28058004_44_2;2025;5;6;0,1;V;0,1;V;0,1;V;0,1;V;0,1;V;0,1;V;0,1;V;0,1;V;;N;;N;;N;0,1;V;0,1;V;0,1;V;0,1;V;0,1;V;0,1;V;0,1;V;0,1;V;0,2;V;0,1;V;0,2;V;0,1;V;0,1;V
28;58;4;431;28058004_431_59;2025;5;6;0,1;V;0,2;V;0,1;V;0,1;V;0,1;V;0,2;V;0,4;V;0,4;V;;N;;N;;N;;N;;N;0,5;V;0,1;V;0,1;V;0,3;V;0,1;V;0,1;V;0,2;V;0,3;V;0,3;V;0,8;V;0,4;V
28;6;4;7;28006004_7_8;2025;5;6;2;V;2;V;2;V;2;V;2;V;4;V;6;V;5;V;3;V;3;V;3;V;2;V;2;V;2;V;2;V;3;V;2;V;2;V;2;V;2;V;2;V;3;V;8;V;2;V
28;6;4;8;28006004_8_8;2025;5;6;1;V;1;V;1;V;4;V;7;V;19;V;17;V;10;V;4;V;3;V;4;V;3;V;4;V;3;V;4;V;5;V;5;V;6;V;9;V;15;V;10;V;5;V;13;V;1;V
28;6;4;10;28006004_10_49;2025;5;6;5;V;3;V;6;V;8;V;8;V;6;V;6;V;5;V;7;V;3;V;1;V;1;V;2;V;2;V;1;V;3;V;3;V;3;V;4;V;6;V;6;V;6;V;7;V;4;V
28;6;4;12;28006004_12_8;2025;5;6;4;V;4;V;4;V;7;V;10;V;24;V;26;V;18;V;9;V;8;V;9;V;6;V;7;V;6;V;8;V;9;V;8;V;9;V;12;V;18;V;12;V;9;V;24;V;4;V
28;6;4;14;28006004_14_6;2025;5;6;64;V;57;V;54;V;52;V;54;V;49;V;53;V;68;V;85;V;92;V;94;V;97;V;95;V;101;V;104;V;105;V;106;V;104;V;101;V;89;V;79;V;77;V;75;V;76;V
28;6;4;20;28006004_20_59;2025;5;6;0,1;V;0,1;V;0,1;V;0,2;V;0,5;V;0,5;V;0,8;V;0,7;V;0,6;V;0,7;V;0,5;V;0,6;V;0,2;V;0,1;V;0,1;V;0,1;V;0,4;V;0,1;V;0,3;V;0,5;V;0,6;V;0,3;V;0,1;V;0,1;V
28;6;4;30;28006004_30_59;2025;5;6;0,1;V;0,1;V;0,1;V;0,1;V;0,1;V;0,1;V;0,2;V;0,1;V;0,1;V;0,2;V;0,1;V;0,1;V;0,1;V;0,1;V;0,1;V;0,1;V;0,1;V;0,1;V;0,1;V;0,1;V;0,1;V;0,1;V;0,1;V;0,1;V
28;6;4;42;28006004_42_2;2025;5;6;1,3;V;1,3;V;1,3;V;1,3;V;1,3;V;1,3;V;1,3;V;1,3;V;1,3;V;1,3;V;1,3;V;1,3;V;1,3;V;1,3;V;1,3;V;1,3;V;1,3;V;1,3;V;1,3;V;1,3;V;1,3;V;1,3;V;1,3;V;1,3;V
28;6;4;44;28006004_44_2;2025;5;6;0,1;V;0,1;V;0,1;V;0,1;V;0,1;V;0,1;V;0,1;V;0,1;V;0,1;V;0,1;V;0,1;V;0,1;V;0,1;V;0,1;V;0,1;V;0,1;V;0,1;V;0,1;V;0,1;V;0,1;V;0,1;V;0,1;V;0,1;V;0,1;V
28;6;4;431;28006004_431_59;2025;5;6;0,3;V;0,2;V;0,2;V;0,3;V;0,3;V;0,3;V;0,5;V;0,4;V;0,3;V;0,5;V;0,3;V;0,3;V;0,2;V;0,2;V;0,2;V;0,3;V;0,3;V;0,2;V;0,3;V;0,4;V;0,5;V;0,3;V;0,3;V;0,2;V
28;65;14;7;28065014_7_8;2025;5;6;1;V;1;V;1;V;1;V;2;V;8;V;9;V;7;V;4;V;3;V;2;V;2;V;2;V;2;V;2;V;1;V;1;V;1;V;2;V;1;V;1;V;2;V;1;V;1;V
28;65;14;8;28065014_8_8;2025;5;6;13;V;12;V;15;V;16;V;35;V;49;V;38;V;25;V;14;V;10;V;10;V;10;V;10;V;12;V;11;V;11;V;14;V;17;V;25;V;27;V;50;V;55;V;13;V;11;V
28;65;14;9;28065014_9_49;2025;5;6;1;V;2;V;2;V;3;V;4;V;5;V;6;V;8;V;4;V;3;V;2;V;8;V;6;V;7;V;2;V;5;V;3;V;6;V;3;V;4;V;7;V;7;V;7;V;6;V
28;65;14;10;28065014_10_49;2025;5;6;9;V;8;V;7;V;11;V;14;V;16;V;16;V;19;V;20;V;18;V;12;V;9;V;11;V;11;V;12;V;12;V;12;V;12;V;13;V;14;V;18;V;21;V;21;V;18;V
28;65;14;12;28065014_12_8;2025;5;6;15;V;14;V;17;V;18;V;38;V;61;V;52;V;36;V;20;V;14;V;13;V;13;V;13;V;15;V;14;V;14;V;17;V;20;V;28;V;29;V;52;V;58;V;15;V;13;V
28;65;14;14;28065014_14_6;2025;5;6;44;V;53;V;46;V;47;V;29;V;19;V;29;V;45;V;66;V;76;V;81;V;88;V;91;V;93;V;95;V;97;V;96;V;95;V;86;V;76;V;47;V;40;V;77;V;70;V
28;67;1;7;28067001_7_8;2025;5;6;1;V;1;V;1;V;1;V;1;V;2;V;5;V;3;V;1;V;1;V;1;V;1;V;1;V;1;V;1;V;1;V;1;V;1;V;1;V;1;V;1;V;1;V;1;V;1;V
28;67;1;8;28067001_8_8;2025;5;6;1;V;1;V;1;V;2;V;3;V;6;V;12;V;6;V;1;V;1;V;1;V;1;V;1;V;2;V;2;V;2;V;2;V;3;V;4;V;4;V;7;V;5;V;3;V;3;V
28;67;1;10;28067001_10_49;2025;5;6;10;V;6;V;7;V;8;V;10;V;13;V;15;V;15;V;9;V;4;V;3;V;3;V;2;V;4;V;5;V;5;V;7;V;6;V;6;V;7;V;9;V;13;V;14;V;15;V
28;67;1;12;28067001_12_8;2025;5;6;3;V;3;V;3;V;4;V;5;V;9;V;20;V;10;V;3;V;3;V;3;V;3;V;3;V;4;V;4;V;4;V;4;V;5;V;6;V;6;V;9;V;7;V;5;V;5;V
28;67;1;14;28067001_14_6;2025;5;6;66;V;64;V;53;V;38;V;30;V;25;V;29;V;80;V;96;V;98;V;99;V;101;V;105;V;106;V;109;V;111;V;109;V;106;V;96;V;76;V;51;V;51;V;50;V;40;V
28;7;4;7;28007004_7_8;2025;5;6;1;V;1;V;1;V;1;V;1;V;2;V;5;V;7;V;6;V;4;V;3;V;2;V;2;V;1;V;1;V;1;V;1;V;1;V;1;V;1;V;1;V;1;V;1;V;1;V
28;7;4;8;28007004_8_8;2025;5;6;9;V;6;V;6;V;7;V;15;V;28;V;29;V;25;V;17;V;11;V;9;V;6;V;7;V;5;V;6;V;5;V;6;V;5;V;9;V;25;V;32;V;15;V;10;V;6;V
28;7;4;9;28007004_9_49;2025;5;6;10;V;11;V;9;V;5;V;5;V;3;V;2;V;6;V;9;V;10;V;12;V;7;V;8;V;3;V;5;V;2;V;6;V;6;V;11;V;9;V;4;V;7;V;8;V;3;V
28;7;4;12;28007004_12_8;2025;5;6;11;V;8;V;8;V;9;V;17;V;31;V;37;V;35;V;26;V;16;V;14;V;10;V;10;V;7;V;8;V;7;V;8;V;7;V;11;V;27;V;34;V;17;V;12;V;8;V
28;7;4;14;28007004_14_6;2025;5;6;57;V;63;V;64;V;63;V;56;V;43;V;45;V;48;V;61;V;68;V;72;V;82;V;87;V;93;V;94;V;98;V;98;V;98;V;95;V;85;V;73;V;76;V;75;V;75;V
28;74;7;7;28074007_7_8;2025;5;6;4;V;3;V;4;V;4;V;8;V;;N;14;V;11;V;9;V;7;V;5;V;5;V;5;V;5;V;6;V;6;V;4;V;5;V;7;V;7;V;6;V;5;V;5;V;4;V
28;74;7;8;28074007_8_8;2025;5;6;9;V;6;V;8;V;13;V;27;V;;N;38;V;28;V;18;V;14;V;12;V;12;V;13;V;11;V;16;V;14;V;14;V;24;V;32;V;38;V;58;V;44;V;19;V;9;V
28;74;7;9;28074007_9_49;2025;5;6;6;V;7;V;7;V;6;V;6;V;6;V;6;V;3;V;5;V;6;V;5;V;4;V;4;V;5;V;6;V;4;V;4;V;5;V;5;V;6;V;7;V;9;V;9;V;7;V
28;74;7;10;28074007_10_49;2025;5;6;7;V;7;V;6;V;7;V;8;V;10;V;11;V;9;V;11;V;8;V;7;V;6;V;6;V;4;V;5;V;6;V;5;V;7;V;9;V;12;V;12;V;13;V;14;V;11;V
28;74;7;12;28074007_12_8;2025;5;6;14;V;11;V;14;V;18;V;40;V;;N;59;V;45;V;31;V;25;V;20;V;19;V;21;V;18;V;26;V;23;V;21;V;32;V;43;V;49;V;66;V;52;V;25;V;15;V
28;74;7;14;28074007_14_6;2025;5;6;54;V;64;V;59;V;54;V;42;V;;N;;N;25;V;19;V;;N;;N;;N;;N;;N;;N;;N;93;V;89;V;82;V;73;V;51;V;50;V;67;V;69;V
28;80;3;7;28080003_7_8;2025;5;6;1;V;1;V;1;V;1;V;1;V;2;V;5;V;5;V;3;V;3;V;2;V;1;V;1;V;1;V;2;V;3;V;1;V;1;V;1;V;2;V;2;V;1;V;1;V;1;V
28;80;3;8;28080003_8_8;2025;5;6;3;V;4;V;5;V;7;V;10;V;20;V;20;V;16;V;10;V;9;V;8;V;6;V;4;V;6;V;6;V;8;V;4;V;3;V;4;V;16;V;14;V;8;V;5;V;2;V
28;80;3;10;28080003_10_49;2025;5;6;3;V;5;V;6;V;5;V;6;V;4;V;5;V;6;V;6;V;4;V;5;V;7;V;2;V;1;V;2;V;2;V;1;V;2;V;2;V;4;V;5;V;5;V;3;V;5;V
28;80;3;12;28080003_12_8;2025;5;6;5;V;6;V;7;V;9;V;12;V;24;V;27;V;24;V;14;V;13;V;11;V;8;V;6;V;8;V;9;V;11;V;6;V;5;V;6;V;19;V;17;V;10;V;8;V;4;V
28;80;3;14;28080003_14_6;2025;5;6;65;V;63;V;61;V;58;V;49;V;44;V;53;V;58;V;65;V;67;V;76;V;81;V;92;V;98;V;100;V;98;V;101;V;99;V;96;V;90;V;85;V;82;V;81;V;79;V
28;9;1;7;28009001_7_8;2025;5;6;1;V;1;V;1;V;1;V;1;V;1;V;1;V;1;V;1;V;1;V;1;V;1;V;1;V;1;V;1;V;1;V;1;V;1;V;1;V;1;V;1;V;1;V;1;V;1;V
28;9;1;8;28009001_8_8;2025;5;6;2;V;2;V;1;V;2;V;3;V;4;V;4;V;2;V;2;V;2;V;3;V;3;V;2;V;2;V;2;V;3;V;3;V;3;V;5;V;4;V;3;V;2;V;2;V;2;V
28;9;1;9;28009001_9_49;2025;5;6;1;V;1;V;3;V;3;V;3;V;2;V;1;V;1;V;1;V;2;V;2;V;1;V;1;V;1;V;1;V;1;V;2;V;2;V;2;V;3;V;2;V;3;V;3;V;2;V
28;9;1;12;28009001_12_8;2025;5;6;4;V;4;V;3;V;4;V;5;V;6;V;6;V;4;V;4;V;4;V;5;V;5;V;4;V;4;V;4;V;5;V;5;V;5;V;7;V;6;V;5;V;4;V;4;V;4;V
28;9;1;14;28009001_14_6;2025;5;6;58;V;58;V;68;V;68;V;65;V;63;V;71;V;86;V;93;V;102;V;106;V;106;V;112;V;116;V;116;V;116;V;116;V;115;V;108;V;101;V;97;V;88;V;82;V;82;V
28;92;5;1;28092005_1_38;2025;5;6;3;V;3;V;3;V;3;V;3;V;3;V;3;V;3;V;3;V;3;V;3;V;3;V;3;V;3;V;3;V;3;V;3;V;3;V;3;V;3;V;3;V;3;V;3;V;3;V
28;92;5;6;28092005_6_48;2025;5;6;0,4;V;0,3;V;0,3;V;0,3;V;0,4;V;0,4;V;0,4;V;0,4;V;0,4;V;0,4;V;0,4;V;0,4;V;0,4;V;0,4;V;0,4;V;0,4;V;0,4;V;0,4;V;0,4;V;0,4;V;0,4;V;0,4;V;0,4;V;0,4;V
28;92;5;7;28092005_7_8;2025;5;6;2;V;2;V;2;V;2;V;2;V;3;V;6;V;9;V;8;V;6;V;4;V;4;V;2;V;2;V;3;V;2;V;2;V;2;V;2;V;2;V;2;V;2;V;2;V;2;V
28;92;5;8;28092005_8_8;2025;5;6;8;V;5;V;5;V;8;V;16;V;29;V;35;V;30;V;21;V;16;V;12;V;7;V;5;V;5;V;6;V;4;V;4;V;6;V;9;V;18;V;29;V;14;V;8;V;6;V
28;92;5;10;28092005_10_49;2025;5;6;3;V;4;V;6;V;3;V;4;V;8;V;8;V;9;V;7;V;9;V;6;V;4;V;4;V;3;V;3;V;5;V;3;V;3;V;3;V;7;V;10;V;10;V;5;V;7;V
28;92;5;12;28092005_12_8;2025;5;6;11;V;8;V;8;V;11;V;19;V;33;V;45;V;43;V;33;V;25;V;18;V;13;V;8;V;9;V;10;V;7;V;7;V;10;V;12;V;21;V;32;V;17;V;11;V;9;V
28;92;5;14;28092005_14_6;2025;5;6;56;V;67;V;68;V;64;V;53;V;47;V;40;V;49;V;61;V;69;V;74;V;85;V;95;V;98;V;99;V;103;V;103;V;102;V;96;V;88;V;83;V;82;V;83;V;79;V
28;102;1;1;28102001_1_38;2025;5;7;4;V;4;V;4;V;4;V;4;V;4;V;4;V;4;V;4;V;4;V;4;V;4;V;4;V;4;V;4;V;4;V;4;V;4;V;4;V;4;V;4;V;4;V;4;V;4;V
28;102;1;6;28102001_6_48;2025;5;7;0,3;V;0,3;V;0,2;V;0,3;V;0,3;V;0,3;V;0,3;V;0,3;V;0,3;V;0,4;V;0,3;V;0,3;V;0,3;V;0,4;V;0,4;V;0,3;V;0,4;V;0,4;V;0,3;V;0,4;V;0,5;V;0,4;V;0,4;V;0,4;V
28;102;1;7;28102001_7_8;2025;5;7;1;V;1;V;1;V;1;V;1;V;1;V;1;V;1;V;1;V;1;V;1;V;1;V;1;V;1;V;1;V;1;V;1;V;1;V;1;V;1;V;1;V;1;V;1;V;1;V
28;102;1;8;28102001_8_8;2025;5;7;1;V;1;V;1;V;1;V;1;V;1;V;1;V;1;V;1;V;1;V;1;V;1;V;1;V;1;V;1;V;2;V;2;V;3;V;3;V;4;V;2;V;2;V;2;V;2;V
28;102;1;10;28102001_10_49;2025;5;7;2;V;3;V;3;V;2;V;1;V;1;V;2;V;4;V;3;V;4;V;4;V;3;V;4;V;3;V;4;V;4;V;5;V;5;V;6;V;7;V;6;V;6;V;5;V;4;V
28;102;1;12;28102001_12_8;2025;5;7;3;V;3;V;3;V;3;V;3;V;3;V;3;V;3;V;3;V;3;V;3;V;3;V;3;V;3;V;3;V;4;V;4;V;5;V;5;V;6;V;4;V;4;V;4;V;4;V
28;102;1;14;28102001_14_6;2025;5;7;74;V;72;V;73;V;72;V;69;V;69;V;70;V;69;V;74;V;78;V;86;V;93;V;98;V;96;V;100;V;104;V;107;V;105;V;98;V;103;V;85;V;73;V;73;V;74;V
28;106;1;7;28106001_7_8;2025;5;7;1;V;1;V;1;V;1;V;1;V;2;V;5;V;7;V;7;V;3;V;3;V;2;V;1;V;1;V;1;V;2;V;1;V;1;V;2;V;2;V;1;V;1;V;1;V;1;V
28;106;1;8;28106001_8_8;2025;5;7;6;V;7;V;8;V;11;V;21;V;40;V;32;V;30;V;27;V;15;V;13;V;11;V;7;V;6;V;5;V;11;V;7;V;8;V;13;V;17;V;22;V;21;V;17;V;15;V
28;106;1;9;28106001_9_49;2025;5;7;10;V;5;V;5;V;4;V;4;V;6;V;7;V;8;V;8;V;7;V;9;V;8;V;7;V;7;V;8;V;7;V;7;V;9;V;11;V;10;V;8;V;10;V;10;V;9;V
28;106;1;12;28106001_12_8;2025;5;7;8;V;9;V;10;V;13;V;23;V;43;V;39;V;40;V;38;V;21;V;17;V;13;V;9;V;8;V;7;V;14;V;10;V;10;V;16;V;21;V;25;V;23;V;19;V;17;V
28;106;1;14;28106001_14_6;2025;5;7;72;V;71;V;69;V;65;V;57;V;39;V;46;V;48;V;53;V;69;V;74;V;82;V;96;V;102;V;105;V;102;V;105;V;103;V;88;V;70;V;67;V;60;V;57;V;55;V
28;115;3;7;28115003_7_8;2025;5;7;1;V;1;V;1;V;1;V;1;V;1;V;3;V;3;V;2;V;1;V;2;V;2;V;1;V;1;V;1;V;1;V;2;V;2;V;1;V;3;V;2;V;2;V;1;V;1;V
28;115;3;8;28115003_8_8;2025;5;7;3;V;2;V;2;V;4;V;6;V;17;V;21;V;15;V;10;V;10;V;12;V;12;V;12;V;9;V;9;V;10;V;16;V;19;V;35;V;41;V;37;V;29;V;17;V;16;V
28;115;3;9;28115003_9_49;2025;5;7;4;V;1;V;2;V;3;V;2;V;2;V;2;V;3;V;3;V;4;V;5;V;4;V;6;V;8;V;9;V;8;V;6;V;5;V;4;V;3;V;6;V;8;V;10;V;11;V
28;115;3;12;28115003_12_8;2025;5;7;5;V;4;V;4;V;6;V;8;V;19;V;26;V;19;V;13;V;12;V;14;V;14;V;14;V;11;V;11;V;12;V;20;V;22;V;37;V;45;V;40;V;32;V;19;V;18;V
28;115;3;14;28115003_14_6;2025;5;7;68;V;68;V;67;V;66;V;64;V;54;V;51;V;58;V;64;V;72;V;74;V;82;V;87;V;90;V;94;V;94;V;84;V;76;V;59;V;31;V;30;V;29;V;37;V;27;V
28;120;1;7;28120001_7_8;2025;5;7;1;V;1;V;1;V;1;V;1;V;1;V;1;V;1;V;1;V;1;V;1;V;1;V;1;V;1;V;1;V;1;V;1;V;1;V;1;V;1;V;1;V;1;V;1;V;1;V
28;120;1;8;28120001_8_8;2025;5;7;1;V;1;V;1;V;1;V;1;V;1;V;1;V;1;V;2;V;1;V;2;V;2;V;1;V;2;V;2;V;2;V;2;V;2;V;2;V;2;V;2;V;1;V;2;V;1;V
28;120;1;9;28120001_9_49;2025;5;7;13;V;8;V;2;V;21;V;1;V;1;V;3;V;44;V;6;V;24;V;3;V;13;V;11;V;9;V;1;V;8;V;12;V;4;V;1;V;6;V;13;V;7;V;8;V;8;V
28;120;1;10;28120001_10_49;2025;5;7;4;V;3;V;1;V;8;V;1;V;1;V;1;V;17;V;10;V;15;V;5;V;8;V;6;V;6;V;1;V;4;V;8;V;4;V;1;V;1;V;3;V;2;V;3;V;3;V
28;120;1;12;28120001_12_8;2025;5;7;3;V;3;V;3;V;3;V;3;V;3;V;3;V;3;V;4;V;3;V;4;V;4;V;3;V;4;V;4;V;4;V;4;V;4;V;4;V;4;V;4;V;3;V;4;V;3;V
28;120;1;14;28120001_14_6;2025;5;7;90;V;87;V;91;V;75;V;65;V;70;V;81;V;94;V;97;V;111;V;111;V;112;V;105;V;107;V;108;V;109;V;106;V;105;V;94;V;95;V;74;V;65;V;69;V;88;V
28;123;2;7;28123002_7_8;2025;5;7;1;V;1;V;1;V;1;V;2;V;7;V;12;V;13;V;9;V;6;V;5;V;3;V;2;V;2;V;1;V;1;V;3;V;2;V;1;V;1;V;1;V;1;V;1;V;1;V
28;123;2;8;28123002_8_8;2025;5;7;4;V;4;V;4;V;4;V;13;V;22;V;24;V;23;V;16;V;12;V;11;V;8;V;5;V;5;V;6;V;8;V;15;V;12;V;20;V;19;V;22;V;31;V;30;V;13;V
28;123;2;10;28123002_10_49;2025;5;7;5;V;5;V;5;V;5;V;5;V;5;V;5;V;7;V;9;V;7;V;8;V;10;V;8;V;8;V;9;V;9;V;10;V;11;V;11;V;12;V;12;V;12;V;12;V;10;V
28;123;2;12;28123002_12_8;2025;5;7;6;V;6;V;6;V;6;V;16;V;33;V;43;V;42;V;29;V;21;V;18;V;13;V;8;V;9;V;8;V;10;V;20;V;15;V;22;V;21;V;24;V;34;V;32;V;15;V
28;123;2;14;28123002_14_8;2025;5;7;70;V;70;V;70;V;71;V;59;V;52;V;48;V;49;V;60;V;71;V;78;V;86;V;98;V;101;V;103;V;106;V;101;V;104;V;95;V;74;V;62;V;47;V;40;V;57;V
28;123;2;14;28123002_14_6;2025;5;7;71;V;71;V;70;V;71;V;60;V;52;V;49;V;50;V;61;V;73;V;78;V;87;V;99;V;101;V;104;V;106;V;103;V;105;V;95;V;74;V;63;V;49;V;41;V;58;V
28;127;4;7;28127004_7_8;2025;5;7;1;V;1;V;1;V;1;V;2;V;2;V;2;V;1;V;2;V;1;V;1;V;1;V;2;V;2;V;2;V;2;V;2;V;2;V;2;V;5;V;5;V;1;V;1;V;1;V
28;127;4;8;28127004_8_8;2025;5;7;2;V;3;V;3;V;3;V;7;V;13;V;12;V;7;V;8;V;4;V;4;V;4;V;8;V;11;V;11;V;10;V;15;V;17;V;22;V;59;V;44;V;20;V;24;V;15;V
28;127;4;10;28127004_10_49;2025;5;7;4;V;3;V;7;V;4;V;5;V;2;V;10;V;3;V;3;V;6;V;2;V;9;V;7;V;17;V;5;V;8;V;9;V;10;V;12;V;6;V;14;V;12;V;8;V;8;V
28;127;4;12;28127004_12_8;2025;5;7;4;V;5;V;5;V;5;V;10;V;15;V;15;V;9;V;11;V;6;V;6;V;6;V;11;V;14;V;14;V;12;V;18;V;20;V;24;V;67;V;52;V;22;V;26;V;17;V
28;127;4;14;28127004_14_6;2025;5;7;76;V;76;V;76;V;74;V;70;V;63;V;66;V;75;V;79;V;87;V;91;V;99;V;99;V;100;V;104;V;106;V;99;V;94;V;88;V;43;V;39;V;57;V;45;V;36;V
28;13;2;7;28013002_7_8;2025;5;7;1;V;1;V;1;V;1;V;1;V;1;V;2;V;2;V;2;V;1;V;1;V;1;V;1;V;1;V;1;V;1;V;1;V;1;V;1;V;1;V;1;V;1;V;1;V;1;V
28;13;2;8;28013002_8_8;2025;5;7;5;V;4;V;4;V;5;V;7;V;11;V;11;V;9;V;7;V;4;V;3;V;3;V;3;V;3;V;3;V;4;V;3;V;6;V;6;V;9;V;13;V;11;V;6;V;3;V
28;13;2;10;28013002_10_49;2025;5;7;7;V;8;V;10;V;7;V;8;V;5;V;4;V;7;V;7;V;4;V;7;V;8;V;7;V;5;V;4;V;4;V;4;V;8;V;10;V;4;V;6;V;8;V;8;V;7;V
28;13;2;12;28013002_12_8;2025;5;7;7;V;6;V;6;V;7;V;9;V;13;V;14;V;12;V;10;V;6;V;5;V;5;V;5;V;5;V;5;V;6;V;5;V;8;V;8;V;11;V;15;V;13;V;8;V;5;V
28;13;2;14;28013002_14_6;2025;5;7;48;V;43;V;44;V;40;V;43;V;34;V;38;V;41;V;54;V;68;V;77;V;86;V;93;V;97;V;102;V;103;V;103;V;96;V;87;V;83;V;69;V;62;V;63;V;66;V
28;133;2;7;28133002_7_8;2025;5;7;1;V;1;V;1;V;1;V;1;V;2;V;;N;;N;1;V;1;V;2;V;1;V;1;V;1;V;1;V;1;V;1;V;1;V;1;V;1;V;1;V;1;V;1;V;1;V
28;133;2;8;28133002_8_8;2025;5;7;1;V;2;V;1;V;1;V;3;V;16;V;;N;;N;3;V;5;V;4;V;2;V;3;V;3;V;3;V;3;V;5;V;6;V;11;V;9;V;4;V;5;V;2;V;2;V
28;133;2;10;28133002_10_49;2025;5;7;4;V;1;V;2;V;3;V;3;V;6;V;14;V;23;V;19;V;11;V;8;V;9;V;8;V;5;V;4;V;4;V;3;V;2;V;2;V;6;V;6;V;4;V;5;V;4;V
28;133;2;12;28133002_12_8;2025;5;7;3;V;4;V;3;V;3;V;5;V;19;V;;N;;N;5;V;7;V;7;V;4;V;6;V;5;V;5;V;5;V;7;V;8;V;13;V;11;V;6;V;7;V;4;V;4;V
28;133;2;14;28133002_14_6;2025;5;7;59;V;58;V;56;V;56;V;52;V;34;V;;N;;N;55;V;54;V;65;V;74;V;76;V;81;V;84;V;84;V;79;V;74;V;61;V;57;V;58;V;53;V;52;V;43;V
28;134;2;7;28134002_7_8;2025;5;7;1;V;1;V;1;V;1;V;1;V;1;V;1;V;1;V;1;V;;N;;N;;N;1;V;1;V;1;V;1;V;1;V;1;V;1;V;1;V;1;V;1;V;1;V;1;V
28;134;2;8;28134002_8_8;2025;5;7;2;V;2;V;2;V;2;V;2;V;2;V;2;V;2;V;3;V;;N;;N;;N;7;V;10;V;9;V;8;V;5;V;5;V;4;V;4;V;4;V;8;V;12;V;5;V
28;134;2;10;28134002_10_49;2025;5;7;5;V;3;V;5;V;6;V;8;V;10;V;8;V;7;V;8;V;8;V;8;V;8;V;7;V;7;V;8;V;9;V;8;V;9;V;8;V;10;V;13;V;16;V;13;V;11;V
28;134;2;12;28134002_12_8;2025;5;7;4;V;4;V;4;V;4;V;4;V;4;V;4;V;4;V;5;V;;N;;N;;N;9;V;12;V;11;V;10;V;7;V;7;V;6;V;6;V;6;V;10;V;14;V;7;V
28;134;2;14;28134002_14_6;2025;5;7;69;V;68;V;66;V;66;V;65;V;65;V;69;V;73;V;78;V;;N;;N;;N;;N;98;V;102;V;108;V;111;V;105;V;79;V;28;V;15;V;24;V;37;V;19;V
28;14;2;7;28014002_7_8;2025;5;7;1;V;1;V;1;V;1;V;1;V;2;V;5;V;3;V;4;V;4;V;2;V;2;V;1;V;1;V;1;V;1;V;1;V;1;V;1;V;1;V;1;V;1;V;1;V;1;V
28;14;2;8;28014002_8_8;2025;5;7;9;V;5;V;11;V;10;V;13;V;16;V;20;V;11;V;11;V;9;V;5;V;5;V;4;V;4;V;4;V;5;V;7;V;6;V;8;V;9;V;14;V;17;V;10;V;6;V
28;14;2;10;28014002_10_49;2025;5;7;12;V;9;V;9;V;7;V;5;V;7;V;8;V;7;V;7;V;5;V;5;V;5;V;5;V;5;V;5;V;4;V;5;V;6;V;5;V;6;V;7;V;8;V;8;V;9;V
28;14;2;12;28014002_12_8;2025;5;7;11;V;7;V;13;V;12;V;15;V;20;V;28;V;17;V;17;V;15;V;8;V;9;V;6;V;6;V;6;V;7;V;9;V;8;V;10;V;11;V;16;V;19;V;12;V;8;V
28;14;2;14;28014002_14_8;2025;5;7;60;V;63;V;56;V;54;V;49;V;44;V;40;V;57;V;60;V;69;V;81;V;92;V;99;V;106;V;107;V;111;V;113;V;113;V;107;V;81;V;66;V;42;V;44;V;62;V
28;14;2;14;28014002_14_6;2025;5;7;57;V;60;V;53;V;53;V;47;V;43;V;41;V;55;V;57;V;65;V;77;V;90;V;96;V;112;V;115;V;122;V;115;V;123;V;128;V;82;V;66;V;51;V;49;V;61;V
28;148;4;7;28148004_7_8;2025;5;7;2;V;2;V;2;V;2;V;2;V;3;V;5;V;11;V;32;V;5;V;5;V;7;V;3;V;4;V;6;V;6;V;9;V;3;V;3;V;2;V;2;V;2;V;2;V;2;V
28;148;4;8;28148004_8_8;2025;5;7;4;V;3;V;4;V;4;V;11;V;13;V;15;V;16;V;19;V;10;V;10;V;10;V;5;V;7;V;13;V;16;V;19;V;13;V;20;V;29;V;15;V;16;V;17;V;11;V
28;148;4;9;28148004_9_49;2025;5;7;11;V;11;V;5;V;4;V;6;V;5;V;6;V;4;V;3;V;2;V;1;V;1;V;3;V;1;V;1;V;4;V;6;V;7;V;5;V;8;V;12;V;9;V;8;V;8;V
28;148;4;10;28148004_10_49;2025;5;7;12;V;11;V;12;V;11;V;11;V;10;V;13;V;14;V;13;V;14;V;12;V;10;V;11;V;10;V;13;V;15;V;14;V;15;V;16;V;19;V;22;V;22;V;22;V;25;V
28;148;4;12;28148004_12_8;2025;5;7;7;V;6;V;7;V;7;V;14;V;18;V;23;V;34;V;68;V;18;V;17;V;20;V;10;V;12;V;21;V;24;V;32;V;18;V;25;V;32;V;18;V;19;V;20;V;15;V
28;148;4;14;28148004_14_6;2025;5;7;73;V;73;V;70;V;69;V;59;V;59;V;54;V;62;V;64;V;74;V;82;V;89;V;99;V;103;V;102;V;101;V;100;V;107;V;95;V;72;V;69;V;64;V;54;V;51;V
28;16;1;1;28016001_1_38;2025;5;7;4;V;3;V;4;V;4;V;4;V;4;V;4;V;3;V;4;V;3;V;4;V;4;V;4;V;4;V;4;V;4;V;4;V;4;V;3;V;3;V;4;V;4;V;4;V;3;V
28;16;1;6;28016001_6_48;2025;5;7;0,1;V;0,1;V;0,1;V;0,1;V;0,1;V;0,1;V;0,1;V;0,1;V;0,1;V;0,2;V;0,2;V;0,2;V;0,2;V;0,2;V;0,2;V;0,2;V;0,2;V;0,2;V;0,2;V;0,2;V;0,2;V;0,2;V;0,2;V;0,2;V
28;16;1;7;28016001_7_8;2025;5;7;1;V;1;V;1;V;1;V;1;V;1;V;1;V;1;V;1;V;1;V;1;V;1;V;1;V;1;V;1;V;3;V;1;V;1;V;1;V;1;V;1;V;1;V;1;V;1;V
28;16;1;8;28016001_8_8;2025;5;7;1;V;1;V;1;V;1;V;1;V;1;V;1;V;2;V;1;V;1;V;1;V;2;V;2;V;2;V;2;V;3;V;2;V;3;V;5;V;5;V;4;V;3;V;2;V;2;V
28;16;1;9;28016001_9_49;2025;5;7;7;V;9;V;9;V;6;V;2;V;2;V;2;V;4;V;4;V;2;V;1;V;1;V;1;V;1;V;1;V;2;V;1;V;2;V;3;V;3;V;3;V;2;V;1;V;1;V
28;16;1;10;28016001_10_49;2025;5;7;3;V;1;V;1;V;1;V;1;V;1;V;1;V;2;V;2;V;2;V;2;V;1;V;1;V;2;V;2;V;3;V;4;V;3;V;5;V;4;V;7;V;8;V;6;V;5;V
28;16;1;12;28016001_12_8;2025;5;7;3;V;3;V;3;V;3;V;3;V;3;V;3;V;4;V;3;V;3;V;3;V;4;V;4;V;4;V;4;V;9;V;4;V;5;V;7;V;7;V;6;V;5;V;4;V;4;V
28;16;1;14;28016001_14_6;2025;5;7;76;V;79;V;77;V;54;V;59;V;68;V;61;V;64;V;79;V;94;V;98;V;103;V;109;V;108;V;108;V;106;V;109;V;110;V;108;V;113;V;97;V;99;V;95;V;92;V
28;16;1;20;28016001_20_59;2025;5;7;0,1;V;0,1;V;0,1;V;0,1;V;0,1;V;0,1;V;0,1;V;0,1;V;0,1;V;0,1;V;0,1;V;0,1;V;0,1;V;0,1;V;0,1;V;0,1;V;0,1;V;0,1;V;0,1;V;0,1;V;0,1;V;0,1;V;0,1;V;0,1;V
28;16;1;30;28016001_30_59;2025;5;7;0,1;V;0,1;V;0,1;V;0,1;V;0,1;V;0,1;V;0,1;V;0,1;V;0,1;V;0,1;V;0,1;V;0,1;V;0,1;V;0,1;V;0,1;V;0,1;V;0,1;V;0,1;V;0,1;V;0,1;V;0,1;V;0,1;V;0,1;V;0,1;V
28;16;1;42;28016001_42_2;2025;5;7;1,4;V;1,4;V;1,4;V;1,4;V;1,4;V;1,4;V;1,4;V;1,4;V;1,4;V;1,4;V;1,4;V;1,4;V;1,4;V;1,4;V;1,4;V;1,4;V;1,4;V;1,4;V;1,4;V;1,4;V;1,4;V;1,4;V;1,4;V;1,4;V
28;16;1;44;28016001_44_2;2025;5;7;0,1;V;0,1;V;0,1;V;0,1;V;0,1;V;0,1;V;0,1;V;0,1;V;0,1;V;0,1;V;0,1;V;0,1;V;0,1;V;0,1;V;0,1;V;0,1;V;0,1;V;0,1;V;0,1;V;0,1;V;0,1;V;0,1;V;0,1;V;0,1;V
28;16;1;431;28016001_431_59;2025;5;7;0,1;V;0,1;V;0,1;V;0,1;V;0,1;V;0,1;V;0,1;V;0,1;V;0,1;V;0,1;V;0,1;V;0,1;V;0,1;V;0,1;V;0,1;V;0,1;V;0,1;V;0,1;V;0,1;V;0,1;V;0,1;V;0,1;V;0,1;V;0,1;V
28;161;1;7;28161001_7_8;2025;5;7;1;V;1;V;1;V;1;V;1;V;2;V;5;V;5;V;5;V;2;V;2;V;1;V;1;V;1;V;1;V;2;V;1;V;1;V;1;V;1;V;1;V;1;V;1;V;1;V
28;161;1;8;28161001_8_8;2025;5;7;12;V;17;V;15;V;14;V;23;V;23;V;29;V;23;V;21;V;11;V;9;V;6;V;6;V;5;V;4;V;4;V;4;V;5;V;10;V;12;V;12;V;14;V;10;V;17;V
28;161;1;9;28161001_9_49;2025;5;7;11;V;7;V;6;V;5;V;4;V;3;V;4;V;6;V;7;V;4;V;5;V;4;V;5;V;6;V;5;V;5;V;4;V;4;V;5;V;5;V;4;V;5;V;6;V;7;V
28;161;1;12;28161001_12_8;2025;5;7;14;V;19;V;17;V;16;V;25;V;26;V;36;V;30;V;29;V;15;V;11;V;8;V;8;V;7;V;7;V;8;V;6;V;7;V;12;V;14;V;14;V;16;V;12;V;19;V
28;161;1;14;28161001_14_6;2025;5;7;56;V;54;V;56;V;58;V;50;V;47;V;45;V;49;V;50;V;66;V;71;V;83;V;93;V;100;V;101;V;102;V;105;V;105;V;86;V;74;V;66;V;66;V;59;V;47;V
28;171;1;1;28171001_1_38;2025;5;7;5;V;5;V;5;V;5;V;5;V;5;V;5;V;5;V;5;V;5;V;5;V;5;V;6;V;5;V;6;V;5;V;5;V;5;V;5;V;5;V;5;V;5;V;5;V;5;V
28;171;1;6;28171001_6_48;2025;5;7;0,5;V;0,5;V;0,5;V;0,5;V;0,5;V;0,5;V;0,5;V;0,6;V;0,6;V;0,6;V;0,6;V;0,4;V;0,4;V;0,3;V;0,3;V;0,3;V;0,3;V;0,4;V;0,4;V;0,4;V;0,4;V;0,4;V;0,4;V;0,3;V
28;171;1;7;28171001_7_8;2025;5;7;1;V;1;V;1;V;1;V;1;V;1;V;1;V;1;V;1;V;1;V;1;V;1;V;1;V;1;V;1;V;1;V;1;V;1;V;1;V;1;V;1;V;1;V;1;V;1;V
28;171;1;8;28171001_8_8;2025;5;7;2;V;2;V;2;V;2;V;2;V;2;V;4;V;5;V;4;V;4;V;4;V;6;V;5;V;3;V;2;V;2;V;2;V;2;V;2;V;3;V;5;V;3;V;3;V;3;V
28;171;1;9;28171001_9_49;2025;5;7;3;V;2;V;2;V;2;V;3;V;2;V;1;V;1;V;1;V;1;V;2;V;5;V;6;V;6;V;8;V;9;V;7;V;6;V;1;V;1;V;1;V;1;V;2;V;2;V
28;171;1;10;28171001_10_49;2025;5;7;2;V;3;V;3;V;1;V;1;V;1;V;1;V;1;V;2;V;2;V;4;V;6;V;8;V;10;V;10;V;11;V;8;V;7;V;4;V;2;V;1;V;1;V;1;V;1;V
28;171;1;12;28171001_12_8;2025;5;7;4;V;4;V;4;V;4;V;4;V;4;V;6;V;7;V;6;V;6;V;6;V;8;V;7;V;5;V;4;V;4;V;4;V;4;V;4;V;5;V;7;V;5;V;5;V;5;V
28;171;1;14;28171001_14_6;2025;5;7;80;V;79;V;81;V;80;V;73;V;70;V;67;V;75;V;77;V;86;V;94;V;96;V;104;V;110;V;109;V;105;V;105;V;103;V;89;V;81;V;67;V;56;V;35;V;28;V
28;180;1;7;28180001_7_8;2025;5;7;1;V;1;V;1;V;1;V;1;V;1;V;4;V;4;V;5;V;1;V;1;V;2;V;1;V;1;V;1;V;1;V;1;V;1;V;1;V;1;V;1;V;1;V;1;V;1;V
28;180;1;8;28180001_8_8;2025;5;7;2;V;2;V;2;V;3;V;4;V;6;V;12;V;9;V;12;V;5;V;4;V;4;V;4;V;4;V;3;V;5;V;4;V;7;V;13;V;12;V;14;V;14;V;4;V;5;V
28;180;1;9;28180001_9_49;2025;5;7;2;V;6;V;5;V;2;V;3;V;3;V;3;V;1;V;1;V;1;V;2;V;2;V;3;V;8;V;3;V;3;V;2;V;3;V;3;V;4;V;4;V;6;V;6;V;4;V
28;180;1;12;28180001_12_8;2025;5;7;4;V;4;V;4;V;5;V;7;V;8;V;18;V;15;V;20;V;7;V;6;V;6;V;6;V;6;V;5;V;7;V;6;V;9;V;15;V;14;V;16;V;16;V;6;V;7;V
28;180;1;14;28180001_14_6;2025;5;7;81;V;76;V;73;V;69;V;63;V;60;V;56;V;73;V;76;V;85;V;93;V;97;V;99;V;98;V;101;V;103;V;104;V;102;V;93;V;77;V;69;V;61;V;73;V;70;V
28;45;2;6;28045002_6_48;2025;5;7;0,4;V;0,4;V;0,5;V;0,4;V;0,4;V;0,5;V;0,5;V;0,4;V;0,4;V;0,4;V;0,4;V;0,6;V;0,6;V;0,5;V;0,5;V;0,5;V;0,5;V;0,5;V;0,5;V;0,5;V;0,6;V;0,8;V;0,4;V;0,4;V
28;45;2;7;28045002_7_8;2025;5;7;1;V;1;V;1;V;1;V;2;V;4;V;6;V;8;V;5;V;3;V;3;V;2;V;2;V;1;V;2;V;2;V;2;V;1;V;1;V;1;V;1;V;1;V;1;V;1;V
28;45;2;8;28045002_8_8;2025;5;7;2;V;2;V;2;V;3;V;7;V;15;V;16;V;16;V;12;V;8;V;9;V;6;V;7;V;6;V;7;V;8;V;10;V;12;V;11;V;13;V;9;V;9;V;6;V;5;V
28;45;2;10;28045002_10_49;2025;5;7;4;V;4;V;4;V;3;V;3;V;5;V;6;V;6;V;6;V;8;V;7;V;7;V;7;V;6;V;6;V;6;V;6;V;8;V;9;V;10;V;10;V;11;V;11;V;11;V
28;45;2;12;28045002_12_8;2025;5;7;4;V;4;V;4;V;5;V;11;V;21;V;25;V;28;V;19;V;13;V;14;V;8;V;10;V;8;V;10;V;11;V;14;V;14;V;13;V;15;V;11;V;11;V;8;V;7;V
28;45;2;14;28045002_14_6;2025;5;7;96;V;97;V;96;V;98;V;94;V;81;V;86;V;88;V;92;V;98;V;105;V;114;V;114;V;112;V;116;V;120;V;119;V;117;V;110;V;100;V;101;V;93;V;93;V;91;V
28;47;2;1;28047002_1_38;2025;5;7;3;V;3;V;2;V;3;V;3;V;3;V;3;V;3;V;3;V;3;V;3;V;3;V;3;V;3;V;3;V;3;V;3;V;3;V;3;V;3;V;3;V;3;V;3;V;3;V
28;47;2;7;28047002_7_8;2025;5;7;1;V;1;V;1;V;1;V;3;V;12;V;13;V;3;V;2;V;1;V;1;V;1;V;1;V;1;V;1;V;1;V;1;V;1;V;1;V;1;V;1;V;1;V;2;V;1;V
28;47;2;8;28047002_8_8;2025;5;7;4;V;3;V;6;V;15;V;30;V;40;V;38;V;15;V;11;V;8;V;4;V;6;V;5;V;6;V;7;V;6;V;9;V;11;V;15;V;30;V;24;V;22;V;34;V;21;V
28;47;2;9;28047002_9_49;2025;5;7;6;V;5;V;5;V;6;V;5;V;4;V;5;V;5;V;5;V;3;V;2;V;3;V;5;V;5;V;5;V;4;V;5;V;6;V;4;V;1;V;7;V;2;V;7;V;24;V
28;47;2;12;28047002_12_8;2025;5;7;6;V;5;V;8;V;17;V;34;V;58;V;58;V;20;V;14;V;10;V;7;V;8;V;7;V;8;V;9;V;8;V;11;V;13;V;17;V;32;V;26;V;24;V;36;V;23;V
28;47;2;14;28047002_14_6;2025;5;7;81;V;83;V;75;V;55;V;33;V;14;V;32;V;64;V;82;V;91;V;99;V;101;V;104;V;101;V;103;V;109;V;106;V;103;V;97;V;68;V;57;V;62;V;33;V;30;V
28;47;2;20;28047002_20_59;2025;5;7;0,2;V;0,1;V;0,1;V;0,2;V;0,3;V;0,7;V;6,8;V;0,5;V;0,4;V;0,4;V;0,2;V;0,2;V;0,3;V;0,4;V;0,6;V;0,3;V;0,4;V;0,3;V;0,8;V;1,1;V;1,2;V;0,8;V;1,7;V;1,4;V
28;47;2;30;28047002_30_59;2025;5;7;0,1;V;0,1;V;0,1;V;0,1;V;0,1;V;0,2;V;1,9;V;0,2;V;0,2;V;0,1;V;0,1;V;0,1;V;0,1;V;0,1;V;0,2;V;0,1;V;0,1;V;0,1;V;0,2;V;0,2;V;0,3;V;0,2;V;0,3;V;0,3;V
28;47;2;42;28047002_42_2;2025;5;7;1,3;V;1,3;V;1,3;V;1,3;V;1,4;V;1,4;V;1,4;V;1,3;V;1,3;V;1,3;V;1,3;V;1,3;V;1,3;V;1,3;V;1,3;V;1,3;V;1,3;V;1,3;V;1,3;V;1,4;V;1,4;V;1,4;V;1,4;V;1,4;V
28;47;2;44;28047002_44_2;2025;5;7;0,1;V;0,1;V;0,1;V;0,1;V;0,1;V;0,1;V;0,1;V;0,1;V;0,1;V;0,1;V;0,1;V;0,1;V;0,1;V;0,1;V;0,1;V;0,1;V;0,1;V;0,1;V;0,1;V;0,1;V;0,1;V;0,1;V;0,1;V;0,1;V
28;47;2;431;28047002_431_59;2025;5;7;0,1;V;0,1;V;0,1;V;0,1;V;0,1;V;0,3;V;6;V;0,3;V;0,2;V;0,3;V;0,1;V;0,1;V;0,1;V;0,1;V;0,2;V;0,1;V;0,2;V;0,1;V;0,2;V;0,6;V;0,6;V;0,3;V;0,7;V;0,7;V
28;49;3;7;28049003_7_8;2025;5;7;1;V;1;V;1;V;2;V;4;V;9;V;18;V;;N;;N;;N;;N;5;V;2;V;2;V;2;V;3;V;2;V;2;V;1;V;1;V;1;V;1;V;1;V;2;V
28;49;3;8;28049003_8_8;2025;5;7;5;V;5;V;7;V;10;V;23;V;37;V;42;V;;N;;N;;N;;N;15;V;6;V;7;V;7;V;13;V;10;V;11;V;14;V;22;V;16;V;18;V;28;V;15;V
28;49;3;9;28049003_9_49;2025;5;7;18;V;6;V;3;V;3;V;5;V;4;V;6;V;3;V;1;V;11;V;20;V;15;V;12;V;11;V;17;V;3;V;2;V;2;V;8;V;3;V;6;V;9;V;7;V;8;V
28;49;3;10;28049003_10_49;2025;5;7;8;V;10;V;8;V;5;V;5;V;4;V;6;V;10;V;7;V;5;V;5;V;5;V;7;V;2;V;4;V;7;V;8;V;10;V;10;V;11;V;14;V;14;V;15;V;13;V
28;49;3;12;28049003_12_8;2025;5;7;7;V;7;V;9;V;13;V;29;V;50;V;70;V;;N;;N;;N;;N;22;V;8;V;10;V;10;V;17;V;13;V;14;V;16;V;24;V;18;V;20;V;30;V;18;V
28;49;3;14;28049003_14_6;2025;5;7;69;V;68;V;65;V;60;V;48;V;37;V;34;V;46;V;55;V;63;V;71;V;;N;;N;84;V;93;V;92;V;97;V;95;V;90;V;73;V;63;V;61;V;40;V;48;V
28;5;2;1;28005002_1_38;2025;5;7;5;V;6;V;6;V;5;V;5;V;5;V;6;V;8;V;7;V;6;V;5;V;5;V;5;V;5;V;5;V;4;V;5;V;5;V;5;V;6;V;6;V;6;V;6;V;5;V
28;5;2;6;28005002_6_48;2025;5;7;0,7;V;0,7;V;0,7;V;0,7;V;0,8;V;0,8;V;0,8;V;0,8;V;0,8;V;0,7;V;0,7;V;0,7;V;0,7;V;0,7;V;0,7;V;0,7;V;0,8;V;0,7;V;0,7;V;0,8;V;0,7;V;0,8;V;0,8;V;0,8;V
28;5;2;7;28005002_7_8;2025;5;7;1;V;1;V;1;V;1;V;2;V;4;V;6;V;7;V;5;V;4;V;2;V;2;V;1;V;1;V;1;V;1;V;4;V;1;V;1;V;1;V;1;V;2;V;1;V;1;V
28;5;2;8;28005002_8_8;2025;5;7;9;V;10;V;12;V;14;V;23;V;33;V;29;V;24;V;19;V;15;V;11;V;8;V;8;V;5;V;4;V;7;V;20;V;16;V;17;V;31;V;15;V;18;V;24;V;17;V
28;5;2;9;28005002_9_49;2025;5;7;4;V;6;V;12;V;13;V;3;V;1;V;3;V;9;V;10;V;14;V;12;V;10;V;4;V;4;V;4;V;4;V;4;V;5;V;5;V;6;V;14;V;14;V;11;V;7;V
28;5;2;10;28005002_10_49;2025;5;7;7;V;11;V;12;V;7;V;9;V;12;V;15;V;14;V;18;V;14;V;12;V;9;V;10;V;11;V;6;V;9;V;13;V;16;V;14;V;14;V;17;V;11;V;16;V;13;V
28;5;2;12;28005002_12_8;2025;5;7;11;V;12;V;14;V;16;V;26;V;39;V;38;V;34;V;27;V;21;V;14;V;11;V;10;V;7;V;6;V;9;V;26;V;18;V;19;V;33;V;17;V;22;V;26;V;19;V
28;5;2;14;28005002_14_6;2025;5;7;63;V;59;V;57;V;54;V;44;V;34;V;38;V;49;V;53;V;70;V;78;V;88;V;94;V;101;V;108;V;112;V;100;V;105;V;100;V;67;V;71;V;62;V;50;V;52;V
28;58;4;7;28058004_7_8;2025;5;7;1;V;1;V;1;V;1;V;3;V;7;V;9;V;11;V;8;V;7;V;5;V;6;V;3;V;1;V;1;V;2;V;2;V;2;V;1;V;1;V;1;V;1;V;1;V;1;V
28;58;4;8;28058004_8_8;2025;5;7;7;V;6;V;6;V;8;V;18;V;32;V;33;V;28;V;22;V;19;V;14;V;11;V;9;V;6;V;6;V;8;V;7;V;9;V;10;V;16;V;16;V;14;V;14;V;15;V
28;58;4;10;28058004_10_49;2025;5;7;9;V;9;V;6;V;6;V;5;V;3;V;4;V;6;V;7;V;8;V;10;V;11;V;9;V;8;V;7;V;8;V;6;V;5;V;7;V;17;V;24;V;15;V;11;V;12;V
28;58;4;12;28058004_12_8;2025;5;7;9;V;8;V;8;V;10;V;23;V;43;V;46;V;44;V;34;V;29;V;20;V;20;V;13;V;9;V;8;V;11;V;10;V;12;V;12;V;18;V;18;V;16;V;16;V;17;V
28;58;4;14;28058004_14_6;2025;5;7;71;V;71;V;71;V;69;V;60;V;48;V;48;V;51;V;59;V;67;V;74;V;82;V;92;V;99;V;101;V;99;V;99;V;97;V;90;V;66;V;66;V;69;V;60;V;53;V
28;58;4;20;28058004_20_59;2025;5;7;0,1;V;0,3;V;0,2;V;0,1;V;0,2;V;0,4;V;1;V;1;V;2,4;V;1,1;V;0,6;V;0,6;V;0,5;V;0,5;V;0,3;V;0,2;V;0,8;V;0,4;V;0,3;V;1,1;V;1,1;V;1,5;V;1,2;V;0,8;V
28;58;4;30;28058004_30_59;2025;5;7;0,1;V;0,1;V;0,1;V;0,1;V;0,1;V;0,1;V;0,1;V;0,1;V;0,1;V;0,1;V;0,1;V;0,1;V;0,1;V;0,1;V;0,1;V;0,1;V;0,1;V;0,1;V;0,1;V;0,1;V;0,1;V;0,1;V;0,1;V;0,1;V
28;58;4;42;28058004_42_2;2025;5;7;1,4;V;1,4;V;1,4;V;1,4;V;1,4;V;1,4;V;1,4;V;1,4;V;1,4;V;1,4;V;1,4;V;1,4;V;1,5;V;1,4;V;1,4;V;1,4;V;1,4;V;1,4;V;1,4;V;1,4;V;1,4;V;1,4;V;1,4;V;1,4;V
28;58;4;44;28058004_44_2;2025;5;7;0,1;V;0,1;V;0,1;V;0,1;V;0,1;V;0,1;V;0,1;V;0,1;V;0,1;V;0,1;V;0,1;V;0,1;V;0,1;V;0,1;V;0,1;V;0,1;V;0,1;V;0,1;V;0,1;V;0,1;V;0,1;V;0,1;V;0,1;V;0,1;V
28;58;4;431;28058004_431_59;2025;5;7;0,1;V;0,3;V;0,2;V;0,1;V;0,2;V;0,4;V;0,4;V;1,8;V;1,2;V;1,9;V;0,3;V;0,2;V;0,2;V;0,1;V;0,2;V;0,1;V;0,4;V;0,2;V;0,2;V;0,5;V;0,4;V;0,6;V;0,4;V;0,2;V
28;6;4;7;28006004_7_8;2025;5;7;1;V;1;V;1;V;1;V;3;V;3;V;3;V;3;V;3;V;3;V;3;V;3;V;3;V;3;V;3;V;2;V;2;V;2;V;2;V;2;V;2;V;2;V;2;V;2;V
28;6;4;8;28006004_8_8;2025;5;7;1;V;1;V;1;V;1;V;6;V;12;V;11;V;7;V;4;V;5;V;5;V;6;V;7;V;8;V;8;V;7;V;7;V;8;V;12;V;24;V;36;V;33;V;21;V;15;V
28;6;4;10;28006004_10_49;2025;5;7;4;V;5;V;4;V;4;V;3;V;4;V;6;V;18;V;18;V;8;V;7;V;3;V;3;V;5;V;7;V;8;V;8;V;7;V;8;V;8;V;11;V;16;V;14;V;10;V
28;6;4;12;28006004_12_8;2025;5;7;3;V;3;V;3;V;3;V;10;V;15;V;16;V;12;V;9;V;9;V;10;V;11;V;11;V;13;V;12;V;10;V;10;V;11;V;15;V;27;V;39;V;36;V;24;V;18;V
28;6;4;14;28006004_14_6;2025;5;7;76;V;76;V;75;V;74;V;70;V;64;V;66;V;71;V;74;V;82;V;88;V;92;V;93;V;94;V;96;V;104;V;102;V;99;V;93;V;76;V;51;V;48;V;55;V;50;V
28;6;4;20;28006004_20_59;2025;5;7;0,1;V;0,1;V;0,1;V;0,1;V;0,1;V;0,3;V;0,8;V;1,1;V;0,7;V;0,6;V;0,9;V;0,3;V;0,3;V;0,4;V;0,7;V;0,5;V;0,5;V;0,5;V;0,5;V;0,7;V;3,1;V;1,9;V;0,9;V;1;V
28;6;4;30;28006004_30_59;2025;5;7;0,1;V;0,1;V;0,1;V;0,1;V;0,1;V;0,1;V;0,2;V;0,3;V;0,2;V;0,1;V;0,1;V;0,1;V;0,1;V;0,1;V;0,1;V;0,1;V;0,1;V;0,1;V;0,1;V;0,1;V;0,4;V;0,2;V;0,1;V;0,1;V
28;6;4;42;28006004_42_2;2025;5;7;1,3;V;1,3;V;1,3;V;1,3;V;1,3;V;1,3;V;1,3;V;1,3;V;1,3;V;1,3;V;1,3;V;1,3;V;1,3;V;1,3;V;1,3;V;1,3;V;1,3;V;1,3;V;1,3;V;1,3;V;1,3;V;1,3;V;1,3;V;1,3;V
28;6;4;44;28006004_44_2;2025;5;7;0,1;V;0,1;V;0,1;V;0,1;V;0,1;V;0,1;V;0,1;V;0,1;V;0,1;V;0,1;V;0,1;V;0,1;V;0,1;V;0,1;V;0,1;V;0,1;V;0,1;V;0,1;V;0,1;V;0,1;V;0,1;V;0,1;V;0,1;V;0,1;V
28;6;4;431;28006004_431_59;2025;5;7;0,2;V;0,3;V;0,2;V;0,2;V;0,2;V;0,3;V;0,5;V;0,7;V;0,4;V;0,4;V;0,3;V;0,3;V;0,2;V;0,3;V;0,3;V;0,3;V;0,3;V;0,2;V;0,2;V;0,2;V;1,6;V;0,9;V;0,5;V;0,5;V
28;65;14;7;28065014_7_8;2025;5;7;1;V;1;V;1;V;1;V;1;V;3;V;4;V;7;V;8;V;4;V;3;V;3;V;1;V;1;V;1;V;1;V;1;V;1;V;1;V;1;V;1;V;1;V;1;V;2;V
28;65;14;8;28065014_8_8;2025;5;7;8;V;7;V;6;V;8;V;17;V;29;V;26;V;30;V;25;V;14;V;12;V;11;V;7;V;6;V;7;V;8;V;8;V;10;V;13;V;15;V;27;V;22;V;18;V;33;V
28;65;14;9;28065014_9_49;2025;5;7;2;V;1;V;2;V;3;V;3;V;5;V;27;V;7;V;1;V;3;V;3;V;4;V;6;V;4;V;5;V;1;V;4;V;3;V;2;V;7;V;11;V;6;V;7;V;5;V
28;65;14;10;28065014_10_49;2025;5;7;16;V;16;V;15;V;12;V;11;V;11;V;12;V;13;V;12;V;13;V;14;V;14;V;16;V;14;V;13;V;12;V;12;V;12;V;10;V;12;V;13;V;14;V;13;V;13;V
28;65;14;12;28065014_12_8;2025;5;7;10;V;9;V;8;V;11;V;19;V;33;V;32;V;40;V;38;V;20;V;17;V;15;V;10;V;8;V;10;V;10;V;10;V;12;V;15;V;17;V;29;V;24;V;20;V;36;V
28;65;14;14;28065014_14_6;2025;5;7;73;V;73;V;72;V;70;V;62;V;51;V;53;V;50;V;56;V;74;V;77;V;85;V;95;V;100;V;104;V;105;V;104;V;100;V;92;V;72;V;59;V;63;V;60;V;38;V
28;67;1;7;28067001_7_8;2025;5;7;1;V;1;V;1;V;1;V;2;V;13;V;;N;;N;1;V;2;V;1;V;1;V;1;V;1;V;1;V;1;V;1;V;1;V;1;V;1;V;1;V;1;V;1;V;1;V
28;67;1;8;28067001_8_8;2025;5;7;2;V;1;V;1;V;1;V;3;V;16;V;;N;;N;2;V;2;V;1;V;2;V;2;V;2;V;2;V;3;V;2;V;4;V;5;V;9;V;3;V;2;V;2;V;3;V
28;67;1;10;28067001_10_49;2025;5;7;15;V;12;V;11;V;11;V;11;V;11;V;9;V;1;V;1;V;1;V;1;V;3;V;4;V;5;V;4;V;6;V;7;V;8;V;8;V;11;V;13;V;13;V;10;V;8;V
28;67;1;12;28067001_12_8;2025;5;7;4;V;3;V;3;V;3;V;7;V;36;V;;N;;N;4;V;5;V;3;V;4;V;4;V;4;V;5;V;5;V;4;V;6;V;7;V;11;V;5;V;4;V;4;V;5;V
28;67;1;14;28067001_14_6;2025;5;7;39;V;33;V;27;V;23;V;16;V;4;V;;N;;N;;N;90;V;96;V;105;V;108;V;107;V;106;V;110;V;111;V;109;V;87;V;63;V;93;V;88;V;78;V;59;V
28;7;4;7;28007004_7_8;2025;5;7;1;V;1;V;1;V;1;V;1;V;2;V;5;V;8;V;7;V;4;V;4;V;3;V;2;V;1;V;1;V;1;V;1;V;1;V;1;V;1;V;1;V;1;V;1;V;1;V
28;7;4;8;28007004_8_8;2025;5;7;4;V;3;V;4;V;7;V;13;V;26;V;31;V;26;V;21;V;14;V;13;V;12;V;7;V;6;V;4;V;4;V;3;V;7;V;10;V;18;V;15;V;18;V;18;V;12;V
28;7;4;9;28007004_9_49;2025;5;7;3;V;4;V;8;V;8;V;5;V;4;V;4;V;3;V;6;V;6;V;13;V;14;V;12;V;9;V;10;V;6;V;7;V;4;V;11;V;7;V;5;V;6;V;8;V;7;V
28;7;4;12;28007004_12_8;2025;5;7;6;V;5;V;6;V;9;V;15;V;29;V;38;V;38;V;32;V;20;V;19;V;17;V;9;V;8;V;6;V;6;V;5;V;9;V;12;V;20;V;17;V;20;V;20;V;14;V
28;7;4;14;28007004_14_6;2025;5;7;76;V;76;V;74;V;68;V;64;V;53;V;47;V;53;V;60;V;74;V;81;V;89;V;97;V;100;V;105;V;104;V;102;V;98;V;94;V;72;V;70;V;64;V;57;V;61;V
28;74;7;7;28074007_7_8;2025;5;7;4;V;4;V;4;V;5;V;8;V;10;V;12;V;11;V;11;V;9;V;9;V;5;V;5;V;3;V;3;V;4;V;4;V;3;V;3;V;2;V;3;V;3;V;3;V;4;V
28;74;7;8;28074007_8_8;2025;5;7;5;V;5;V;5;V;7;V;15;V;31;V;32;V;27;V;24;V;19;V;18;V;14;V;11;V;8;V;9;V;12;V;11;V;15;V;22;V;27;V;26;V;25;V;28;V;32;V
28;74;7;9;28074007_9_49;2025;5;7;5;V;4;V;5;V;5;V;4;V;5;V;5;V;4;V;5;V;7;V;8;V;8;V;8;V;10;V;9;V;6;V;6;V;6;V;4;V;5;V;9;V;9;V;9;V;8;V
28;74;7;10;28074007_10_49;2025;5;7;7;V;4;V;5;V;5;V;4;V;6;V;6;V;7;V;7;V;7;V;8;V;9;V;6;V;1;V;1;V;1;V;1;V;1;V;1;V;1;V;1;V;1;V;2;V;4;V
28;74;7;12;28074007_12_8;2025;5;7;11;V;11;V;10;V;14;V;27;V;46;V;51;V;44;V;41;V;33;V;31;V;22;V;19;V;13;V;13;V;18;V;17;V;19;V;26;V;30;V;30;V;29;V;32;V;38;V
28;74;7;14;28074007_14_6;2025;5;7;71;V;70;V;70;V;69;V;62;V;50;V;49;V;53;V;57;V;69;V;75;V;84;V;89;V;94;V;97;V;96;V;95;V;90;V;82;V;63;V;62;V;60;V;44;V;35;V
28;80;3;7;28080003_7_8;2025;5;7;1;V;1;V;1;V;1;V;1;V;1;V;2;V;2;V;3;V;3;V;2;V;3;V;2;V;3;V;1;V;1;V;1;V;1;V;1;V;1;V;1;V;1;V;1;V;1;V
28;80;3;8;28080003_8_8;2025;5;7;2;V;2;V;2;V;2;V;5;V;10;V;12;V;8;V;7;V;7;V;9;V;10;V;11;V;10;V;6;V;4;V;5;V;6;V;12;V;22;V;17;V;17;V;9;V;11;V
28;80;3;10;28080003_10_49;2025;5;7;2;V;1;V;1;V;1;V;1;V;2;V;4;V;3;V;5;V;5;V;3;V;5;V;6;V;8;V;7;V;6;V;4;V;4;V;4;V;5;V;9;V;10;V;7;V;8;V
28;80;3;12;28080003_12_8;2025;5;7;4;V;4;V;4;V;4;V;7;V;12;V;16;V;12;V;11;V;10;V;13;V;14;V;14;V;14;V;8;V;6;V;7;V;8;V;14;V;24;V;19;V;19;V;11;V;13;V
28;80;3;14;28080003_14_6;2025;5;7;78;V;78;V;78;V;79;V;76;V;72;V;70;V;76;V;78;V;83;V;85;V;91;V;97;V;100;V;107;V;108;V;102;V;99;V;88;V;69;V;65;V;61;V;72;V;59;V
28;9;1;7;28009001_7_8;2025;5;7;1;V;1;V;1;V;1;V;1;V;1;V;1;V;1;V;1;V;1;V;1;V;1;V;1;V;1;V;1;V;1;V;1;V;1;V;1;V;1;V;1;V;1;V;1;V;1;V
28;9;1;8;28009001_8_8;2025;5;7;2;V;2;V;2;V;2;V;3;V;4;V;5;V;4;V;3;V;3;V;3;V;3;V;3;V;4;V;7;V;10;V;10;V;12;V;14;V;15;V;25;V;20;V;14;V;10;V
28;9;1;9;28009001_9_49;2025;5;7;3;V;5;V;3;V;2;V;1;V;1;V;1;V;1;V;2;V;5;V;4;V;1;V;2;V;2;V;2;V;3;V;3;V;5;V;5;V;8;V;6;V;6;V;6;V;7;V
28;9;1;12;28009001_12_8;2025;5;7;4;V;4;V;4;V;4;V;5;V;6;V;7;V;6;V;5;V;5;V;5;V;5;V;5;V;6;V;9;V;12;V;12;V;14;V;16;V;17;V;27;V;22;V;16;V;12;V
28;9;1;14;28009001_14_6;2025;5;7;81;V;80;V;80;V;80;V;78;V;76;V;77;V;81;V;84;V;92;V;99;V;104;V;107;V;107;V;107;V;107;V;109;V;107;V;100;V;98;V;80;V;69;V;64;V;71;V
28;92;5;1;28092005_1_38;2025;5;7;3;V;3;V;3;V;3;V;3;V;3;V;3;V;;N;;N;4;V;4;V;3;V;3;V;3;V;3;V;3;V;3;V;3;V;3;V;3;V;4;V;4;V;3;V;3;V
28;92;5;6;28092005_6_48;2025;5;7;0,4;V;0,4;V;0,4;V;0,4;V;0,4;V;;N;;N;;N;0,5;V;0,4;V;0,4;V;0,6;V;0,4;V;0,4;V;0,4;V;0,4;V;0,4;V;0,4;V;0,4;V;0,4;V;0,4;V;0,4;V;0,4;V;0,4;V
28;92;5;7;28092005_7_8;2025;5;7;2;V;2;V;2;V;2;V;2;V;;N;;N;;N;6;V;5;V;5;V;5;V;3;V;2;V;2;V;2;V;2;V;2;V;2;V;2;V;2;V;2;V;2;V;2;V
28;92;5;8;28092005_8_8;2025;5;7;3;V;3;V;4;V;5;V;9;V;;N;;N;;N;22;V;15;V;15;V;12;V;8;V;5;V;5;V;5;V;4;V;6;V;10;V;18;V;16;V;21;V;18;V;14;V
28;92;5;10;28092005_10_49;2025;5;7;1;V;1;V;2;V;6;V;3;V;4;V;7;V;5;V;9;V;5;V;9;V;8;V;9;V;6;V;8;V;5;V;5;V;5;V;3;V;8;V;14;V;10;V;11;V;5;V
28;92;5;12;28092005_12_8;2025;5;7;6;V;6;V;7;V;8;V;12;V;;N;;N;;N;31;V;23;V;23;V;19;V;13;V;8;V;8;V;8;V;7;V;9;V;13;V;21;V;19;V;24;V;21;V;17;V
28;92;5;14;28092005_14_6;2025;5;7;80;V;79;V;78;V;74;V;71;V;60;V;55;V;;N;;N;;N;84;V;95;V;102;V;107;V;111;V;109;V;109;V;105;V;98;V;74;V;75;V;57;V;53;V;57;V
28;102;1;1;28102001_1_38;2025;5;8;4;V;4;V;4;V;4;V;4;V;4;V;4;V;4;V;4;V;4;V;4;V;4;V;4;V;4;V;4;V;4;V;4;V;4;V;4;V;4;V;4;V;4;V;4;V;4;V
28;102;1;6;28102001_6_48;2025;5;8;0,4;V;0,4;V;0,4;V;0,4;V;0,4;V;0,4;V;0,4;V;0,4;V;0,4;V;0,5;V;0,4;V;0,4;V;0,4;V;0,4;V;0,4;V;0,5;V;0,4;V;0,5;V;0,5;V;0,5;V;0,5;V;0,6;V;0,7;V;0,7;V
28;102;1;7;28102001_7_8;2025;5;8;1;V;1;V;1;V;1;V;1;V;1;V;1;V;1;V;1;V;1;V;1;V;1;V;1;V;1;V;1;V;1;V;1;V;1;V;1;V;1;V;1;V;1;V;1;V;1;V
28;102;1;8;28102001_8_8;2025;5;8;2;V;1;V;1;V;1;V;1;V;1;V;1;V;1;V;1;V;1;V;1;V;1;V;3;V;2;V;2;V;3;V;3;V;6;V;9;V;5;V;5;V;4;V;4;V;3;V
28;102;1;10;28102001_10_49;2025;5;8;4;V;3;V;4;V;2;V;1;V;2;V;3;V;3;V;5;V;4;V;6;V;7;V;6;V;5;V;3;V;3;V;3;V;3;V;3;V;3;V;3;V;3;V;5;V;4;V
28;102;1;12;28102001_12_8;2025;5;8;4;V;3;V;3;V;3;V;3;V;3;V;3;V;3;V;3;V;3;V;3;V;3;V;5;V;4;V;4;V;5;V;5;V;8;V;11;V;7;V;7;V;6;V;6;V;5;V
28;102;1;14;28102001_14_6;2025;5;8;82;V;78;V;76;V;69;V;67;V;62;V;58;V;60;V;60;V;56;V;61;V;76;V;82;V;87;V;88;V;86;V;90;V;80;V;70;V;68;V;67;V;63;V;62;V;59;V
28;106;1;7;28106001_7_8;2025;5;8;1;V;1;V;1;V;1;V;1;V;4;V;7;V;;N;;N;3;V;4;V;2;V;4;V;2;V;1;V;2;V;4;V;2;V;1;V;2;V;2;V;1;V;1;V;1;V
28;106;1;8;28106001_8_8;2025;5;8;7;V;6;V;8;V;8;V;22;V;39;V;39;V;;N;;N;16;V;26;V;25;V;23;V;7;V;7;V;11;V;18;V;14;V;11;V;15;V;19;V;11;V;7;V;5;V
28;106;1;9;28106001_9_49;2025;5;8;8;V;4;V;5;V;6;V;6;V;8;V;9;V;9;V;7;V;6;V;8;V;11;V;11;V;8;V;7;V;5;V;4;V;5;V;6;V;6;V;7;V;7;V;6;V;6;V
28;106;1;12;28106001_12_8;2025;5;8;9;V;8;V;10;V;10;V;24;V;44;V;50;V;;N;;N;20;V;32;V;28;V;29;V;10;V;9;V;14;V;24;V;18;V;13;V;18;V;22;V;13;V;9;V;7;V
28;106;1;14;28106001_14_6;2025;5;8;66;V;65;V;63;V;60;V;42;V;27;V;25;V;;N;;N;44;V;40;V;49;V;74;V;92;V;89;V;81;V;74;V;72;V;71;V;59;V;52;V;64;V;67;V;62;V
28;115;3;7;28115003_7_8;2025;5;8;1;V;1;V;1;V;1;V;1;V;;N;;N;;N;;N;;N;6;V;6;V;4;V;2;V;2;V;1;V;2;V;3;V;2;V;1;V;1;V;2;V;1;V;1;V
28;115;3;8;28115003_8_8;2025;5;8;19;V;12;V;7;V;11;V;19;V;;N;;N;;N;;N;;N;28;V;27;V;18;V;10;V;10;V;11;V;15;V;16;V;15;V;17;V;15;V;11;V;6;V;4;V
28;115;3;9;28115003_9_49;2025;5;8;11;V;10;V;9;V;7;V;7;V;10;V;17;V;16;V;14;V;10;V;8;V;7;V;4;V;1;V;1;V;1;V;1;V;1;V;1;V;2;V;3;V;4;V;5;V;5;V
28;115;3;12;28115003_12_8;2025;5;8;21;V;14;V;9;V;13;V;21;V;;N;;N;;N;;N;;N;37;V;36;V;24;V;13;V;12;V;13;V;19;V;20;V;18;V;19;V;17;V;13;V;8;V;6;V
28;115;3;14;28115003_14_6;2025;5;8;37;V;49;V;52;V;34;V;22;V;15;V;11;V;32;V;45;V;;N;40;V;35;V;55;V;71;V;74;V;75;V;72;V;59;V;56;V;48;V;48;V;52;V;57;V;54;V
28;120;1;7;28120001_7_8;2025;5;8;1;V;1;V;1;V;1;V;1;V;1;V;1;V;1;V;1;V;1;V;1;V;1;V;1;V;1;V;1;V;1;V;1;V;1;V;1;V;1;V;1;V;1;V;1;V;1;V
28;120;1;8;28120001_8_8;2025;5;8;1;V;1;V;1;V;1;V;1;V;1;V;1;V;1;V;2;V;2;V;2;V;3;V;2;V;2;V;2;V;2;V;1;V;1;V;1;V;1;V;1;V;1;V;1;V;2;V
28;120;1;9;28120001_9_49;2025;5;8;4;V;20;V;3;V;16;V;1;V;23;V;13;V;1;V;13;V;18;V;17;V;10;V;1;V;2;V;11;V;3;V;5;V;22;V;3;V;8;V;2;V;14;V;10;V;7;V
28;120;1;10;28120001_10_49;2025;5;8;2;V;8;V;1;V;6;V;1;V;8;V;8;V;1;V;7;V;10;V;13;V;9;V;1;V;1;V;3;V;1;V;4;V;12;V;3;V;4;V;2;V;6;V;4;V;3;V
28;120;1;12;28120001_12_8;2025;5;8;3;V;3;V;3;V;3;V;3;V;3;V;3;V;3;V;4;V;4;V;4;V;5;V;4;V;4;V;4;V;4;V;3;V;3;V;3;V;3;V;3;V;3;V;3;V;4;V
28;120;1;14;28120001_14_6;2025;5;8;85;V;77;V;77;V;83;V;95;V;92;V;72;V;98;V;105;V;102;V;102;V;93;V;95;V;96;V;96;V;103;V;100;V;87;V;69;V;66;V;62;V;63;V;71;V;75;V
28;123;2;7;28123002_7_8;2025;5;8;1;V;1;V;1;V;1;V;2;V;5;V;9;V;9;V;6;V;3;V;2;V;4;V;2;V;4;V;2;V;2;V;3;V;2;V;2;V;1;V;1;V;1;V;1;V;1;V
28;123;2;8;28123002_8_8;2025;5;8;8;V;5;V;5;V;4;V;8;V;19;V;20;V;23;V;15;V;13;V;10;V;22;V;16;V;13;V;10;V;11;V;14;V;18;V;21;V;28;V;23;V;15;V;14;V;9;V
28;123;2;10;28123002_10_49;2025;5;8;7;V;3;V;;N;;N;5;V;1;V;1;V;1;V;1;V;1;V;2;V;3;V;6;V;4;V;3;V;3;V;3;V;2;V;2;V;6;V;8;V;10;V;10;V;8;V
28;123;2;12;28123002_12_8;2025;5;8;10;V;7;V;7;V;7;V;10;V;27;V;33;V;37;V;24;V;17;V;13;V;28;V;20;V;19;V;13;V;14;V;18;V;21;V;24;V;30;V;25;V;17;V;16;V;11;V
28;123;2;14;28123002_14_6;2025;5;8;62;V;63;V;68;V;71;V;61;V;46;V;47;V;42;V;49;V;55;V;57;V;46;V;68;V;80;V;88;V;86;V;85;V;78;V;62;V;56;V;51;V;50;V;49;V;57;V
28;123;2;14;28123002_14_8;2025;5;8;61;V;62;V;66;V;70;V;60;V;45;V;46;V;41;V;48;V;54;V;56;V;45;V;66;V;78;V;86;V;85;V;84;V;77;V;61;V;56;V;51;V;49;V;47;V;56;V
28;127;4;7;28127004_7_8;2025;5;8;1;V;1;V;1;V;1;V;1;V;3;V;6;V;6;V;2;V;3;V;6;V;6;V;3;V;2;V;2;V;3;V;3;V;3;V;3;V;2;V;1;V;1;V;1;V;1;V
28;127;4;8;28127004_8_8;2025;5;8;13;V;16;V;15;V;12;V;19;V;28;V;23;V;19;V;14;V;13;V;30;V;20;V;9;V;9;V;10;V;14;V;17;V;13;V;19;V;24;V;17;V;12;V;7;V;5;V
28;127;4;10;28127004_10_49;2025;5;8;22;V;21;V;14;V;10;V;11;V;17;V;14;V;14;V;9;V;10;V;15;V;13;V;3;V;4;V;11;V;5;V;2;V;4;V;9;V;9;V;7;V;5;V;5;V;6;V
28;127;4;12;28127004_12_8;2025;5;8;15;V;18;V;17;V;14;V;21;V;33;V;32;V;27;V;18;V;17;V;39;V;28;V;13;V;12;V;12;V;18;V;22;V;18;V;24;V;27;V;19;V;14;V;9;V;7;V
28;127;4;14;28127004_14_6;2025;5;8;42;V;49;V;40;V;48;V;44;V;27;V;31;V;43;V;59;V;65;V;43;V;60;V;76;V;84;V;82;V;81;V;75;V;70;V;55;V;47;V;52;V;55;V;59;V;55;V
28;13;2;7;28013002_7_8;2025;5;8;1;V;1;V;1;V;1;V;1;V;1;V;2;V;2;V;1;V;1;V;1;V;1;V;2;V;1;V;1;V;1;V;1;V;1;V;1;V;1;V;1;V;1;V;1;V;1;V
28;13;2;8;28013002_8_8;2025;5;8;4;V;3;V;3;V;4;V;5;V;8;V;11;V;8;V;5;V;6;V;9;V;15;V;12;V;7;V;4;V;5;V;5;V;6;V;8;V;13;V;13;V;8;V;12;V;12;V
28;13;2;10;28013002_10_49;2025;5;8;8;V;7;V;7;V;11;V;9;V;7;V;8;V;8;V;6;V;11;V;11;V;15;V;10;V;3;V;2;V;3;V;3;V;5;V;4;V;11;V;8;V;9;V;7;V;7;V
28;13;2;12;28013002_12_8;2025;5;8;6;V;5;V;5;V;6;V;7;V;10;V;14;V;12;V;7;V;8;V;11;V;17;V;15;V;9;V;6;V;7;V;7;V;8;V;10;V;15;V;15;V;10;V;14;V;14;V
28;13;2;14;28013002_14_6;2025;5;8;65;V;64;V;61;V;58;V;50;V;42;V;37;V;46;V;58;V;68;V;68;V;66;V;69;V;87;V;90;V;94;V;84;V;81;V;78;V;68;V;64;V;73;V;64;V;56;V
28;133;2;7;28133002_7_8;2025;5;8;1;V;1;V;1;V;1;V;1;V;2;V;3;V;4;V;1;V;2;V;1;V;1;V;1;V;1;V;1;V;1;V;1;V;1;V;1;V;1;V;1;V;1;V;1;V;1;V
28;133;2;8;28133002_8_8;2025;5;8;2;V;2;V;2;V;2;V;2;V;10;V;10;V;12;V;8;V;8;V;7;V;3;V;3;V;2;V;2;V;3;V;5;V;3;V;4;V;8;V;2;V;1;V;2;V;1;V
28;133;2;10;28133002_10_49;2025;5;8;6;V;6;V;8;V;7;V;6;V;6;V;8;V;12;V;13;V;10;V;5;V;6;V;6;V;2;V;1;V;1;V;1;V;1;V;1;V;2;V;4;V;3;V;2;V;2;V
28;133;2;12;28133002_12_8;2025;5;8;4;V;4;V;4;V;4;V;4;V;13;V;15;V;18;V;11;V;10;V;9;V;5;V;5;V;4;V;4;V;5;V;7;V;5;V;6;V;11;V;4;V;3;V;4;V;3;V
28;133;2;14;28133002_14_6;2025;5;8;38;V;34;V;35;V;39;V;32;V;22;V;23;V;30;V;41;V;36;V;38;V;53;V;62;V;64;V;66;V;59;V;59;V;53;V;51;V;40;V;47;V;55;V;52;V;45;V
28;134;2;7;28134002_7_8;2025;5;8;1;V;1;V;1;V;1;V;1;V;1;V;1;V;4;V;3;V;2;V;2;V;2;V;3;V;1;V;1;V;1;V;1;V;1;V;1;V;1;V;1;V;1;V;1;V;1;V
28;134;2;8;28134002_8_8;2025;5;8;4;V;11;V;8;V;4;V;2;V;4;V;3;V;13;V;11;V;11;V;12;V;16;V;13;V;6;V;4;V;4;V;6;V;3;V;3;V;5;V;6;V;7;V;7;V;6;V
28;134;2;10;28134002_10_49;2025;5;8;11;V;14;V;16;V;15;V;14;V;13;V;12;V;13;V;11;V;9;V;6;V;6;V;8;V;9;V;6;V;4;V;2;V;3;V;4;V;6;V;8;V;9;V;8;V;8;V
28;134;2;12;28134002_12_8;2025;5;8;6;V;13;V;10;V;6;V;4;V;6;V;5;V;18;V;16;V;13;V;16;V;19;V;17;V;8;V;6;V;6;V;8;V;5;V;5;V;7;V;8;V;9;V;9;V;8;V
28;134;2;14;28134002_14_6;2025;5;8;6;V;10;V;10;V;6;V;4;V;9;V;10;V;31;V;53;V;69;V;72;V;61;V;68;V;92;V;89;V;85;V;86;V;86;V;82;V;69;V;64;V;48;V;58;V;60;V
28;14;2;7;28014002_7_8;2025;5;8;1;V;1;V;1;V;1;V;1;V;2;V;2;V;1;V;4;V;3;V;6;V;4;V;2;V;3;V;2;V;2;V;2;V;4;V;1;V;1;V;1;V;1;V;1;V;1;V
28;14;2;8;28014002_8_8;2025;5;8;3;V;4;V;4;V;5;V;10;V;15;V;12;V;7;V;6;V;10;V;18;V;21;V;11;V;12;V;5;V;7;V;10;V;13;V;11;V;14;V;11;V;9;V;9;V;6;V
28;14;2;10;28014002_10_49;2025;5;8;8;V;7;V;5;V;4;V;6;V;6;V;8;V;9;V;9;V;8;V;11;V;13;V;10;V;7;V;5;V;4;V;2;V;2;V;3;V;3;V;3;V;5;V;5;V;5;V
28;14;2;12;28014002_12_8;2025;5;8;5;V;6;V;6;V;7;V;12;V;18;V;15;V;9;V;12;V;15;V;27;V;27;V;13;V;17;V;8;V;11;V;13;V;19;V;13;V;16;V;13;V;11;V;11;V;8;V
28;14;2;14;28014002_14_8;2025;5;8;70;V;67;V;72;V;68;V;57;V;51;V;53;V;63;V;59;V;54;V;53;V;56;V;78;V;85;V;93;V;92;V;85;V;77;V;70;V;61;V;59;V;55;V;51;V;63;V
28;14;2;14;28014002_14_6;2025;5;8;71;V;66;V;68;V;64;V;56;V;48;V;50;V;64;V;62;V;70;V;77;V;59;V;74;V;82;V;104;V;114;V;92;V;98;V;88;V;72;V;62;V;53;V;50;V;59;V
28;148;4;7;28148004_7_8;2025;5;8;2;V;2;V;2;V;2;V;3;V;7;V;17;V;26;V;12;V;5;V;6;V;8;V;9;V;5;V;6;V;5;V;6;V;6;V;4;V;7;V;3;V;2;V;2;V;2;V
28;148;4;8;28148004_8_8;2025;5;8;6;V;4;V;4;V;5;V;17;V;35;V;41;V;37;V;28;V;13;V;13;V;23;V;31;V;12;V;18;V;16;V;15;V;23;V;20;V;32;V;21;V;17;V;11;V;7;V
28;148;4;9;28148004_9_49;2025;5;8;5;V;1;V;1;V;2;V;5;V;4;V;7;V;13;V;13;V;11;V;8;V;7;V;9;V;7;V;13;V;2;V;2;V;6;V;3;V;4;V;6;V;5;V;3;V;4;V
28;148;4;10;28148004_10_49;2025;5;8;24;V;20;V;15;V;11;V;11;V;12;V;14;V;19;V;24;V;22;V;17;V;18;V;22;V;20;V;16;V;10;V;11;V;11;V;13;V;13;V;14;V;16;V;18;V;18;V
28;148;4;12;28148004_12_8;2025;5;8;9;V;7;V;7;V;8;V;21;V;45;V;67;V;76;V;47;V;20;V;21;V;34;V;44;V;20;V;27;V;23;V;24;V;33;V;26;V;42;V;25;V;20;V;14;V;10;V
28;148;4;14;28148004_14_6;2025;5;8;61;V;70;V;68;V;63;V;49;V;21;V;13;V;14;V;37;V;56;V;58;V;50;V;47;V;85;V;86;V;84;V;89;V;79;V;74;V;54;V;54;V;49;V;50;V;59;V
28;16;1;1;28016001_1_38;2025;5;8;4;V;4;V;3;V;3;V;3;V;3;V;4;V;4;V;4;V;4;V;4;V;4;V;4;V;3;V;4;V;3;V;3;V;3;V;4;V;3;V;4;V;4;V;4;V;3;V
28;16;1;6;28016001_6_48;2025;5;8;0,2;V;0,2;V;0,2;V;0,2;V;0,2;V;0,2;V;0,2;V;0,2;V;0,2;V;0,2;V;0,2;V;0,2;V;0,2;V;0,2;V;0,2;V;0,2;V;0,2;V;0,3;V;0,2;V;0,2;V;0,2;V;0,3;V;0,3;V;0,3;V
28;16;1;7;28016001_7_8;2025;5;8;1;V;1;V;1;V;1;V;1;V;1;V;1;V;1;V;1;V;1;V;1;V;1;V;1;V;1;V;1;V;1;V;1;V;1;V;1;V;1;V;1;V;1;V;1;V;1;V
28;16;1;8;28016001_8_8;2025;5;8;2;V;2;V;2;V;2;V;3;V;2;V;3;V;2;V;2;V;2;V;2;V;2;V;2;V;2;V;4;V;3;V;2;V;2;V;2;V;2;V;2;V;2;V;2;V;3;V
28;16;1;9;28016001_9_49;2025;5;8;1;V;1;V;5;V;7;V;5;V;4;V;1;V;2;V;6;V;5;V;2;V;4;V;12;V;8;V;6;V;8;V;4;V;2;V;4;V;2;V;1;V;1;V;1;V;2;V
28;16;1;10;28016001_10_49;2025;5;8;3;V;1;V;1;V;1;V;1;V;1;V;2;V;3;V;3;V;4;V;6;V;6;V;5;V;2;V;1;V;1;V;1;V;1;V;1;V;1;V;1;V;1;V;1;V;1;V
28;16;1;12;28016001_12_8;2025;5;8;4;V;4;V;4;V;4;V;5;V;4;V;5;V;4;V;4;V;4;V;4;V;4;V;4;V;4;V;6;V;5;V;4;V;4;V;4;V;4;V;4;V;4;V;4;V;5;V
28;16;1;14;28016001_14_6;2025;5;8;92;V;80;V;72;V;66;V;63;V;43;V;38;V;52;V;75;V;84;V;83;V;87;V;94;V;101;V;94;V;91;V;87;V;81;V;81;V;81;V;82;V;78;V;65;V;63;V
28;16;1;20;28016001_20_59;2025;5;8;0,1;V;0,1;V;0,1;V;0,1;V;0,1;V;0,1;V;0,1;V;0,1;V;0,1;V;0,1;V;0,1;V;0,1;V;0,1;V;0,1;V;0,1;V;0,1;V;0,1;V;0,1;V;0,1;V;0,1;V;0,1;V;0,1;V;0,1;V;0,1;V
28;16;1;30;28016001_30_59;2025;5;8;0,1;V;0,1;V;0,1;V;0,1;V;0,1;V;0,1;V;0,1;V;0,1;V;0,1;V;0,1;V;0,1;V;0,1;V;0,1;V;0,1;V;0,1;V;0,1;V;0,1;V;0,1;V;0,1;V;0,1;V;0,1;V;0,1;V;0,1;V;0,1;V
28;16;1;42;28016001_42_2;2025;5;8;1,4;V;1,4;V;1,4;V;1,4;V;1,4;V;1,4;V;1,4;V;1,4;V;1,4;V;1,4;V;1,4;V;1,4;V;1,4;V;1,4;V;1,4;V;1,4;V;1,4;V;1,4;V;1,4;V;1,4;V;1,4;V;1,4;V;1,4;V;1,4;V
28;16;1;44;28016001_44_2;2025;5;8;0,1;V;0,1;V;0,1;V;0,1;V;0,1;V;0,1;V;0,1;V;0,1;V;0,1;V;0,1;V;0,1;V;0,1;V;0,1;V;0,1;V;0,1;V;0,1;V;0,1;V;0,1;V;0,1;V;0,1;V;0,1;V;0,1;V;0,1;V;0,1;V
28;16;1;431;28016001_431_59;2025;5;8;0,1;V;0,1;V;0,1;V;0,1;V;0,1;V;0,1;V;0,1;V;0,1;V;0,1;V;0,1;V;0,1;V;0,1;V;0,1;V;0,1;V;0,1;V;0,1;V;0,1;V;0,1;V;0,1;V;0,1;V;0,1;V;0,1;V;0,1;V;0,1;V
28;161;1;7;28161001_7_8;2025;5;8;1;V;1;V;1;V;1;V;2;V;3;V;3;V;3;V;1;V;1;V;3;V;2;V;9;V;1;V;1;V;1;V;1;V;1;V;1;V;2;V;1;V;1;V;1;V;1;V
28;161;1;8;28161001_8_8;2025;5;8;10;V;9;V;8;V;11;V;39;V;32;V;22;V;15;V;9;V;13;V;13;V;20;V;24;V;6;V;4;V;5;V;9;V;7;V;8;V;13;V;10;V;6;V;5;V;4;V
28;161;1;9;28161001_9_49;2025;5;8;9;V;9;V;8;V;7;V;7;V;10;V;11;V;12;V;10;V;10;V;8;V;10;V;9;V;5;V;3;V;4;V;4;V;3;V;3;V;4;V;5;V;7;V;6;V;6;V
28;161;1;12;28161001_12_8;2025;5;8;12;V;11;V;10;V;13;V;42;V;36;V;26;V;20;V;11;V;15;V;17;V;23;V;38;V;8;V;6;V;7;V;11;V;9;V;10;V;16;V;12;V;8;V;7;V;6;V
28;161;1;14;28161001_14_6;2025;5;8;56;V;54;V;61;V;55;V;23;V;30;V;38;V;46;V;50;V;43;V;48;V;50;V;64;V;90;V;89;V;87;V;80;V;78;V;72;V;58;V;56;V;65;V;66;V;63;V
28;171;1;1;28171001_1_38;2025;5;8;5;V;5;V;5;V;5;V;5;V;5;V;5;V;5;V;5;V;5;V;5;V;5;V;5;V;5;V;6;V;5;V;5;V;6;V;5;V;5;V;4;V;4;V;5;V;5;V
28;171;1;6;28171001_6_48;2025;5;8;0,4;V;0,3;V;0,4;V;0,4;V;0,4;V;0,4;V;0,4;V;0,4;V;0,5;V;0,4;V;0,4;V;0,4;V;0,5;V;0,5;V;0,4;V;0,5;V;0,5;V;0,5;V;0,4;V;0,5;V;0,4;V;0,4;V;0,4;V;0,4;V
28;171;1;7;28171001_7_8;2025;5;8;1;V;1;V;1;V;1;V;1;V;1;V;1;V;1;V;1;V;1;V;2;V;2;V;1;V;1;V;1;V;1;V;1;V;1;V;1;V;1;V;1;V;1;V;1;V;1;V
28;171;1;8;28171001_8_8;2025;5;8;3;V;2;V;2;V;2;V;2;V;2;V;3;V;6;V;9;V;10;V;6;V;5;V;3;V;2;V;1;V;2;V;2;V;2;V;3;V;3;V;3;V;2;V;2;V;1;V
28;171;1;9;28171001_9_49;2025;5;8;2;V;3;V;2;V;4;V;4;V;3;V;4;V;3;V;4;V;6;V;7;V;5;V;5;V;6;V;9;V;7;V;9;V;4;V;2;V;3;V;3;V;2;V;2;V;3;V
28;171;1;10;28171001_10_49;2025;5;8;1;V;2;V;5;V;6;V;5;V;6;V;5;V;4;V;6;V;7;V;8;V;7;V;4;V;2;V;3;V;2;V;5;V;3;V;2;V;2;V;3;V;2;V;3;V;2;V
28;171;1;12;28171001_12_8;2025;5;8;5;V;4;V;4;V;4;V;4;V;4;V;5;V;8;V;11;V;12;V;8;V;8;V;5;V;4;V;3;V;4;V;4;V;4;V;5;V;5;V;5;V;4;V;4;V;3;V
28;171;1;14;28171001_14_6;2025;5;8;23;V;36;V;34;V;33;V;35;V;30;V;31;V;41;V;46;V;38;V;45;V;57;V;79;V;78;V;85;V;80;V;71;V;59;V;69;V;49;V;54;V;54;V;39;V;27;V
28;180;1;7;28180001_7_8;2025;5;8;1;V;1;V;1;V;1;V;1;V;1;V;2;V;1;V;1;V;1;V;1;V;3;V;8;V;3;V;1;V;1;V;1;V;1;V;1;V;1;V;1;V;1;V;1;V;1;V
28;180;1;8;28180001_8_8;2025;5;8;4;V;4;V;8;V;6;V;6;V;19;V;11;V;7;V;6;V;4;V;5;V;12;V;21;V;17;V;4;V;5;V;6;V;7;V;9;V;11;V;13;V;9;V;6;V;5;V
28;180;1;9;28180001_9_49;2025;5;8;1;V;1;V;2;V;2;V;3;V;8;V;5;V;4;V;3;V;1;V;2;V;4;V;4;V;3;V;1;V;11;V;6;V;1;V;1;V;1;V;3;V;5;V;3;V;4;V
28;180;1;12;28180001_12_8;2025;5;8;6;V;6;V;10;V;8;V;8;V;22;V;14;V;9;V;8;V;6;V;7;V;16;V;33;V;21;V;6;V;7;V;8;V;9;V;11;V;13;V;15;V;11;V;8;V;7;V
28;180;1;14;28180001_14_6;2025;5;8;73;V;75;V;68;V;66;V;65;V;51;V;59;V;60;V;60;V;68;V;80;V;83;V;73;V;74;V;93;V;94;V;97;V;91;V;80;V;74;V;66;V;59;V;67;V;65;V
28;45;2;6;28045002_6_48;2025;5;8;0,5;V;0,5;V;0,7;V;0,5;V;0,6;V;;N;;N;0,7;V;0,8;V;1,1;V;1,8;V;0,7;V;0,8;V;0,5;V;0,5;V;0,5;V;0,5;V;0,5;V;0,5;V;0,5;V;1,1;V;0,5;V;1,6;V;0,5;V
28;45;2;7;28045002_7_8;2025;5;8;1;V;1;V;1;V;1;V;5;V;;N;;N;6;V;4;V;3;V;5;V;3;V;4;V;2;V;2;V;2;V;2;V;1;V;1;V;1;V;2;V;2;V;2;V;1;V
28;45;2;8;28045002_8_8;2025;5;8;5;V;11;V;9;V;11;V;25;V;;N;;N;15;V;12;V;8;V;11;V;14;V;13;V;8;V;8;V;7;V;7;V;6;V;8;V;9;V;11;V;13;V;9;V;4;V
28;45;2;10;28045002_10_49;2025;5;8;10;V;10;V;12;V;14;V;14;V;16;V;17;V;15;V;14;V;12;V;12;V;11;V;11;V;6;V;6;V;7;V;2;V;3;V;5;V;6;V;7;V;8;V;8;V;9;V
28;45;2;12;28045002_12_8;2025;5;8;7;V;13;V;11;V;13;V;32;V;;N;;N;24;V;17;V;12;V;18;V;19;V;18;V;10;V;10;V;9;V;9;V;8;V;10;V;11;V;13;V;15;V;12;V;6;V
28;45;2;14;28045002_14_6;2025;5;8;87;V;72;V;70;V;65;V;53;V;;N;;N;79;V;82;V;86;V;83;V;76;V;86;V;97;V;92;V;97;V;96;V;87;V;81;V;72;V;68;V;62;V;59;V;63;V
28;47;2;1;28047002_1_38;2025;5;8;3;V;3;V;3;V;3;V;3;V;3;V;3;V;3;V;;N;;N;3;V;3;V;3;V;3;V;3;V;3;V;3;V;3;V;3;V;3;V;3;V;3;V;3;V;3;V
28;47;2;7;28047002_7_8;2025;5;8;1;V;1;V;1;V;1;V;10;V;23;V;28;V;10;V;;N;1;V;2;V;4;V;3;V;2;V;4;V;3;V;2;V;1;V;1;V;13;V;7;V;12;V;1;V;1;V
28;47;2;8;28047002_8_8;2025;5;8;19;V;8;V;17;V;24;V;38;V;41;V;44;V;28;V;;N;10;V;14;V;16;V;12;V;14;V;26;V;17;V;15;V;11;V;14;V;50;V;41;V;41;V;18;V;11;V
28;47;2;9;28047002_9_49;2025;5;8;16;V;4;V;12;V;11;V;9;V;7;V;11;V;16;V;15;V;9;V;6;V;4;V;8;V;8;V;6;V;8;V;9;V;7;V;3;V;2;V;6;V;9;V;9;V;8;V
28;47;2;12;28047002_12_8;2025;5;8;22;V;10;V;19;V;27;V;54;V;75;V;86;V;44;V;;N;12;V;17;V;22;V;15;V;17;V;32;V;21;V;17;V;13;V;17;V;70;V;51;V;59;V;20;V;13;V
28;47;2;14;28047002_14_6;2025;5;8;28;V;41;V;33;V;26;V;7;V;4;V;12;V;38;V;;N;70;V;72;V;66;V;71;V;72;V;60;V;76;V;74;V;74;V;62;V;22;V;14;V;4;V;23;V;38;V
28;47;2;20;28047002_20_59;2025;5;8;0,7;V;0,6;V;1,5;V;1;V;1,1;V;2,2;V;3,5;V;2,6;V;0,6;V;0,8;V;;N;;N;1,4;V;1,4;V;0,8;V;0,7;V;1,1;V;0,7;V;0,4;V;1;V;1,8;V;1,7;V;1,6;V;0,5;V
28;47;2;30;28047002_30_59;2025;5;8;0,2;V;0,2;V;0,2;V;0,2;V;0,2;V;0,4;V;0,6;V;0,4;V;0,2;V;0,2;V;;N;;N;0,2;V;0,3;V;0,2;V;0,2;V;0,2;V;0,2;V;0,1;V;0,2;V;0,9;V;0,6;V;0,4;V;0,2;V
28;47;2;42;28047002_42_2;2025;5;8;1,4;V;1,4;V;1,4;V;1,4;V;1,5;V;1,5;V;1,5;V;1,5;V;1,5;V;1,5;V;;N;;N;1,4;V;1,4;V;1,3;V;1,3;V;1,3;V;1,3;V;1,3;V;1,4;V;1,4;V;1,4;V;1,4;V;1,4;V
28;47;2;44;28047002_44_2;2025;5;8;0,1;V;0,1;V;0,1;V;0,1;V;0,1;V;0,1;V;0,1;V;0,1;V;0,1;V;0,1;V;;N;;N;0,1;V;0,1;V;0,1;V;0,1;V;0,1;V;0,1;V;0,1;V;0,1;V;0,1;V;0,1;V;0,1;V;0,1;V
28;47;2;431;28047002_431_59;2025;5;8;0,3;V;0,2;V;0,4;V;0,4;V;0,4;V;1;V;2,1;V;1,1;V;0,3;V;0,2;V;;N;;N;0,7;V;0,5;V;0,2;V;0,2;V;0,8;V;0,4;V;0,2;V;0,7;V;1;V;0,8;V;0,7;V;0,2;V
28;49;3;7;28049003_7_8;2025;5;8;1;V;1;V;1;V;1;V;9;V;36;V;37;V;30;V;16;V;4;V;4;V;4;V;5;V;4;V;3;V;3;V;3;V;1;V;1;V;1;V;1;V;2;V;1;V;1;V
28;49;3;8;28049003_8_8;2025;5;8;10;V;10;V;11;V;18;V;39;V;48;V;47;V;43;V;32;V;16;V;14;V;19;V;22;V;12;V;9;V;12;V;13;V;11;V;14;V;14;V;15;V;20;V;18;V;11;V
28;49;3;9;28049003_9_49;2025;5;8;6;V;5;V;6;V;11;V;7;V;8;V;12;V;14;V;9;V;6;V;8;V;9;V;5;V;5;V;4;V;4;V;2;V;2;V;3;V;2;V;6;V;5;V;9;V;6;V
28;49;3;10;28049003_10_49;2025;5;8;14;V;16;V;14;V;14;V;13;V;15;V;18;V;21;V;21;V;19;V;17;V;17;V;16;V;14;V;12;V;8;V;6;V;4;V;3;V;2;V;4;V;6;V;6;V;9;V
28;49;3;12;28049003_12_8;2025;5;8;12;V;12;V;13;V;20;V;53;V;102;V;104;V;89;V;56;V;22;V;20;V;25;V;29;V;18;V;13;V;16;V;16;V;13;V;16;V;16;V;17;V;23;V;20;V;13;V
28;49;3;14;28049003_14_6;2025;5;8;50;V;40;V;44;V;33;V;8;V;2;V;5;V;8;V;26;V;49;V;50;V;50;V;51;V;78;V;88;V;80;V;83;V;81;V;68;V;63;V;61;V;46;V;42;V;52;V
28;5;2;1;28005002_1_38;2025;5;8;5;V;5;V;5;V;5;V;5;V;5;V;;N;;N;;N;;N;6;V;5;V;5;V;6;V;5;V;5;V;5;V;5;V;5;V;5;V;5;V;5;V;5;V;5;V
28;5;2;6;28005002_6_48;2025;5;8;0,7;V;0,7;V;0,7;V;0,7;V;0,8;V;0,8;V;0,8;V;0,8;V;;N;;N;;N;0,8;V;0,8;V;0,7;V;0,7;V;0,8;V;0,7;V;0,7;V;0,8;V;0,8;V;0,8;V;0,8;V;0,8;V;0,7;V
28;5;2;7;28005002_7_8;2025;5;8;1;V;1;V;1;V;1;V;3;V;;N;;N;;N;5;V;3;V;1;V;2;V;1;V;1;V;1;V;1;V;2;V;1;V;1;V;1;V;1;V;1;V;1;V;1;V
28;5;2;8;28005002_8_8;2025;5;8;6;V;5;V;8;V;5;V;29;V;;N;;N;;N;29;V;17;V;8;V;11;V;17;V;7;V;7;V;13;V;14;V;15;V;15;V;19;V;17;V;16;V;11;V;7;V
28;5;2;9;28005002_9_49;2025;5;8;6;V;3;V;5;V;7;V;5;V;3;V;24;V;39;V;33;V;18;V;12;V;5;V;1;V;1;V;3;V;1;V;1;V;1;V;2;V;3;V;3;V;6;V;5;V;5;V
28;5;2;10;28005002_10_49;2025;5;8;9;V;10;V;11;V;9;V;14;V;19;V;33;V;48;V;31;V;13;V;17;V;12;V;2;V;5;V;6;V;7;V;7;V;5;V;9;V;8;V;10;V;13;V;15;V;9;V
28;5;2;12;28005002_12_8;2025;5;8;8;V;7;V;10;V;7;V;33;V;;N;;N;;N;37;V;22;V;10;V;14;V;19;V;9;V;9;V;16;V;16;V;17;V;17;V;21;V;19;V;18;V;13;V;9;V
28;5;2;14;28005002_14_6;2025;5;8;58;V;62;V;66;V;69;V;35;V;11;V;;N;;N;34;V;50;V;64;V;57;V;54;V;87;V;94;V;84;V;83;V;88;V;74;V;56;V;54;V;52;V;52;V;56;V
28;58;4;7;28058004_7_8;2025;5;8;1;V;1;V;1;V;1;V;3;V;14;V;9;V;9;V;3;V;5;V;4;V;4;V;3;V;2;V;5;V;3;V;2;V;2;V;2;V;2;V;5;V;1;V;1;V;1;V
28;58;4;8;28058004_8_8;2025;5;8;10;V;5;V;8;V;9;V;23;V;47;V;38;V;27;V;19;V;22;V;26;V;26;V;20;V;8;V;9;V;18;V;16;V;13;V;12;V;16;V;22;V;9;V;5;V;3;V
28;58;4;10;28058004_10_49;2025;5;8;12;V;12;V;13;V;12;V;12;V;13;V;16;V;15;V;16;V;21;V;19;V;25;V;12;V;1;V;1;V;1;V;1;V;3;V;7;V;15;V;21;V;17;V;8;V;6;V
28;58;4;12;28058004_12_8;2025;5;8;12;V;7;V;10;V;11;V;27;V;69;V;52;V;40;V;23;V;30;V;33;V;32;V;25;V;11;V;17;V;23;V;19;V;15;V;15;V;19;V;29;V;11;V;7;V;5;V
28;58;4;14;28058004_14_6;2025;5;8;57;V;62;V;60;V;58;V;45;V;25;V;31;V;40;V;44;V;43;V;38;V;41;V;73;V;87;V;82;V;72;V;70;V;68;V;66;V;54;V;44;V;63;V;70;V;65;V
28;58;4;20;28058004_20_59;2025;5;8;1,8;V;0,6;V;1;V;0,3;V;1,4;V;0,8;V;1,2;V;0,9;V;0,7;V;1,7;V;1;V;1,7;V;8,9;V;2,6;V;0,8;V;0,4;V;0,9;V;0,5;V;0,2;V;0,1;V;2,3;V;2;V;1,5;V;0,8;V
28;58;4;30;28058004_30_59;2025;5;8;0,1;V;0,1;V;0,1;V;0,1;V;0,1;V;0,1;V;0,1;V;0,1;V;0,1;V;0,1;V;0,1;V;0,1;V;0,1;V;0,1;V;0,1;V;0,1;V;0,1;V;0,1;V;0,1;V;0,1;V;0,5;V;0,1;V;0,1;V;0,1;V
28;58;4;42;28058004_42_2;2025;5;8;1,4;V;1,4;V;1,4;V;1,4;V;1,4;V;1,8;V;1,9;V;1,6;V;1,7;V;1,6;V;1,6;V;1,5;V;1,4;V;1,4;V;1,4;V;1,4;V;1,4;V;1,4;V;1,4;V;1,4;V;1,4;V;1,4;V;1,4;V;1,4;V
28;58;4;44;28058004_44_2;2025;5;8;0,1;V;0,1;V;0,1;V;0,1;V;0,1;V;0,2;V;0,2;V;0,1;V;0,1;V;0,1;V;0,1;V;0,2;V;0,1;V;0,1;V;0,1;V;0,1;V;0,1;V;0,1;V;0,1;V;0,1;V;0,1;V;0,1;V;0,1;V;0,1;V
28;58;4;431;28058004_431_59;2025;5;8;0,5;V;0,1;V;0,1;V;0,1;V;0,8;V;0,3;V;0,6;V;0,4;V;0,3;V;0,4;V;0,3;V;0,6;V;5,4;V;1,4;V;0,4;V;0,5;V;0,4;V;0,3;V;0,1;V;0,1;V;1;V;0,8;V;0,8;V;0,4;V
28;6;4;7;28006004_7_8;2025;5;8;2;V;2;V;2;V;2;V;2;V;4;V;7;V;9;V;5;V;3;V;4;V;5;V;5;V;3;V;2;V;3;V;3;V;3;V;2;V;2;V;3;V;3;V;3;V;2;V
28;6;4;8;28006004_8_8;2025;5;8;24;V;22;V;20;V;14;V;14;V;23;V;30;V;23;V;10;V;10;V;15;V;24;V;15;V;8;V;7;V;6;V;7;V;11;V;8;V;8;V;17;V;14;V;7;V;6;V
28;6;4;10;28006004_10_49;2025;5;8;10;V;13;V;14;V;15;V;12;V;10;V;11;V;12;V;9;V;7;V;6;V;8;V;10;V;9;V;3;V;1;V;2;V;2;V;2;V;3;V;7;V;7;V;7;V;6;V
28;6;4;12;28006004_12_8;2025;5;8;27;V;25;V;23;V;17;V;18;V;30;V;40;V;36;V;17;V;15;V;21;V;31;V;22;V;13;V;10;V;11;V;12;V;16;V;11;V;11;V;22;V;19;V;11;V;9;V
28;6;4;14;28006004_14_6;2025;5;8;38;V;37;V;38;V;39;V;44;V;34;V;31;V;41;V;58;V;65;V;62;V;51;V;65;V;83;V;84;V;86;V;84;V;80;V;76;V;65;V;56;V;61;V;70;V;64;V
28;6;4;20;28006004_20_59;2025;5;8;1,3;V;1,3;V;1,4;V;1,6;V;1,5;V;1,6;V;1,6;V;1,2;V;0,5;V;1,1;V;0,9;V;1,7;V;2,3;V;0,8;V;0,9;V;0,3;V;0,4;V;0,3;V;0,5;V;0,7;V;0,8;V;2;V;1;V;1;V
28;6;4;30;28006004_30_59;2025;5;8;0,1;V;0,1;V;0,1;V;0,2;V;0,1;V;0,3;V;0,4;V;0,3;V;0,1;V;0,1;V;0,1;V;0,3;V;0,2;V;0,1;V;0,1;V;0,1;V;0,1;V;0,1;V;0,1;V;0,1;V;0,1;V;0,4;V;0,1;V;0,1;V
28;6;4;42;28006004_42_2;2025;5;8;1,5;V;1,5;V;1,5;V;1,4;V;1,4;V;1,4;V;1,3;V;1,3;V;1,3;V;1,3;V;1,3;V;1,3;V;1,3;V;1,3;V;1,3;V;1,3;V;1,3;V;1,3;V;1,3;V;1,3;V;1,3;V;1,3;V;1,3;V;1,3;V
28;6;4;44;28006004_44_2;2025;5;8;0,1;V;0,1;V;0,1;V;0,1;V;0,1;V;0,1;V;0,1;V;0,1;V;0,1;V;0,1;V;0,1;V;0,1;V;0,1;V;0,1;V;0,1;V;0,1;V;0,1;V;0,1;V;0,1;V;0,1;V;0,1;V;0,1;V;0,1;V;0,1;V
28;6;4;431;28006004_431_59;2025;5;8;0,6;V;0,9;V;0,9;V;1;V;0,8;V;0,9;V;0,9;V;0,8;V;0,4;V;0,6;V;0,5;V;0,9;V;1,1;V;0,4;V;0,5;V;0,2;V;0,3;V;0,2;V;1,5;V;0,3;V;0,3;V;1,2;V;0,5;V;0,4;V
28;65;14;7;28065014_7_8;2025;5;8;1;V;1;V;1;V;1;V;1;V;6;V;5;V;3;V;2;V;4;V;3;V;5;V;5;V;3;V;2;V;3;V;2;V;2;V;3;V;2;V;2;V;2;V;1;V;1;V
28;65;14;8;28065014_8_8;2025;5;8;11;V;8;V;13;V;17;V;27;V;47;V;31;V;17;V;11;V;17;V;18;V;30;V;25;V;12;V;8;V;13;V;14;V;15;V;14;V;18;V;24;V;19;V;8;V;5;V
28;65;14;9;28065014_9_49;2025;5;8;8;V;14;V;14;V;15;V;10;V;7;V;11;V;5;V;4;V;6;V;6;V;6;V;7;V;5;V;2;V;1;V;2;V;1;V;3;V;3;V;4;V;6;V;4;V;7;V
28;65;14;10;28065014_10_49;2025;5;8;15;V;21;V;19;V;18;V;15;V;15;V;17;V;19;V;18;V;17;V;16;V;15;V;13;V;13;V;11;V;9;V;8;V;9;V;8;V;10;V;11;V;12;V;12;V;12;V
28;65;14;12;28065014_12_8;2025;5;8;13;V;10;V;15;V;19;V;29;V;57;V;38;V;22;V;14;V;22;V;23;V;37;V;33;V;16;V;10;V;17;V;17;V;18;V;18;V;21;V;26;V;21;V;10;V;7;V
28;65;14;14;28065014_14_6;2025;5;8;59;V;59;V;57;V;52;V;40;V;18;V;34;V;51;V;55;V;48;V;47;V;36;V;57;V;87;V;86;V;80;V;81;V;69;V;73;V;62;V;49;V;48;V;68;V;70;V
28;67;1;7;28067001_7_8;2025;5;8;1;V;1;V;1;V;1;V;2;V;3;V;7;V;3;V;1;V;1;V;1;V;1;V;1;V;1;V;1;V;1;V;1;V;1;V;1;V;1;V;1;V;2;V;1;V;1;V
28;67;1;8;28067001_8_8;2025;5;8;2;V;2;V;2;V;2;V;3;V;5;V;9;V;8;V;4;V;3;V;3;V;3;V;2;V;4;V;4;V;4;V;3;V;3;V;6;V;10;V;7;V;5;V;3;V;3;V
28;67;1;10;28067001_10_49;2025;5;8;9;V;10;V;14;V;15;V;14;V;13;V;14;V;15;V;12;V;10;V;7;V;5;V;4;V;3;V;4;V;5;V;5;V;6;V;7;V;7;V;10;V;14;V;14;V;14;V
28;67;1;12;28067001_12_8;2025;5;8;4;V;4;V;4;V;4;V;6;V;9;V;20;V;12;V;6;V;5;V;5;V;5;V;4;V;6;V;6;V;6;V;5;V;5;V;8;V;12;V;9;V;7;V;5;V;5;V
28;67;1;14;28067001_14_6;2025;5;8;42;V;37;V;43;V;39;V;26;V;14;V;16;V;50;V;80;V;83;V;76;V;85;V;92;V;81;V;82;V;81;V;82;V;73;V;61;V;35;V;31;V;25;V;16;V;20;V
28;7;4;7;28007004_7_8;2025;5;8;1;V;1;V;1;V;1;V;2;V;;N;;N;;N;3;V;4;V;4;V;4;V;3;V;1;V;1;V;2;V;1;V;1;V;1;V;1;V;1;V;1;V;1;V;1;V
28;7;4;8;28007004_8_8;2025;5;8;17;V;7;V;8;V;9;V;25;V;;N;;N;;N;20;V;20;V;26;V;24;V;12;V;6;V;6;V;9;V;5;V;9;V;11;V;12;V;16;V;10;V;5;V;4;V
28;7;4;9;28007004_9_49;2025;5;8;10;V;15;V;12;V;9;V;7;V;8;V;10;V;18;V;8;V;7;V;15;V;13;V;6;V;4;V;3;V;2;V;3;V;7;V;4;V;3;V;4;V;6;V;5;V;4;V
28;7;4;12;28007004_12_8;2025;5;8;19;V;9;V;10;V;11;V;28;V;;N;;N;;N;26;V;25;V;32;V;30;V;17;V;8;V;8;V;11;V;7;V;11;V;13;V;14;V;18;V;12;V;7;V;6;V
28;7;4;14;28007004_14_6;2025;5;8;48;V;61;V;61;V;58;V;43;V;;N;;N;;N;48;V;48;V;39;V;42;V;72;V;88;V;83;V;84;V;85;V;73;V;73;V;64;V;58;V;63;V;67;V;67;V
28;74;7;7;28074007_7_8;2025;5;8;3;V;3;V;3;V;5;V;7;V;15;V;12;V;12;V;6;V;5;V;5;V;7;V;7;V;4;V;4;V;5;V;4;V;4;V;4;V;3;V;3;V;2;V;2;V;2;V
28;74;7;8;28074007_8_8;2025;5;8;19;V;10;V;8;V;19;V;29;V;57;V;43;V;34;V;19;V;19;V;25;V;34;V;23;V;10;V;9;V;18;V;14;V;17;V;19;V;23;V;28;V;20;V;8;V;8;V
28;74;7;9;28074007_9_49;2025;5;8;9;V;10;V;8;V;7;V;7;V;8;V;9;V;8;V;9;V;7;V;7;V;11;V;16;V;15;V;10;V;7;V;5;V;5;V;6;V;6;V;7;V;8;V;7;V;5;V
28;74;7;10;28074007_10_49;2025;5;8;6;V;8;V;7;V;6;V;8;V;11;V;14;V;15;V;15;V;16;V;17;V;21;V;18;V;8;V;3;V;2;V;2;V;4;V;6;V;7;V;7;V;8;V;8;V;7;V
28;74;7;12;28074007_12_8;2025;5;8;23;V;15;V;13;V;26;V;39;V;80;V;62;V;52;V;27;V;26;V;34;V;45;V;33;V;16;V;15;V;26;V;20;V;24;V;25;V;27;V;33;V;23;V;11;V;10;V
28;74;7;14;28074007_14_6;2025;5;8;50;V;57;V;60;V;47;V;39;V;19;V;30;V;39;V;51;V;50;V;45;V;35;V;62;V;84;V;80;V;73;V;78;V;62;V;65;V;56;V;48;V;52;V;62;V;61;V
28;80;3;7;28080003_7_8;2025;5;8;1;V;1;V;1;V;1;V;2;V;2;V;11;V;13;V;4;V;4;V;3;V;;N;;N;1;V;3;V;3;V;1;V;1;V;1;V;1;V;1;V;1;V;1;V;1;V
28;80;3;8;28080003_8_8;2025;5;8;13;V;14;V;8;V;10;V;19;V;29;V;32;V;32;V;22;V;22;V;27;V;;N;;N;4;V;10;V;15;V;4;V;4;V;4;V;7;V;7;V;8;V;5;V;5;V
28;80;3;10;28080003_10_49;2025;5;8;5;V;3;V;6;V;6;V;5;V;10;V;12;V;17;V;18;V;15;V;13;V;10;V;5;V;2;V;1;V;2;V;1;V;1;V;2;V;2;V;3;V;2;V;4;V;2;V
28;80;3;12;28080003_12_8;2025;5;8;15;V;16;V;10;V;12;V;22;V;33;V;48;V;52;V;28;V;29;V;31;V;;N;;N;6;V;15;V;20;V;6;V;6;V;6;V;9;V;9;V;10;V;7;V;7;V
28;80;3;14;28080003_14_6;2025;5;8;48;V;52;V;61;V;58;V;46;V;33;V;28;V;36;V;56;V;55;V;46;V;;N;;N;86;V;83;V;82;V;89;V;75;V;72;V;65;V;69;V;60;V;62;V;56;V
28;9;1;7;28009001_7_8;2025;5;8;1;V;1;V;1;V;1;V;1;V;1;V;1;V;1;V;1;V;1;V;1;V;2;V;3;V;2;V;1;V;1;V;1;V;1;V;1;V;1;V;1;V;1;V;1;V;1;V
28;9;1;8;28009001_8_8;2025;5;8;12;V;6;V;6;V;6;V;6;V;7;V;7;V;5;V;3;V;3;V;4;V;18;V;22;V;11;V;11;V;7;V;6;V;7;V;8;V;11;V;11;V;14;V;19;V;16;V
28;9;1;9;28009001_9_49;2025;5;8;8;V;10;V;8;V;7;V;5;V;5;V;4;V;4;V;2;V;1;V;3;V;3;V;5;V;6;V;5;V;3;V;1;V;1;V;2;V;2;V;3;V;3;V;4;V;5;V
28;9;1;12;28009001_12_8;2025;5;8;14;V;8;V;8;V;8;V;8;V;9;V;9;V;7;V;5;V;5;V;6;V;20;V;27;V;14;V;13;V;9;V;8;V;9;V;10;V;13;V;13;V;16;V;21;V;18;V
28;9;1;14;28009001_14_6;2025;5;8;62;V;72;V;67;V;62;V;58;V;61;V;68;V;72;V;78;V;83;V;81;V;65;V;57;V;83;V;89;V;91;V;89;V;86;V;81;V;72;V;67;V;61;V;49;V;47;V
28;92;5;1;28092005_1_38;2025;5;8;3;V;3;V;3;V;3;V;3;V;3;V;3;V;3;V;3;V;3;V;3;V;3;V;3;V;3;V;3;V;3;V;3;V;3;V;3;V;3;V;3;V;3;V;3;V;3;V
28;92;5;6;28092005_6_48;2025;5;8;0,4;V;0,4;V;0,4;V;0,4;V;0,4;V;0,4;V;0,5;V;0,5;V;0,4;V;0,4;V;0,4;V;0,4;V;0,4;V;0,4;V;0,3;V;0,4;V;0,4;V;0,4;V;0,4;V;0,4;V;0,4;V;0,4;V;0,4;V;0,4;V
28;92;5;7;28092005_7_8;2025;5;8;2;V;2;V;2;V;2;V;2;V;3;V;6;V;8;V;5;V;5;V;7;V;5;V;4;V;3;V;3;V;3;V;2;V;2;V;2;V;2;V;2;V;2;V;2;V;2;V
28;92;5;8;28092005_8_8;2025;5;8;10;V;5;V;5;V;12;V;23;V;34;V;39;V;31;V;23;V;23;V;27;V;23;V;10;V;5;V;5;V;9;V;5;V;8;V;8;V;11;V;20;V;8;V;4;V;3;V
28;92;5;10;28092005_10_49;2025;5;8;1;V;4;V;5;V;7;V;10;V;9;V;13;V;14;V;9;V;15;V;11;V;12;V;5;V;3;V;2;V;1;V;2;V;5;V;4;V;4;V;5;V;4;V;7;V;3;V
28;92;5;12;28092005_12_8;2025;5;8;13;V;8;V;8;V;15;V;26;V;39;V;49;V;44;V;30;V;31;V;37;V;31;V;16;V;9;V;9;V;14;V;8;V;11;V;11;V;14;V;23;V;11;V;7;V;6;V
28;92;5;14;28092005_14_6;2025;5;8;63;V;72;V;69;V;58;V;46;V;41;V;38;V;44;V;52;V;50;V;41;V;45;V;76;V;94;V;88;V;88;V;87;V;79;V;74;V;65;V;51;V;65;V;71;V;71;V
28;102;1;1;28102001_1_38;2025;5;9;4;V;4;V;4;V;4;V;4;V;4;V;4;V;4;V;4;V;4;V;4;V;4;V;4;V;4;V;4;V;4;V;4;V;4;V;4;V;4;V;4;V;4;V;4;V;4;V
28;102;1;6;28102001_6_48;2025;5;9;0,6;V;0,6;V;0,6;V;0,7;V;0,5;V;0,6;V;0,4;V;0,6;V;0,5;V;0,4;V;0,4;V;0,4;V;0,4;V;0,4;V;0,4;V;0,4;V;0,4;V;0,4;V;0,4;V;0,4;V;0,4;V;0,4;V;0,4;V;0,5;V
28;102;1;7;28102001_7_8;2025;5;9;1;V;1;V;1;V;1;V;1;V;1;V;1;V;1;V;1;V;1;V;1;V;1;V;1;V;1;V;1;V;1;V;1;V;1;V;1;V;1;V;1;V;1;V;1;V;1;V
28;102;1;8;28102001_8_8;2025;5;9;3;V;3;V;2;V;2;V;2;V;1;V;1;V;2;V;2;V;2;V;1;V;1;V;1;V;1;V;1;V;1;V;1;V;1;V;1;V;1;V;1;V;1;V;1;V;1;V
28;102;1;10;28102001_10_49;2025;5;9;3;V;3;V;3;V;4;V;6;V;6;V;6;V;8;V;8;V;9;V;9;V;7;V;6;V;5;V;3;V;2;V;1;V;1;V;1;V;1;V;1;V;1;V;1;V;1;V
28;102;1;12;28102001_12_8;2025;5;9;5;V;5;V;4;V;4;V;4;V;3;V;3;V;4;V;4;V;4;V;3;V;3;V;3;V;3;V;3;V;3;V;3;V;3;V;3;V;3;V;3;V;3;V;3;V;3;V
28;102;1;14;28102001_14_6;2025;5;9;65;V;59;V;59;V;59;V;61;V;61;V;56;V;55;V;69;V;79;V;90;V;90;V;89;V;88;V;89;V;81;V;84;V;83;V;74;V;76;V;75;V;73;V;68;V;61;V
28;106;1;7;28106001_7_8;2025;5;9;1;V;1;V;1;V;1;V;2;V;3;V;10;V;7;V;3;V;1;V;1;V;1;V;2;V;1;V;1;V;1;V;1;V;2;V;2;V;4;V;3;V;2;V;4;V;1;V
28;106;1;8;28106001_8_8;2025;5;9;4;V;5;V;7;V;14;V;30;V;41;V;44;V;26;V;12;V;7;V;7;V;7;V;11;V;7;V;8;V;7;V;8;V;11;V;16;V;37;V;38;V;30;V;41;V;32;V
28;106;1;9;28106001_9_49;2025;5;9;4;V;1;V;1;V;4;V;7;V;7;V;9;V;10;V;10;V;10;V;10;V;9;V;7;V;5;V;5;V;5;V;5;V;5;V;5;V;7;V;7;V;8;V;9;V;9;V
28;106;1;12;28106001_12_8;2025;5;9;6;V;7;V;9;V;16;V;33;V;46;V;59;V;37;V;16;V;10;V;9;V;9;V;14;V;9;V;10;V;9;V;10;V;14;V;19;V;43;V;42;V;33;V;46;V;34;V
28;106;1;14;28106001_14_6;2025;5;9;61;V;62;V;50;V;40;V;28;V;21;V;15;V;40;V;67;V;81;V;83;V;83;V;77;V;82;V;83;V;82;V;82;V;76;V;65;V;44;V;41;V;42;V;25;V;30;V
28;115;3;7;28115003_7_8;2025;5;9;1;V;1;V;1;V;1;V;1;V;2;V;3;V;5;V;3;V;2;V;2;V;2;V;2;V;2;V;2;V;4;V;3;V;2;V;2;V;2;V;1;V;1;V;2;V;1;V
28;115;3;8;28115003_8_8;2025;5;9;4;V;3;V;3;V;4;V;9;V;26;V;23;V;22;V;12;V;7;V;7;V;7;V;7;V;9;V;9;V;13;V;13;V;11;V;13;V;29;V;31;V;36;V;36;V;27;V
28;115;3;9;28115003_9_49;2025;5;9;4;V;6;V;5;V;5;V;4;V;3;V;5;V;8;V;7;V;6;V;7;V;5;V;2;V;5;V;3;V;1;V;1;V;2;V;1;V;2;V;3;V;4;V;6;V;10;V
28;115;3;12;28115003_12_8;2025;5;9;6;V;5;V;5;V;6;V;11;V;29;V;27;V;30;V;17;V;10;V;10;V;10;V;11;V;11;V;12;V;19;V;18;V;13;V;16;V;32;V;33;V;38;V;39;V;30;V
28;115;3;14;28115003_14_6;2025;5;9;53;V;48;V;46;V;45;V;37;V;16;V;30;V;30;V;47;V;66;V;72;V;74;V;76;V;69;V;69;V;66;V;66;V;68;V;65;V;46;V;35;V;20;V;11;V;13;V
28;120;1;7;28120001_7_8;2025;5;9;1;V;1;V;1;V;1;V;1;V;1;V;1;V;1;V;1;V;1;V;1;V;1;V;1;V;1;V;1;V;1;V;1;V;1;V;1;V;1;V;1;V;1;V;1;V;1;V
28;120;1;8;28120001_8_8;2025;5;9;1;V;1;V;1;V;1;V;1;V;1;V;1;V;2;V;2;V;2;V;2;V;1;V;1;V;1;V;1;V;1;V;1;V;1;V;1;V;1;V;1;V;1;V;1;V;1;V
28;120;1;9;28120001_9_49;2025;5;9;1;V;1;V;15;V;2;V;12;V;8;V;7;V;9;V;10;V;13;V;11;V;5;V;2;V;3;V;8;V;7;V;1;V;3;V;5;V;9;V;13;V;4;V;17;V;2;V
28;120;1;10;28120001_10_49;2025;5;9;1;V;1;V;3;V;1;V;3;V;3;V;4;V;4;V;6;V;6;V;7;V;4;V;7;V;3;V;5;V;4;V;2;V;3;V;2;V;5;V;7;V;3;V;9;V;2;V
28;120;1;12;28120001_12_8;2025;5;9;3;V;3;V;3;V;3;V;3;V;3;V;3;V;4;V;4;V;4;V;4;V;3;V;3;V;3;V;3;V;3;V;3;V;3;V;3;V;3;V;3;V;3;V;3;V;3;V
28;120;1;14;28120001_14_6;2025;5;9;84;V;85;V;81;V;83;V;76;V;67;V;73;V;82;V;89;V;90;V;92;V;94;V;93;V;98;V;97;V;95;V;96;V;97;V;95;V;94;V;92;V;98;V;101;V;99;V
28;123;2;7;28123002_7_8;2025;5;9;1;V;1;V;1;V;1;V;3;V;3;V;4;V;2;V;3;V;3;V;2;V;2;V;1;V;2;V;1;V;1;V;1;V;1;V;1;V;16;V;33;V;16;V;21;V;3;V
28;123;2;8;28123002_8_8;2025;5;9;9;V;5;V;5;V;9;V;16;V;28;V;22;V;13;V;13;V;9;V;6;V;5;V;7;V;7;V;5;V;5;V;3;V;5;V;12;V;41;V;59;V;42;V;45;V;23;V
28;123;2;10;28123002_10_49;2025;5;9;7;V;5;V;5;V;6;V;7;V;7;V;8;V;7;V;9;V;9;V;8;V;9;V;10;V;12;V;8;V;7;V;4;V;5;V;6;V;7;V;7;V;10;V;11;V;13;V
28;123;2;12;28123002_12_8;2025;5;9;11;V;7;V;7;V;11;V;20;V;33;V;27;V;16;V;18;V;13;V;9;V;7;V;9;V;9;V;7;V;7;V;5;V;7;V;14;V;66;V;109;V;66;V;77;V;28;V
28;123;2;14;28123002_14_6;2025;5;9;57;V;59;V;56;V;50;V;38;V;31;V;43;V;54;V;55;V;71;V;84;V;86;V;85;V;83;V;86;V;82;V;87;V;84;V;69;V;32;V;5;V;6;V;5;V;27;V
28;123;2;14;28123002_14_8;2025;5;9;55;V;58;V;56;V;50;V;38;V;30;V;41;V;53;V;54;V;69;V;82;V;84;V;83;V;81;V;85;V;81;V;85;V;83;V;68;V;31;V;4;V;5;V;4;V;26;V
28;127;4;7;28127004_7_8;2025;5;9;1;V;1;V;1;V;1;V;1;V;2;V;;N;;N;4;V;;N;;N;;N;1;V;2;V;2;V;2;V;2;V;2;V;2;V;4;V;1;V;2;V;1;V;2;V
28;127;4;8;28127004_8_8;2025;5;9;5;V;5;V;4;V;4;V;7;V;14;V;;N;;N;11;V;;N;;N;;N;;N;;N;;N;;N;9;V;10;V;16;V;27;V;34;V;33;V;30;V;32;V
28;127;4;10;28127004_10_49;2025;5;9;6;V;9;V;6;V;7;V;8;V;18;V;21;V;5;V;4;V;16;V;20;V;11;V;20;V;6;V;3;V;6;V;8;V;6;V;10;V;12;V;8;V;11;V;14;V;10;V
28;127;4;12;28127004_12_8;2025;5;9;7;V;7;V;6;V;6;V;9;V;18;V;;N;;N;18;V;;N;;N;;N;43;V;66;V;67;V;60;V;13;V;13;V;19;V;33;V;36;V;37;V;32;V;35;V
28;127;4;14;28127004_14_6;2025;5;9;53;V;47;V;49;V;49;V;48;V;39;V;;N;;N;52;V;70;V;74;V;77;V;74;V;76;V;77;V;78;V;79;V;77;V;70;V;54;V;45;V;44;V;48;V;38;V
28;13;2;7;28013002_7_8;2025;5;9;1;V;1;V;1;V;1;V;1;V;1;V;3;V;4;V;2;V;1;V;1;V;1;V;1;V;1;V;1;V;1;V;1;V;1;V;1;V;1;V;1;V;1;V;1;V;1;V
28;13;2;8;28013002_8_8;2025;5;9;7;V;9;V;4;V;5;V;8;V;9;V;13;V;14;V;11;V;7;V;7;V;5;V;7;V;4;V;4;V;4;V;4;V;9;V;9;V;16;V;11;V;8;V;5;V;5;V
28;13;2;10;28013002_10_49;2025;5;9;6;V;12;V;7;V;12;V;13;V;9;V;17;V;14;V;14;V;7;V;9;V;5;V;10;V;2;V;11;V;2;V;4;V;7;V;5;V;9;V;22;V;13;V;15;V;9;V
28;13;2;12;28013002_12_8;2025;5;9;9;V;11;V;6;V;7;V;10;V;11;V;18;V;20;V;14;V;9;V;9;V;7;V;9;V;6;V;6;V;6;V;6;V;11;V;11;V;18;V;13;V;10;V;7;V;7;V
28;13;2;14;28013002_14_6;2025;5;9;60;V;60;V;64;V;51;V;33;V;29;V;23;V;30;V;61;V;81;V;85;V;90;V;84;V;86;V;77;V;82;V;80;V;74;V;71;V;50;V;40;V;34;V;30;V;28;V
28;133;2;7;28133002_7_8;2025;5;9;1;V;1;V;1;V;1;V;1;V;1;V;1;V;1;V;1;V;1;V;1;V;1;V;1;V;2;V;1;V;1;V;1;V;1;V;1;V;1;V;1;V;1;V;1;V;1;V
28;133;2;8;28133002_8_8;2025;5;9;1;V;1;V;1;V;1;V;2;V;2;V;2;V;3;V;2;V;2;V;2;V;2;V;2;V;3;V;2;V;2;V;3;V;2;V;4;V;7;V;5;V;3;V;8;V;2;V
28;133;2;10;28133002_10_49;2025;5;9;3;V;5;V;5;V;5;V;6;V;8;V;9;V;12;V;15;V;14;V;10;V;3;V;3;V;3;V;4;V;6;V;4;V;2;V;1;V;1;V;5;V;7;V;7;V;8;V
28;133;2;12;28133002_12_8;2025;5;9;3;V;3;V;3;V;3;V;4;V;4;V;4;V;5;V;4;V;4;V;4;V;4;V;4;V;6;V;4;V;4;V;5;V;4;V;7;V;9;V;8;V;5;V;10;V;4;V
28;133;2;14;28133002_14_6;2025;5;9;46;V;48;V;43;V;44;V;47;V;39;V;40;V;48;V;59;V;68;V;66;V;66;V;66;V;65;V;66;V;66;V;65;V;66;V;62;V;52;V;51;V;49;V;37;V;41;V
28;134;2;7;28134002_7_8;2025;5;9;1;V;1;V;1;V;1;V;1;V;2;V;7;V;17;V;5;V;2;V;1;V;1;V;1;V;1;V;1;V;1;V;1;V;1;V;1;V;1;V;1;V;1;V;1;V;1;V
28;134;2;8;28134002_8_8;2025;5;9;4;V;2;V;1;V;1;V;2;V;6;V;22;V;48;V;19;V;7;V;3;V;3;V;3;V;2;V;3;V;3;V;3;V;3;V;2;V;2;V;3;V;3;V;3;V;5;V
28;134;2;10;28134002_10_49;2025;5;9;6;V;9;V;11;V;15;V;16;V;14;V;11;V;13;V;13;V;12;V;12;V;9;V;7;V;5;V;5;V;6;V;6;V;6;V;6;V;5;V;6;V;10;V;15;V;17;V
28;134;2;12;28134002_12_8;2025;5;9;6;V;4;V;3;V;3;V;4;V;10;V;32;V;74;V;28;V;10;V;5;V;5;V;5;V;4;V;5;V;5;V;5;V;5;V;4;V;4;V;5;V;5;V;5;V;7;V
28;134;2;14;28134002_14_6;2025;5;9;27;V;5;V;2;V;3;V;3;V;13;V;25;V;17;V;44;V;66;V;84;V;86;V;90;V;87;V;85;V;87;V;87;V;85;V;84;V;79;V;39;V;24;V;15;V;17;V
28;14;2;7;28014002_7_8;2025;5;9;1;V;1;V;1;V;1;V;1;V;2;V;;N;;N;1;V;2;V;2;V;2;V;2;V;1;V;1;V;5;V;2;V;2;V;1;V;2;V;1;V;1;V;1;V;1;V
28;14;2;8;28014002_8_8;2025;5;9;6;V;6;V;9;V;7;V;11;V;20;V;;N;;N;7;V;6;V;6;V;6;V;5;V;5;V;5;V;8;V;7;V;11;V;10;V;22;V;21;V;17;V;16;V;16;V
28;14;2;10;28014002_10_49;2025;5;9;5;V;10;V;7;V;7;V;9;V;10;V;9;V;8;V;13;V;17;V;10;V;7;V;8;V;6;V;4;V;2;V;3;V;3;V;3;V;4;V;5;V;5;V;4;V;5;V
28;14;2;12;28014002_12_8;2025;5;9;8;V;8;V;11;V;9;V;13;V;23;V;;N;;N;9;V;8;V;10;V;9;V;8;V;7;V;7;V;15;V;10;V;13;V;12;V;25;V;23;V;19;V;18;V;18;V
28;14;2;14;28014002_14_8;2025;5;9;62;V;59;V;54;V;53;V;52;V;36;V;31;V;;N;71;V;77;V;86;V;87;V;90;V;87;V;90;V;78;V;80;V;74;V;67;V;42;V;32;V;32;V;34;V;31;V
28;14;2;14;28014002_14_6;2025;5;9;58;V;56;V;54;V;53;V;52;V;41;V;50;V;;N;80;V;85;V;97;V;101;V;103;V;92;V;102;V;73;V;85;V;71;V;102;V;51;V;45;V;38;V;38;V;40;V
28;148;4;7;28148004_7_8;2025;5;9;2;V;2;V;2;V;2;V;3;V;7;V;6;V;7;V;7;V;8;V;;N;;N;;N;;N;;N;;N;3;V;3;V;3;V;3;V;3;V;3;V;3;V;2;V
28;148;4;8;28148004_8_8;2025;5;9;7;V;6;V;6;V;7;V;16;V;35;V;20;V;18;V;17;V;16;V;;N;;N;;N;;N;;N;;N;6;V;8;V;8;V;19;V;19;V;21;V;10;V;9;V
28;148;4;9;28148004_9_49;2025;5;9;5;V;4;V;5;V;4;V;4;V;4;V;8;V;11;V;10;V;8;V;10;V;;N;;N;;N;3;V;5;V;2;V;3;V;5;V;1;V;6;V;10;V;10;V;8;V
28;148;4;10;28148004_10_49;2025;5;9;16;V;16;V;15;V;15;V;15;V;15;V;19;V;19;V;21;V;24;V;27;V;;N;;N;;N;14;V;19;V;15;V;13;V;13;V;16;V;18;V;24;V;23;V;21;V
28;148;4;12;28148004_12_8;2025;5;9;10;V;9;V;9;V;10;V;20;V;46;V;28;V;29;V;28;V;28;V;;N;;N;;N;;N;;N;;N;11;V;13;V;12;V;23;V;24;V;26;V;14;V;13;V
28;148;4;14;28148004_14_6;2025;5;9;56;V;57;V;54;V;51;V;41;V;24;V;44;V;50;V;53;V;59;V;;N;;N;83;V;81;V;84;V;81;V;84;V;83;V;76;V;55;V;48;V;36;V;48;V;48;V
28;16;1;1;28016001_1_38;2025;5;9;4;V;3;V;3;V;4;V;4;V;3;V;4;V;4;V;4;V;3;V;3;V;4;V;4;V;4;V;3;V;3;V;3;V;3;V;4;V;4;V;3;V;3;V;4;V;3;V
28;16;1;6;28016001_6_48;2025;5;9;0,3;V;0,3;V;0,3;V;0,3;V;0,3;V;0,3;V;0,3;V;0,3;V;0,3;V;0,3;V;0,3;V;0,3;V;0,3;V;0,3;V;0,3;V;0,3;V;0,3;V;0,3;V;0,3;V;0,3;V;0,3;V;0,3;V;0,4;V;0,4;V
28;16;1;7;28016001_7_8;2025;5;9;1;V;1;V;1;V;1;V;1;V;1;V;1;V;1;V;1;V;1;V;2;V;1;V;1;V;1;V;1;V;1;V;1;V;1;V;1;V;1;V;1;V;1;V;1;V;1;V
28;16;1;8;28016001_8_8;2025;5;9;3;V;4;V;4;V;5;V;7;V;4;V;4;V;4;V;4;V;6;V;7;V;5;V;2;V;1;V;1;V;1;V;2;V;2;V;5;V;2;V;2;V;2;V;2;V;3;V
28;16;1;9;28016001_9_49;2025;5;9;1;V;1;V;2;V;7;V;2;V;1;V;1;V;1;V;2;V;7;V;7;V;2;V;7;V;10;V;13;V;13;V;10;V;7;V;5;V;2;V;1;V;5;V;3;V;1;V
28;16;1;10;28016001_10_49;2025;5;9;1;V;1;V;1;V;1;V;1;V;2;V;2;V;3;V;4;V;4;V;4;V;5;V;6;V;5;V;2;V;2;V;1;V;2;V;1;V;2;V;2;V;2;V;1;V;2;V
28;16;1;12;28016001_12_8;2025;5;9;5;V;6;V;6;V;7;V;9;V;6;V;6;V;6;V;6;V;8;V;10;V;7;V;4;V;3;V;3;V;3;V;4;V;4;V;7;V;4;V;4;V;4;V;4;V;5;V
28;16;1;14;28016001_14_6;2025;5;9;59;V;48;V;41;V;37;V;44;V;56;V;51;V;51;V;61;V;56;V;58;V;75;V;89;V;91;V;93;V;91;V;88;V;88;V;83;V;87;V;86;V;84;V;80;V;79;V
28;16;1;20;28016001_20_59;2025;5;9;0,1;V;0,1;V;0,1;V;0,1;V;0,2;V;0,3;V;0,3;V;0,4;V;0,4;V;0,3;V;0,3;V;0,3;V;0,1;V;0,1;V;0,1;V;0,1;V;0,1;V;0,1;V;0,1;V;0,1;V;0,1;V;0,1;V;0,1;V;0,1;V
28;16;1;30;28016001_30_59;2025;5;9;0,1;V;0,1;V;0,1;V;0,1;V;0,1;V;0,1;V;0,1;V;0,1;V;0,1;V;0,1;V;0,1;V;0,1;V;0,1;V;0,1;V;0,1;V;0,1;V;0,1;V;0,1;V;0,1;V;0,1;V;0,1;V;0,1;V;0,1;V;0,1;V
28;16;1;42;28016001_42_2;2025;5;9;1,4;V;1,4;V;1,4;V;1,5;V;1,5;V;1,5;V;1,5;V;1,5;V;1,5;V;1,4;V;;N;;N;;N;1,3;V;1,4;V;1,4;V;1,4;V;1,4;V;1,4;V;1,4;V;1,4;V;1,4;V;1,4;V;1,4;V
28;16;1;44;28016001_44_2;2025;5;9;0,1;V;0,1;V;0,1;V;0,1;V;0,1;V;0,1;V;0,1;V;0,1;V;0,1;V;0,1;V;;N;;N;;N;0,1;V;0,1;V;0,1;V;0,1;V;0,1;V;0,1;V;0,1;V;0,1;V;0,1;V;0,1;V;0,1;V
28;16;1;431;28016001_431_59;2025;5;9;0,1;V;0,1;V;0,1;V;0,1;V;0,1;V;0,1;V;0,1;V;0,1;V;0,1;V;0,1;V;0,1;V;0,1;V;0,1;V;0,1;V;0,1;V;0,1;V;0,1;V;0,1;V;0,1;V;0,1;V;0,1;V;0,1;V;0,1;V;0,1;V
28;161;1;7;28161001_7_8;2025;5;9;1;V;1;V;1;V;1;V;1;V;;N;;N;;N;1;V;1;V;1;V;3;V;1;V;1;V;2;V;1;V;1;V;1;V;1;V;1;V;2;V;2;V;3;V;4;V
28;161;1;8;28161001_8_8;2025;5;9;4;V;3;V;6;V;6;V;22;V;;N;;N;;N;9;V;4;V;5;V;5;V;7;V;5;V;8;V;4;V;5;V;9;V;11;V;14;V;29;V;36;V;31;V;40;V
28;161;1;9;28161001_9_49;2025;5;9;3;V;2;V;4;V;5;V;8;V;10;V;13;V;15;V;12;V;15;V;17;V;12;V;8;V;6;V;1;V;1;V;1;V;2;V;3;V;2;V;4;V;6;V;9;V;10;V
28;161;1;12;28161001_12_8;2025;5;9;6;V;5;V;8;V;8;V;25;V;;N;;N;;N;11;V;6;V;7;V;10;V;9;V;7;V;11;V;6;V;7;V;11;V;13;V;16;V;33;V;40;V;35;V;47;V
28;161;1;14;28161001_14_6;2025;5;9;60;V;59;V;57;V;53;V;33;V;26;V;35;V;53;V;;N;;N;;N;;N;;N;82;V;81;V;82;V;81;V;75;V;66;V;47;V;24;V;13;V;20;V;7;V
28;171;1;1;28171001_1_38;2025;5;9;5;V;5;V;5;V;5;V;5;V;5;V;5;V;4;V;4;V;5;V;5;V;5;V;5;V;5;V;5;V;6;V;5;V;5;V;5;V;6;V;6;V;6;V;5;V;5;V
28;171;1;6;28171001_6_48;2025;5;9;0,4;V;0,4;V;0,4;V;0,4;V;0,4;V;0,4;V;0,4;V;0,5;V;0,5;V;0,5;V;0,5;V;0,5;V;0,5;V;0,5;V;0,5;V;0,5;V;0,5;V;0,5;V;0,5;V;0,5;V;0,5;V;0,5;V;0,5;V;0,5;V
28;171;1;7;28171001_7_8;2025;5;9;1;V;1;V;1;V;1;V;1;V;2;V;1;V;1;V;1;V;1;V;2;V;1;V;1;V;1;V;1;V;1;V;1;V;1;V;1;V;1;V;1;V;1;V;1;V;1;V
28;171;1;8;28171001_8_8;2025;5;9;2;V;1;V;1;V;1;V;2;V;4;V;2;V;2;V;2;V;3;V;3;V;3;V;2;V;2;V;2;V;2;V;1;V;1;V;2;V;2;V;12;V;4;V;3;V;3;V
28;171;1;9;28171001_9_49;2025;5;9;2;V;1;V;1;V;2;V;2;V;1;V;1;V;2;V;1;V;4;V;5;V;6;V;8;V;4;V;5;V;7;V;5;V;5;V;6;V;6;V;3;V;2;V;2;V;2;V
28;171;1;10;28171001_10_49;2025;5;9;4;V;6;V;7;V;7;V;6;V;6;V;6;V;7;V;8;V;10;V;11;V;10;V;11;V;8;V;7;V;6;V;5;V;8;V;6;V;6;V;5;V;4;V;4;V;4;V
28;171;1;12;28171001_12_8;2025;5;9;4;V;3;V;3;V;3;V;4;V;7;V;4;V;4;V;4;V;6;V;6;V;5;V;4;V;4;V;4;V;4;V;3;V;3;V;4;V;4;V;14;V;6;V;5;V;5;V
28;171;1;14;28171001_14_6;2025;5;9;25;V;26;V;29;V;29;V;28;V;24;V;27;V;40;V;52;V;73;V;86;V;88;V;86;V;87;V;88;V;89;V;88;V;83;V;83;V;73;V;46;V;39;V;22;V;24;V
28;180;1;7;28180001_7_8;2025;5;9;1;V;1;V;1;V;1;V;1;V;1;V;4;V;16;V;1;V;1;V;1;V;1;V;1;V;1;V;1;V;1;V;1;V;1;V;1;V;4;V;2;V;2;V;3;V;1;V
28;180;1;8;28180001_8_8;2025;5;9;4;V;5;V;5;V;5;V;11;V;15;V;14;V;22;V;6;V;5;V;5;V;6;V;7;V;5;V;4;V;4;V;4;V;6;V;10;V;31;V;31;V;24;V;28;V;14;V
28;180;1;9;28180001_9_49;2025;5;9;2;V;1;V;3;V;3;V;3;V;3;V;3;V;4;V;4;V;1;V;1;V;1;V;1;V;1;V;1;V;2;V;1;V;1;V;3;V;8;V;5;V;4;V;1;V;1;V
28;180;1;12;28180001_12_8;2025;5;9;6;V;7;V;7;V;7;V;13;V;17;V;21;V;47;V;9;V;7;V;7;V;9;V;9;V;7;V;6;V;6;V;6;V;8;V;12;V;36;V;34;V;26;V;32;V;16;V
28;180;1;14;28180001_14_6;2025;5;9;65;V;59;V;58;V;54;V;50;V;47;V;48;V;44;V;68;V;83;V;93;V;87;V;90;V;89;V;88;V;82;V;85;V;81;V;68;V;37;V;35;V;46;V;43;V;53;V
28;45;2;6;28045002_6_48;2025;5;9;0,5;V;0,5;V;0,5;V;0,5;V;0,5;V;0,5;V;0,5;V;2;V;1,6;V;0,8;V;3,2;V;0,7;V;0,7;V;0,5;V;0,5;V;0,5;V;0,5;V;1,2;V;0,5;V;0,5;V;0,5;V;0,4;V;0,4;V;0,6;V
28;45;2;7;28045002_7_8;2025;5;9;1;V;1;V;1;V;1;V;2;V;4;V;6;V;9;V;4;V;3;V;5;V;2;V;2;V;2;V;2;V;1;V;1;V;2;V;1;V;1;V;1;V;1;V;1;V;2;V
28;45;2;8;28045002_8_8;2025;5;9;3;V;3;V;4;V;4;V;7;V;14;V;18;V;23;V;11;V;8;V;9;V;6;V;5;V;6;V;4;V;5;V;5;V;6;V;7;V;6;V;7;V;6;V;7;V;8;V
28;45;2;10;28045002_10_49;2025;5;9;8;V;7;V;7;V;7;V;8;V;8;V;9;V;10;V;10;V;11;V;9;V;8;V;7;V;7;V;5;V;3;V;3;V;4;V;6;V;8;V;8;V;8;V;8;V;7;V
28;45;2;12;28045002_12_8;2025;5;9;5;V;5;V;6;V;6;V;10;V;20;V;27;V;37;V;17;V;13;V;16;V;9;V;9;V;8;V;7;V;7;V;7;V;9;V;9;V;8;V;9;V;8;V;9;V;11;V
28;45;2;14;28045002_14_6;2025;5;9;65;V;61;V;62;V;62;V;66;V;63;V;60;V;56;V;60;V;71;V;89;V;91;V;92;V;95;V;93;V;93;V;95;V;95;V;90;V;85;V;81;V;84;V;83;V;82;V
28;47;2;1;28047002_1_38;2025;5;9;3;V;3;V;3;V;3;V;3;V;3;V;3;V;3;V;3;V;3;V;3;V;3;V;3;V;3;V;3;V;3;V;3;V;3;V;3;V;3;V;3;V;3;V;3;V;3;V
28;47;2;7;28047002_7_8;2025;5;9;1;V;1;V;6;V;7;V;4;V;5;V;12;V;6;V;6;V;1;V;1;V;1;V;2;V;1;V;1;V;1;V;1;V;1;V;1;V;1;V;4;V;3;V;3;V;1;V
28;47;2;8;28047002_8_8;2025;5;9;10;V;11;V;18;V;17;V;14;V;14;V;21;V;17;V;16;V;6;V;6;V;5;V;7;V;5;V;6;V;6;V;7;V;9;V;9;V;15;V;32;V;39;V;34;V;25;V
28;47;2;9;28047002_9_49;2025;5;9;8;V;8;V;6;V;5;V;6;V;6;V;7;V;8;V;9;V;10;V;9;V;6;V;3;V;3;V;4;V;4;V;4;V;3;V;3;V;3;V;4;V;6;V;8;V;10;V
28;47;2;12;28047002_12_8;2025;5;9;12;V;13;V;27;V;27;V;19;V;22;V;39;V;26;V;25;V;8;V;8;V;8;V;10;V;7;V;8;V;8;V;9;V;11;V;11;V;17;V;39;V;43;V;38;V;27;V
28;47;2;14;28047002_14_6;2025;5;9;33;V;23;V;4;V;4;V;13;V;22;V;11;V;23;V;28;V;65;V;76;V;77;V;78;V;82;V;81;V;82;V;82;V;83;V;79;V;71;V;50;V;17;V;14;V;22;V
28;47;2;20;28047002_20_59;2025;5;9;0,4;V;1;V;1,4;V;1;V;1;V;0,7;V;0,7;V;0,8;V;1,5;V;0,5;V;0,2;V;0,3;V;0,5;V;0,4;V;0,4;V;0,4;V;0,8;V;0,8;V;0,4;V;0,5;V;0,7;V;1,3;V;0,9;V;0,8;V
28;47;2;30;28047002_30_59;2025;5;9;0,1;V;0,2;V;0,2;V;0,2;V;0,3;V;0,3;V;0,2;V;0,4;V;0,3;V;0,2;V;0,1;V;0,1;V;0,1;V;0,1;V;0,2;V;0,1;V;0,1;V;0,1;V;0,1;V;0,2;V;0,2;V;0,4;V;0,4;V;0,3;V
28;47;2;42;28047002_42_2;2025;5;9;1,4;V;1,4;V;1,4;V;1,4;V;1,4;V;1,4;V;1,4;V;1,4;V;1,4;V;1,4;V;1,3;V;1,3;V;1,3;V;1,3;V;1,3;V;1,3;V;1,3;V;1,3;V;1,3;V;1,3;V;1,3;V;1,4;V;1,4;V;1,4;V
28;47;2;44;28047002_44_2;2025;5;9;0,1;V;0,1;V;0,1;V;0,1;V;0,1;V;0,1;V;0,1;V;0,1;V;0,1;V;0,1;V;0,1;V;0,1;V;0,1;V;0,1;V;0,1;V;0,1;V;0,1;V;0,1;V;0,1;V;0,1;V;0,1;V;0,1;V;0,1;V;0,1;V
28;47;2;431;28047002_431_59;2025;5;9;0,2;V;0,3;V;0,5;V;0,4;V;0,4;V;0,3;V;0,2;V;0,4;V;0,7;V;0,2;V;0,1;V;0,1;V;0,2;V;0,1;V;0,2;V;0,1;V;1,2;V;0,4;V;0,3;V;0,3;V;0,3;V;0,9;V;0,4;V;0,3;V
28;49;3;7;28049003_7_8;2025;5;9;1;V;1;V;1;V;1;V;3;V;13;V;7;V;6;V;9;V;6;V;3;V;2;V;2;V;2;V;2;V;2;V;2;V;2;V;2;V;1;V;1;V;4;V;2;V;2;V
28;49;3;8;28049003_8_8;2025;5;9;12;V;9;V;9;V;11;V;19;V;42;V;29;V;21;V;22;V;17;V;9;V;6;V;6;V;6;V;4;V;7;V;6;V;7;V;11;V;16;V;24;V;36;V;25;V;15;V
28;49;3;9;28049003_9_49;2025;5;9;12;V;7;V;4;V;4;V;5;V;8;V;7;V;6;V;7;V;9;V;7;V;7;V;4;V;1;V;3;V;3;V;8;V;2;V;3;V;2;V;4;V;14;V;10;V;5;V
28;49;3;10;28049003_10_49;2025;5;9;10;V;8;V;9;V;11;V;12;V;13;V;17;V;21;V;20;V;19;V;19;V;16;V;12;V;9;V;9;V;8;V;7;V;5;V;5;V;5;V;8;V;12;V;13;V;12;V
28;49;3;12;28049003_12_8;2025;5;9;14;V;11;V;11;V;13;V;24;V;62;V;40;V;30;V;35;V;26;V;13;V;9;V;8;V;9;V;7;V;10;V;9;V;10;V;13;V;18;V;26;V;42;V;27;V;18;V
28;49;3;14;28049003_14_6;2025;5;9;49;V;47;V;46;V;46;V;36;V;13;V;32;V;43;V;43;V;56;V;77;V;80;V;82;V;80;V;82;V;76;V;77;V;76;V;69;V;59;V;50;V;30;V;28;V;35;V
28;5;2;1;28005002_1_38;2025;5;9;5;V;5;V;5;V;5;V;5;V;5;V;5;V;5;V;5;V;5;V;5;V;5;V;5;V;5;V;5;V;5;V;5;V;4;V;5;V;5;V;5;V;5;V;5;V;5;V
28;5;2;6;28005002_6_48;2025;5;9;0,7;V;0,7;V;0,7;V;0,7;V;0,8;V;0,8;V;0,8;V;0,8;V;0,8;V;0,8;V;0,7;V;0,7;V;0,7;V;0,7;V;0,7;V;0,7;V;0,7;V;0,7;V;0,8;V;0,8;V;0,8;V;0,8;V;0,8;V;0,8;V
28;5;2;7;28005002_7_8;2025;5;9;1;V;1;V;1;V;1;V;1;V;1;V;2;V;1;V;1;V;1;V;2;V;1;V;1;V;1;V;1;V;1;V;1;V;2;V;1;V;1;V;1;V;1;V;2;V;1;V
28;5;2;8;28005002_8_8;2025;5;9;7;V;5;V;6;V;8;V;14;V;19;V;18;V;11;V;9;V;9;V;8;V;5;V;5;V;4;V;4;V;5;V;5;V;4;V;9;V;12;V;15;V;19;V;15;V;11;V
28;5;2;9;28005002_9_49;2025;5;9;3;V;1;V;1;V;2;V;3;V;2;V;4;V;8;V;10;V;11;V;9;V;5;V;3;V;2;V;1;V;1;V;2;V;2;V;2;V;1;V;2;V;5;V;7;V;7;V
28;5;2;10;28005002_10_49;2025;5;9;12;V;12;V;10;V;11;V;13;V;12;V;14;V;17;V;18;V;22;V;16;V;13;V;11;V;9;V;9;V;10;V;11;V;8;V;7;V;11;V;10;V;9;V;7;V;12;V
28;5;2;12;28005002_12_8;2025;5;9;9;V;7;V;8;V;10;V;16;V;21;V;21;V;13;V;11;V;11;V;11;V;7;V;7;V;6;V;6;V;7;V;7;V;7;V;11;V;14;V;17;V;21;V;18;V;13;V
28;5;2;14;28005002_14_6;2025;5;9;57;V;60;V;54;V;53;V;50;V;43;V;47;V;61;V;66;V;69;V;83;V;89;V;90;V;88;V;89;V;84;V;85;V;86;V;75;V;61;V;53;V;50;V;48;V;48;V
28;58;4;7;28058004_7_8;2025;5;9;1;V;1;V;1;V;1;V;2;V;4;V;3;V;6;V;2;V;2;V;2;V;2;V;2;V;2;V;2;V;3;V;2;V;2;V;1;V;7;V;2;V;2;V;1;V;3;V
28;58;4;8;28058004_8_8;2025;5;9;3;V;3;V;3;V;8;V;17;V;26;V;25;V;25;V;9;V;8;V;7;V;7;V;7;V;6;V;8;V;8;V;11;V;11;V;13;V;27;V;34;V;33;V;34;V;55;V
28;58;4;10;28058004_10_49;2025;5;9;7;V;9;V;10;V;11;V;13;V;14;V;16;V;20;V;19;V;12;V;5;V;2;V;1;V;1;V;1;V;2;V;4;V;6;V;15;V;23;V;32;V;22;V;10;V;13;V
28;58;4;12;28058004_12_8;2025;5;9;5;V;5;V;5;V;10;V;20;V;32;V;29;V;33;V;13;V;11;V;10;V;9;V;10;V;9;V;11;V;12;V;14;V;15;V;15;V;38;V;36;V;36;V;36;V;59;V
28;58;4;14;28058004_14_6;2025;5;9;65;V;59;V;61;V;46;V;51;V;37;V;39;V;40;V;63;V;76;V;79;V;80;V;78;V;79;V;77;V;78;V;75;V;71;V;65;V;49;V;38;V;40;V;38;V;13;V
28;58;4;20;28058004_20_59;2025;5;9;1,2;V;0,5;V;0,9;V;0,3;V;1,3;V;1,8;V;3,2;V;7,4;V;11,5;V;3,9;V;2,6;V;1,3;V;1,4;V;0,6;V;0,6;V;0,4;V;1;V;0,9;V;1;V;1;V;6,4;V;7;V;1,8;V;3,8;V
28;58;4;30;28058004_30_59;2025;5;9;0,1;V;0,1;V;0,1;V;0,1;V;0,1;V;0,1;V;0,1;V;0,1;V;0,3;V;0,1;V;0,1;V;0,1;V;0,1;V;0,1;V;0,1;V;0,1;V;0,1;V;0,1;V;0,1;V;0,1;V;0,1;V;0,2;V;0,1;V;0,3;V
28;58;4;42;28058004_42_2;2025;5;9;1,4;V;1,4;V;1,4;V;1,4;V;1,4;V;1,4;V;1,4;V;1,5;V;1,4;V;1,4;V;1,4;V;1,4;V;1,3;V;1,3;V;1,4;V;1,3;V;1,4;V;1,3;V;1,4;V;1,4;V;1,4;V;1,4;V;1,4;V;1,5;V
28;58;4;44;28058004_44_2;2025;5;9;0,1;V;0,1;V;0,1;V;0,1;V;0,1;V;0,1;V;0,1;V;0,2;V;0,1;V;0,1;V;0,1;V;0,1;V;0,1;V;0,1;V;0,1;V;0,1;V;0,1;V;0,1;V;0,1;V;0,1;V;0,2;V;0,1;V;0,1;V;0,2;V
28;58;4;431;28058004_431_59;2025;5;9;0,5;V;0,3;V;0,3;V;0,1;V;0,5;V;0,6;V;1;V;3,3;V;5,4;V;1,6;V;1,1;V;0,6;V;0,7;V;0,3;V;0,2;V;0,3;V;0,4;V;0,3;V;0,4;V;0,3;V;1,8;V;2,2;V;0,5;V;0,9;V
28;6;4;7;28006004_7_8;2025;5;9;2;V;2;V;2;V;2;V;2;V;3;V;4;V;4;V;6;V;4;V;;N;2;V;2;V;3;V;3;V;2;V;2;V;2;V;2;V;2;V;2;V;2;V;1;V;2;V
28;6;4;8;28006004_8_8;2025;5;9;5;V;4;V;6;V;12;V;13;V;26;V;17;V;20;V;19;V;11;V;;N;3;V;3;V;6;V;5;V;3;V;3;V;5;V;7;V;6;V;15;V;23;V;11;V;38;V
28;6;4;10;28006004_10_49;2025;5;9;3;V;1;V;6;V;6;V;7;V;12;V;12;V;10;V;16;V;18;V;;N;8;V;6;V;5;V;5;V;6;V;4;V;5;V;6;V;8;V;11;V;9;V;9;V;12;V
28;6;4;12;28006004_12_8;2025;5;9;8;V;7;V;9;V;15;V;16;V;31;V;23;V;27;V;28;V;17;V;;N;;N;6;V;10;V;9;V;6;V;6;V;8;V;9;V;9;V;18;V;27;V;13;V;41;V
28;6;4;14;28006004_14_6;2025;5;9;60;V;59;V;53;V;41;V;43;V;31;V;38;V;38;V;42;V;59;V;;N;;N;74;V;71;V;74;V;79;V;80;V;77;V;75;V;72;V;58;V;52;V;66;V;27;V
28;6;4;20;28006004_20_59;2025;5;9;0,6;V;0,4;V;0,7;V;1,5;V;2,1;V;;N;;N;;N;;N;;N;2;V;1,4;V;1;V;0,9;V;0,3;V;0,5;V;0,4;V;0,5;V;0,6;V;0,3;V;0,4;V;0,4;V;1;V;1,5;V
28;6;4;30;28006004_30_59;2025;5;9;0,1;V;0,1;V;0,1;V;0,1;V;0,1;V;;N;;N;;N;;N;;N;0,2;V;0,1;V;0,1;V;0,1;V;0,1;V;0,1;V;0,1;V;0,1;V;0,1;V;0,1;V;0,1;V;0,1;V;0,1;V;0,2;V
28;6;4;42;28006004_42_2;2025;5;9;1,3;V;1,3;V;1,3;V;1,3;V;1,3;V;1,3;V;1,3;V;1,3;V;;N;;N;1,3;V;1,3;V;1,3;V;1,3;V;1,3;V;1,3;V;1,3;V;1,3;V;1,3;V;1,3;V;1,3;V;1,3;V;1,3;V;1,4;V
28;6;4;44;28006004_44_2;2025;5;9;0,1;V;0,1;V;0,1;V;0,1;V;0,1;V;0,1;V;0,1;V;0,1;V;;N;;N;0,1;V;0,1;V;0,1;V;0,1;V;0,1;V;0,1;V;0,1;V;0,1;V;0,1;V;0,1;V;0,1;V;0,1;V;0,1;V;0,1;V
28;6;4;431;28006004_431_59;2025;5;9;0,4;V;0,4;V;0,4;V;0,8;V;1;V;;N;;N;;N;;N;;N;1,2;V;0,7;V;0,7;V;0,5;V;0,3;V;0,4;V;0,3;V;0,4;V;0,4;V;0,3;V;0,2;V;0,3;V;0,4;V;0,7;V
28;65;14;7;28065014_7_8;2025;5;9;1;V;1;V;1;V;1;V;2;V;4;V;7;V;8;V;4;V;2;V;1;V;1;V;2;V;2;V;2;V;1;V;1;V;1;V;2;V;2;V;2;V;2;V;5;V;14;V
28;65;14;8;28065014_8_8;2025;5;9;4;V;4;V;5;V;11;V;27;V;39;V;38;V;32;V;15;V;8;V;7;V;6;V;8;V;7;V;8;V;6;V;6;V;8;V;12;V;27;V;47;V;48;V;55;V;56;V
28;65;14;9;28065014_9_49;2025;5;9;6;V;4;V;4;V;4;V;5;V;5;V;8;V;9;V;8;V;8;V;3;V;4;V;6;V;3;V;2;V;2;V;2;V;5;V;4;V;5;V;9;V;10;V;11;V;12;V
28;65;14;10;28065014_10_49;2025;5;9;11;V;11;V;12;V;12;V;12;V;16;V;18;V;19;V;20;V;20;V;22;V;24;V;24;V;22;V;19;V;16;V;13;V;11;V;10;V;11;V;11;V;14;V;14;V;13;V
28;65;14;12;28065014_12_8;2025;5;9;6;V;6;V;7;V;13;V;31;V;45;V;49;V;44;V;22;V;11;V;9;V;8;V;11;V;10;V;11;V;9;V;8;V;10;V;16;V;30;V;50;V;51;V;62;V;77;V
28;65;14;14;28065014_14_6;2025;5;9;70;V;63;V;62;V;45;V;29;V;19;V;18;V;29;V;59;V;76;V;80;V;83;V;78;V;80;V;80;V;81;V;82;V;79;V;67;V;48;V;25;V;19;V;9;V;3;V
28;67;1;7;28067001_7_8;2025;5;9;1;V;1;V;1;V;1;V;2;V;1;V;1;V;1;V;2;V;1;V;1;V;1;V;1;V;1;V;1;V;1;V;1;V;1;V;1;V;1;V;1;V;1;V;1;V;1;V
28;67;1;8;28067001_8_8;2025;5;9;2;V;2;V;4;V;4;V;2;V;4;V;6;V;7;V;6;V;8;V;3;V;1;V;1;V;1;V;1;V;1;V;2;V;2;V;2;V;4;V;9;V;10;V;5;V;4;V
28;67;1;10;28067001_10_49;2025;5;9;14;V;13;V;14;V;13;V;11;V;9;V;8;V;7;V;9;V;11;V;13;V;11;V;10;V;8;V;5;V;4;V;4;V;5;V;5;V;7;V;9;V;13;V;15;V;15;V
28;67;1;12;28067001_12_8;2025;5;9;4;V;4;V;6;V;6;V;5;V;6;V;8;V;9;V;9;V;10;V;5;V;3;V;3;V;3;V;3;V;3;V;4;V;4;V;4;V;6;V;11;V;12;V;7;V;6;V
28;67;1;14;28067001_14_6;2025;5;9;20;V;17;V;29;V;36;V;57;V;52;V;58;V;52;V;55;V;49;V;75;V;89;V;88;V;91;V;87;V;86;V;86;V;86;V;81;V;67;V;46;V;36;V;38;V;28;V
28;7;4;7;28007004_7_8;2025;5;9;1;V;1;V;1;V;1;V;1;V;1;V;5;V;4;V;3;V;2;V;1;V;1;V;1;V;1;V;1;V;1;V;1;V;1;V;1;V;1;V;1;V;1;V;1;V;1;V
28;7;4;8;28007004_8_8;2025;5;9;3;V;3;V;4;V;5;V;14;V;22;V;30;V;20;V;10;V;5;V;4;V;3;V;4;V;3;V;3;V;3;V;5;V;6;V;6;V;16;V;21;V;18;V;18;V;21;V
28;7;4;9;28007004_9_49;2025;5;9;2;V;1;V;3;V;6;V;6;V;4;V;5;V;8;V;8;V;9;V;14;V;10;V;9;V;4;V;2;V;3;V;4;V;2;V;5;V;9;V;9;V;4;V;5;V;6;V
28;7;4;12;28007004_12_8;2025;5;9;5;V;5;V;6;V;7;V;16;V;24;V;37;V;26;V;15;V;8;V;6;V;5;V;6;V;5;V;5;V;5;V;7;V;8;V;8;V;18;V;23;V;20;V;20;V;23;V
28;7;4;14;28007004_14_6;2025;5;9;63;V;65;V;57;V;58;V;49;V;40;V;32;V;44;V;59;V;77;V;83;V;86;V;84;V;83;V;83;V;82;V;81;V;80;V;81;V;65;V;56;V;57;V;55;V;50;V
28;74;7;7;28074007_7_8;2025;5;9;2;V;1;V;2;V;3;V;3;V;6;V;8;V;9;V;6;V;4;V;3;V;3;V;3;V;4;V;3;V;3;V;3;V;3;V;3;V;5;V;17;V;24;V;29;V;14;V
28;74;7;8;28074007_8_8;2025;5;9;18;V;4;V;5;V;9;V;18;V;29;V;33;V;26;V;13;V;8;V;8;V;7;V;9;V;8;V;9;V;9;V;12;V;14;V;23;V;43;V;68;V;70;V;66;V;61;V
28;74;7;9;28074007_9_49;2025;5;9;5;V;4;V;5;V;6;V;5;V;6;V;7;V;7;V;6;V;3;V;3;V;4;V;5;V;7;V;5;V;5;V;5;V;4;V;5;V;6;V;8;V;10;V;11;V;11;V
28;74;7;10;28074007_10_49;2025;5;9;6;V;8;V;6;V;8;V;10;V;13;V;14;V;15;V;13;V;11;V;10;V;9;V;9;V;8;V;6;V;5;V;6;V;6;V;7;V;10;V;13;V;18;V;21;V;23;V
28;74;7;12;28074007_12_8;2025;5;9;21;V;6;V;8;V;13;V;23;V;37;V;45;V;39;V;22;V;14;V;13;V;12;V;14;V;14;V;13;V;13;V;16;V;18;V;28;V;51;V;94;V;106;V;110;V;82;V
28;74;7;14;28074007_14_6;2025;5;9;47;V;58;V;56;V;56;V;47;V;37;V;34;V;42;V;57;V;73;V;77;V;79;V;77;V;76;V;75;V;76;V;73;V;69;V;57;V;39;V;12;V;4;V;3;V;5;V
28;80;3;7;28080003_7_8;2025;5;9;1;V;1;V;1;V;1;V;1;V;1;V;1;V;2;V;3;V;1;V;1;V;4;V;1;V;1;V;1;V;1;V;1;V;1;V;1;V;1;V;1;V;1;V;1;V;1;V
28;80;3;8;28080003_8_8;2025;5;9;4;V;2;V;3;V;5;V;16;V;14;V;15;V;12;V;10;V;3;V;2;V;5;V;3;V;4;V;3;V;3;V;3;V;3;V;4;V;10;V;13;V;13;V;10;V;8;V
28;80;3;10;28080003_10_49;2025;5;9;6;V;9;V;5;V;6;V;7;V;8;V;9;V;9;V;13;V;13;V;9;V;8;V;6;V;3;V;3;V;4;V;3;V;2;V;4;V;4;V;6;V;8;V;7;V;7;V
28;80;3;12;28080003_12_8;2025;5;9;6;V;4;V;5;V;7;V;19;V;16;V;17;V;16;V;15;V;5;V;4;V;11;V;5;V;6;V;5;V;5;V;5;V;5;V;6;V;12;V;15;V;15;V;12;V;10;V
28;80;3;14;28080003_14_6;2025;5;9;58;V;55;V;53;V;49;V;37;V;42;V;43;V;48;V;56;V;77;V;83;V;84;V;85;V;81;V;83;V;83;V;83;V;84;V;81;V;70;V;63;V;55;V;49;V;57;V
28;9;1;7;28009001_7_8;2025;5;9;1;V;1;V;1;V;1;V;1;V;1;V;3;V;;N;4;V;5;V;1;V;1;V;1;V;1;V;1;V;1;V;1;V;1;V;1;V;1;V;1;V;1;V;1;V;1;V
28;9;1;8;28009001_8_8;2025;5;9;10;V;9;V;8;V;7;V;9;V;14;V;19;V;;N;23;V;21;V;8;V;7;V;6;V;5;V;5;V;7;V;7;V;8;V;11;V;8;V;13;V;17;V;18;V;12;V
28;9;1;9;28009001_9_49;2025;5;9;7;V;9;V;5;V;4;V;4;V;5;V;3;V;5;V;3;V;2;V;8;V;9;V;6;V;3;V;1;V;3;V;1;V;2;V;2;V;3;V;3;V;2;V;4;V;3;V
28;9;1;12;28009001_12_8;2025;5;9;12;V;11;V;10;V;9;V;11;V;16;V;24;V;;N;29;V;29;V;11;V;9;V;8;V;7;V;7;V;9;V;9;V;10;V;13;V;10;V;15;V;19;V;20;V;14;V
28;9;1;14;28009001_14_6;2025;5;9;50;V;53;V;52;V;53;V;51;V;46;V;41;V;;N;;N;54;V;83;V;92;V;94;V;94;V;88;V;89;V;87;V;85;V;77;V;77;V;68;V;60;V;56;V;58;V
28;92;5;1;28092005_1_38;2025;5;9;3;V;3;V;3;V;3;V;3;V;3;V;3;V;3;V;3;V;3;V;3;V;3;V;4;V;3;V;4;V;3;V;3;V;3;V;3;V;3;V;3;V;3;V;3;V;3;V
28;92;5;6;28092005_6_48;2025;5;9;0,4;V;0,4;V;0,4;V;0,4;V;0,4;V;0,4;V;0,4;V;0,4;V;0,4;V;0,4;V;0,4;V;0,4;V;0,4;V;0,4;V;0,4;V;0,4;V;0,4;V;0,4;V;0,4;V;0,4;V;0,4;V;0,4;V;0,4;V;0,5;V
28;92;5;7;28092005_7_8;2025;5;9;2;V;2;V;2;V;2;V;2;V;2;V;3;V;5;V;4;V;2;V;2;V;2;V;2;V;2;V;3;V;2;V;2;V;2;V;2;V;2;V;2;V;2;V;2;V;2;V
28;92;5;8;28092005_8_8;2025;5;9;3;V;2;V;3;V;3;V;7;V;22;V;21;V;17;V;8;V;4;V;3;V;3;V;3;V;3;V;4;V;3;V;4;V;4;V;5;V;18;V;23;V;20;V;25;V;25;V
28;92;5;10;28092005_10_49;2025;5;9;3;V;3;V;6;V;7;V;5;V;10;V;9;V;11;V;14;V;11;V;5;V;5;V;5;V;5;V;6;V;3;V;4;V;5;V;6;V;7;V;7;V;9;V;10;V;11;V
28;92;5;12;28092005_12_8;2025;5;9;6;V;5;V;6;V;6;V;10;V;25;V;26;V;24;V;13;V;7;V;6;V;6;V;6;V;6;V;8;V;6;V;7;V;7;V;8;V;21;V;26;V;23;V;28;V;28;V
28;92;5;14;28092005_14_6;2025;5;9;65;V;65;V;62;V;63;V;57;V;41;V;42;V;48;V;64;V;84;V;90;V;92;V;90;V;89;V;87;V;88;V;88;V;88;V;85;V;64;V;51;V;53;V;45;V;43;V
28;102;1;1;28102001_1_38;2025;5;10;4;V;4;V;4;V;4;V;4;V;4;V;4;V;4;V;4;V;4;V;4;V;4;V;4;V;4;V;4;V;4;V;4;V;4;V;4;V;4;V;4;V;4;V;4;V;4;V
28;102;1;6;28102001_6_48;2025;5;10;0,4;V;0,4;V;0,4;V;0,3;V;0,4;V;0,4;V;0,4;V;0,4;V;0,4;V;0,4;V;0,4;V;0,4;V;0,4;V;0,5;V;0,5;V;0,5;V;0,4;V;0,4;V;0,4;V;0,4;V;0,4;V;0,4;V;0,4;V;0,5;V
28;102;1;7;28102001_7_8;2025;5;10;1;V;1;V;1;V;1;V;1;V;1;V;1;V;1;V;1;V;1;V;1;V;1;V;1;V;1;V;1;V;1;V;1;V;1;V;1;V;1;V;1;V;1;V;1;V;1;V
28;102;1;8;28102001_8_8;2025;5;10;1;V;1;V;1;V;1;V;1;V;1;V;1;V;1;V;1;V;1;V;1;V;1;V;1;V;1;V;1;V;1;V;1;V;1;V;2;V;2;V;2;V;2;V;2;V;1;V
28;102;1;10;28102001_10_49;2025;5;10;1;V;1;V;2;V;4;V;3;V;4;V;5;V;6;V;5;V;4;V;4;V;4;V;6;V;7;V;9;V;6;V;5;V;4;V;5;V;8;V;7;V;9;V;11;V;11;V
28;102;1;12;28102001_12_8;2025;5;10;3;V;3;V;3;V;3;V;3;V;3;V;3;V;3;V;3;V;3;V;3;V;3;V;3;V;3;V;3;V;3;V;3;V;3;V;4;V;4;V;4;V;4;V;4;V;3;V
28;102;1;14;28102001_14_6;2025;5;10;63;V;58;V;53;V;51;V;46;V;48;V;58;V;60;V;63;V;64;V;69;V;72;V;73;V;78;V;82;V;88;V;91;V;92;V;86;V;87;V;85;V;81;V;76;V;76;V
28;106;1;7;28106001_7_8;2025;5;10;2;V;1;V;1;V;1;V;1;V;1;V;1;V;2;V;2;V;2;V;1;V;1;V;1;V;1;V;1;V;1;V;1;V;1;V;1;V;1;V;1;V;1;V;1;V;1;V
28;106;1;8;28106001_8_8;2025;5;10;30;V;14;V;19;V;16;V;13;V;15;V;10;V;10;V;9;V;6;V;7;V;6;V;6;V;5;V;4;V;6;V;5;V;6;V;9;V;16;V;18;V;16;V;9;V;8;V
28;106;1;9;28106001_9_49;2025;5;10;9;V;11;V;10;V;8;V;7;V;7;V;6;V;6;V;7;V;8;V;7;V;7;V;7;V;8;V;7;V;5;V;6;V;6;V;6;V;6;V;7;V;8;V;7;V;7;V
28;106;1;12;28106001_12_8;2025;5;10;33;V;16;V;21;V;18;V;15;V;17;V;12;V;13;V;13;V;9;V;9;V;8;V;8;V;7;V;6;V;8;V;7;V;8;V;11;V;18;V;20;V;18;V;11;V;10;V
28;106;1;14;28106001_14_6;2025;5;10;29;V;42;V;31;V;35;V;36;V;31;V;33;V;37;V;48;V;61;V;64;V;79;V;84;V;85;V;89;V;90;V;92;V;89;V;91;V;78;V;65;V;62;V;72;V;67;V
28;115;3;7;28115003_7_8;2025;5;10;1;V;1;V;1;V;1;V;1;V;2;V;3;V;3;V;2;V;3;V;3;V;2;V;1;V;1;V;1;V;1;V;1;V;1;V;1;V;1;V;1;V;1;V;1;V;1;V
28;115;3;8;28115003_8_8;2025;5;10;25;V;20;V;19;V;17;V;13;V;19;V;18;V;12;V;9;V;9;V;10;V;6;V;4;V;2;V;3;V;4;V;6;V;6;V;9;V;16;V;13;V;12;V;12;V;7;V
28;115;3;9;28115003_9_49;2025;5;10;10;V;8;V;8;V;9;V;9;V;12;V;10;V;9;V;8;V;6;V;3;V;6;V;4;V;5;V;6;V;4;V;3;V;3;V;2;V;2;V;4;V;3;V;4;V;3;V
28;115;3;12;28115003_12_8;2025;5;10;27;V;22;V;21;V;19;V;15;V;22;V;23;V;16;V;12;V;13;V;16;V;9;V;7;V;4;V;5;V;6;V;9;V;8;V;11;V;19;V;15;V;14;V;14;V;9;V
28;115;3;14;28115003_14_6;2025;5;10;12;V;11;V;9;V;8;V;13;V;10;V;22;V;33;V;45;V;50;V;50;V;66;V;73;V;78;V;80;V;85;V;79;V;79;V;78;V;67;V;67;V;66;V;60;V;62;V
28;120;1;7;28120001_7_8;2025;5;10;1;V;1;V;1;V;1;V;1;V;1;V;1;V;1;V;1;V;1;V;1;V;1;V;1;V;1;V;1;V;1;V;1;V;1;V;1;V;1;V;1;V;1;V;1;V;1;V
28;120;1;8;28120001_8_8;2025;5;10;1;V;1;V;1;V;1;V;1;V;1;V;2;V;1;V;2;V;2;V;1;V;1;V;1;V;1;V;1;V;1;V;1;V;1;V;1;V;1;V;1;V;1;V;1;V;1;V
28;120;1;9;28120001_9_49;2025;5;10;11;V;1;V;28;V;4;V;13;V;3;V;14;V;1;V;21;V;3;V;14;V;5;V;6;V;10;V;9;V;7;V;32;V;1;V;4;V;11;V;12;V;6;V;14;V;6;V
28;120;1;10;28120001_10_49;2025;5;10;7;V;1;V;9;V;2;V;6;V;2;V;8;V;1;V;5;V;1;V;5;V;3;V;1;V;4;V;7;V;3;V;16;V;3;V;2;V;8;V;7;V;5;V;5;V;3;V
28;120;1;12;28120001_12_8;2025;5;10;3;V;3;V;3;V;3;V;3;V;3;V;4;V;3;V;4;V;4;V;3;V;3;V;3;V;3;V;3;V;3;V;3;V;3;V;3;V;3;V;3;V;3;V;3;V;3;V
28;120;1;14;28120001_14_6;2025;5;10;98;V;97;V;97;V;95;V;96;V;95;V;90;V;90;V;85;V;84;V;87;V;93;V;97;V;96;V;99;V;105;V;102;V;103;V;99;V;100;V;107;V;106;V;103;V;106;V
28;123;2;7;28123002_7_8;2025;5;10;2;V;3;V;2;V;2;V;1;V;2;V;2;V;2;V;1;V;3;V;2;V;2;V;2;V;1;V;1;V;1;V;1;V;1;V;1;V;1;V;1;V;1;V;1;V;1;V
28;123;2;8;28123002_8_8;2025;5;10;15;V;15;V;13;V;9;V;8;V;17;V;15;V;9;V;10;V;10;V;5;V;7;V;6;V;4;V;3;V;4;V;5;V;6;V;9;V;16;V;27;V;11;V;11;V;14;V
28;123;2;10;28123002_10_49;2025;5;10;10;V;8;V;6;V;6;V;4;V;3;V;4;V;6;V;6;V;4;V;3;V;3;V;5;V;6;V;6;V;7;V;6;V;5;V;6;V;8;V;7;V;7;V;6;V;6;V
28;123;2;12;28123002_12_8;2025;5;10;19;V;21;V;17;V;12;V;10;V;21;V;18;V;13;V;12;V;14;V;8;V;9;V;10;V;6;V;5;V;6;V;7;V;8;V;11;V;18;V;29;V;13;V;13;V;16;V
28;123;2;14;28123002_14_6;2025;5;10;29;V;22;V;19;V;31;V;33;V;24;V;29;V;43;V;52;V;61;V;70;V;67;V;79;V;84;V;87;V;90;V;92;V;88;V;86;V;81;V;62;V;66;V;63;V;56;V
28;123;2;14;28123002_14_8;2025;5;10;28;V;21;V;19;V;30;V;32;V;23;V;28;V;42;V;50;V;59;V;68;V;65;V;77;V;83;V;86;V;89;V;91;V;87;V;85;V;80;V;62;V;65;V;61;V;54;V
28;127;4;7;28127004_7_8;2025;5;10;1;V;1;V;1;V;1;V;1;V;1;V;6;V;3;V;3;V;2;V;4;V;2;V;2;V;1;V;1;V;1;V;1;V;2;V;2;V;2;V;1;V;1;V;1;V;2;V
28;127;4;8;28127004_8_8;2025;5;10;23;V;16;V;10;V;14;V;19;V;17;V;14;V;15;V;10;V;10;V;11;V;7;V;7;V;4;V;4;V;6;V;7;V;8;V;14;V;15;V;26;V;15;V;15;V;14;V
28;127;4;10;28127004_10_49;2025;5;10;10;V;14;V;8;V;10;V;11;V;14;V;7;V;8;V;6;V;9;V;10;V;4;V;5;V;10;V;10;V;4;V;10;V;4;V;11;V;5;V;4;V;10;V;5;V;7;V
28;127;4;12;28127004_12_8;2025;5;10;25;V;18;V;12;V;16;V;21;V;19;V;23;V;19;V;15;V;13;V;17;V;10;V;9;V;6;V;6;V;8;V;9;V;11;V;17;V;18;V;28;V;17;V;17;V;18;V
28;127;4;14;28127004_14_6;2025;5;10;31;V;42;V;48;V;41;V;29;V;26;V;29;V;34;V;50;V;60;V;57;V;75;V;81;V;86;V;89;V;89;V;87;V;88;V;82;V;77;V;60;V;68;V;64;V;57;V
28;13;2;7;28013002_7_8;2025;5;10;1;V;1;V;1;V;1;V;1;V;1;V;1;V;1;V;1;V;1;V;1;V;1;V;1;V;1;V;1;V;1;V;1;V;1;V;1;V;1;V;1;V;1;V;1;V;1;V
28;13;2;8;28013002_8_8;2025;5;10;4;V;4;V;3;V;3;V;3;V;6;V;5;V;6;V;7;V;7;V;4;V;5;V;6;V;3;V;3;V;4;V;4;V;4;V;5;V;10;V;9;V;10;V;9;V;9;V
28;13;2;10;28013002_10_49;2025;5;10;12;V;10;V;12;V;4;V;11;V;5;V;9;V;6;V;7;V;3;V;2;V;2;V;7;V;6;V;5;V;6;V;2;V;6;V;9;V;6;V;9;V;9;V;6;V;10;V
28;13;2;12;28013002_12_8;2025;5;10;6;V;6;V;5;V;5;V;5;V;8;V;7;V;8;V;9;V;9;V;6;V;7;V;8;V;5;V;5;V;6;V;6;V;6;V;7;V;12;V;11;V;12;V;11;V;11;V
28;13;2;14;28013002_14_6;2025;5;10;27;V;23;V;21;V;17;V;18;V;23;V;41;V;42;V;54;V;57;V;68;V;68;V;77;V;83;V;87;V;90;V;96;V;91;V;89;V;84;V;79;V;76;V;76;V;67;V
28;133;2;7;28133002_7_8;2025;5;10;1;V;1;V;1;V;1;V;1;V;1;V;2;V;1;V;3;V;1;V;1;V;1;V;1;V;1;V;1;V;1;V;1;V;1;V;1;V;1;V;1;V;1;V;1;V;1;V
28;133;2;8;28133002_8_8;2025;5;10;2;V;2;V;2;V;2;V;2;V;3;V;6;V;4;V;5;V;3;V;2;V;2;V;1;V;1;V;1;V;1;V;1;V;2;V;2;V;2;V;4;V;4;V;2;V;1;V
28;133;2;10;28133002_10_49;2025;5;10;7;V;10;V;10;V;9;V;7;V;9;V;10;V;11;V;12;V;8;V;7;V;6;V;6;V;5;V;4;V;4;V;1;V;1;V;1;V;1;V;1;V;1;V;2;V;2;V
28;133;2;12;28133002_12_8;2025;5;10;4;V;4;V;4;V;4;V;4;V;5;V;9;V;6;V;9;V;5;V;4;V;4;V;3;V;4;V;3;V;3;V;3;V;4;V;4;V;4;V;6;V;7;V;4;V;3;V
28;133;2;14;28133002_14_6;2025;5;10;35;V;29;V;26;V;28;V;26;V;24;V;24;V;34;V;42;V;54;V;66;V;70;V;70;V;71;V;73;V;74;V;78;V;78;V;73;V;68;V;61;V;57;V;56;V;51;V
28;134;2;7;28134002_7_8;2025;5;10;2;V;1;V;1;V;1;V;1;V;2;V;2;V;5;V;4;V;2;V;1;V;1;V;1;V;1;V;1;V;1;V;1;V;1;V;1;V;1;V;1;V;1;V;1;V;1;V
28;134;2;8;28134002_8_8;2025;5;10;29;V;35;V;14;V;8;V;5;V;8;V;11;V;19;V;13;V;9;V;5;V;4;V;1;V;1;V;1;V;1;V;1;V;1;V;2;V;2;V;5;V;7;V;5;V;3;V
28;134;2;10;28134002_10_49;2025;5;10;16;V;14;V;12;V;11;V;10;V;12;V;12;V;11;V;9;V;8;V;6;V;4;V;5;V;6;V;7;V;7;V;6;V;5;V;6;V;7;V;7;V;8;V;10;V;9;V
28;134;2;12;28134002_12_8;2025;5;10;32;V;37;V;16;V;10;V;7;V;11;V;14;V;27;V;19;V;13;V;7;V;6;V;3;V;3;V;3;V;3;V;3;V;3;V;4;V;4;V;7;V;9;V;7;V;5;V
28;134;2;14;28134002_14_6;2025;5;10;16;V;15;V;10;V;8;V;3;V;16;V;25;V;34;V;48;V;62;V;68;V;63;V;79;V;84;V;89;V;94;V;95;V;93;V;95;V;90;V;80;V;72;V;82;V;78;V
28;14;2;7;28014002_7_8;2025;5;10;1;V;1;V;1;V;2;V;1;V;1;V;1;V;1;V;1;V;1;V;1;V;1;V;1;V;1;V;1;V;1;V;1;V;1;V;1;V;1;V;1;V;1;V;1;V;1;V
28;14;2;8;28014002_8_8;2025;5;10;9;V;6;V;7;V;7;V;10;V;10;V;6;V;4;V;4;V;4;V;3;V;3;V;2;V;2;V;2;V;2;V;2;V;3;V;3;V;7;V;8;V;8;V;7;V;5;V
28;14;2;10;28014002_10_49;2025;5;10;4;V;2;V;2;V;3;V;4;V;6;V;7;V;6;V;6;V;4;V;6;V;4;V;3;V;4;V;3;V;3;V;3;V;3;V;6;V;6;V;4;V;4;V;4;V;4;V
28;14;2;12;28014002_12_8;2025;5;10;11;V;8;V;9;V;10;V;12;V;12;V;8;V;6;V;6;V;6;V;5;V;5;V;4;V;4;V;4;V;4;V;4;V;5;V;5;V;9;V;10;V;10;V;9;V;7;V
28;14;2;14;28014002_14_8;2025;5;10;38;V;38;V;34;V;27;V;26;V;32;V;37;V;54;V;61;V;67;V;70;V;70;V;82;V;86;V;89;V;93;V;95;V;95;V;92;V;89;V;80;V;75;V;74;V;72;V
28;14;2;14;28014002_14_6;2025;5;10;54;V;44;V;45;V;40;V;33;V;40;V;40;V;51;V;57;V;62;V;65;V;81;V;96;V;102;V;109;V;113;V;115;V;104;V;102;V;94;V;76;V;71;V;78;V;73;V
28;148;4;7;28148004_7_8;2025;5;10;2;V;2;V;3;V;3;V;3;V;4;V;5;V;3;V;3;V;3;V;3;V;3;V;6;V;3;V;2;V;3;V;3;V;3;V;2;V;2;V;3;V;3;V;2;V;3;V
28;148;4;8;28148004_8_8;2025;5;10;5;V;4;V;10;V;22;V;17;V;22;V;19;V;6;V;4;V;5;V;3;V;6;V;9;V;3;V;2;V;3;V;6;V;5;V;5;V;8;V;16;V;14;V;10;V;11;V
28;148;4;9;28148004_9_49;2025;5;10;9;V;10;V;10;V;7;V;7;V;7;V;6;V;5;V;7;V;6;V;6;V;4;V;3;V;6;V;8;V;7;V;5;V;6;V;7;V;10;V;10;V;10;V;11;V;8;V
28;148;4;10;28148004_10_49;2025;5;10;18;V;13;V;11;V;12;V;14;V;15;V;18;V;16;V;13;V;12;V;12;V;7;V;7;V;7;V;9;V;9;V;11;V;13;V;15;V;18;V;22;V;21;V;21;V;18;V
28;148;4;12;28148004_12_8;2025;5;10;8;V;7;V;15;V;27;V;21;V;28;V;26;V;11;V;9;V;10;V;8;V;11;V;17;V;8;V;5;V;7;V;11;V;9;V;9;V;11;V;20;V;19;V;13;V;15;V
28;148;4;14;28148004_14_6;2025;5;10;50;V;45;V;30;V;17;V;20;V;14;V;21;V;52;V;59;V;68;V;73;V;66;V;78;V;86;V;91;V;94;V;96;V;91;V;92;V;90;V;72;V;66;V;63;V;58;V
28;16;1;1;28016001_1_38;2025;5;10;3;V;4;V;4;V;4;V;4;V;3;V;4;V;3;V;3;V;3;V;3;V;3;V;4;V;4;V;3;V;3;V;3;V;3;V;3;V;3;V;4;V;4;V;4;V;3;V
28;16;1;6;28016001_6_48;2025;5;10;0,4;V;0,4;V;0,4;V;0,4;V;0,4;V;0,4;V;0,4;V;0,4;V;0,3;V;0,4;V;0,3;V;0,3;V;0,4;V;0,4;V;0,4;V;0,4;V;0,4;V;0,4;V;0,4;V;0,4;V;0,4;V;0,4;V;0,4;V;0,4;V
28;16;1;7;28016001_7_8;2025;5;10;1;V;1;V;1;V;1;V;1;V;1;V;1;V;1;V;1;V;1;V;1;V;1;V;1;V;1;V;1;V;1;V;1;V;1;V;1;V;1;V;1;V;1;V;1;V;1;V
28;16;1;8;28016001_8_8;2025;5;10;4;V;4;V;3;V;4;V;4;V;3;V;2;V;2;V;3;V;2;V;2;V;2;V;2;V;2;V;1;V;1;V;1;V;1;V;2;V;2;V;2;V;2;V;2;V;3;V
28;16;1;9;28016001_9_49;2025;5;10;1;V;1;V;1;V;3;V;4;V;16;V;17;V;10;V;4;V;1;V;1;V;3;V;7;V;9;V;15;V;22;V;18;V;14;V;8;V;2;V;1;V;1;V;1;V;6;V
28;16;1;10;28016001_10_49;2025;5;10;2;V;1;V;2;V;4;V;3;V;3;V;3;V;2;V;1;V;2;V;2;V;2;V;1;V;1;V;2;V;2;V;3;V;2;V;1;V;1;V;2;V;2;V;2;V;2;V
28;16;1;12;28016001_12_8;2025;5;10;6;V;6;V;5;V;6;V;6;V;5;V;4;V;4;V;5;V;4;V;4;V;4;V;4;V;4;V;3;V;3;V;3;V;3;V;4;V;4;V;4;V;4;V;4;V;5;V
28;16;1;14;28016001_14_6;2025;5;10;70;V;59;V;55;V;67;V;64;V;55;V;49;V;49;V;60;V;70;V;72;V;79;V;72;V;73;V;84;V;89;V;94;V;93;V;92;V;88;V;86;V;88;V;79;V;74;V
28;16;1;20;28016001_20_59;2025;5;10;0,1;V;0,1;V;0,1;V;0,1;V;0,1;V;0,1;V;0,1;V;0,1;V;0,1;V;0,1;V;0,1;V;0,1;V;0,1;V;0,1;V;0,1;V;0,1;V;0,1;V;0,1;V;0,1;V;0,1;V;0,1;V;0,1;V;0,1;V;0,1;V
28;16;1;30;28016001_30_59;2025;5;10;0,1;V;0,1;V;0,1;V;0,1;V;0,1;V;0,1;V;0,1;V;0,1;V;0,1;V;0,1;V;0,1;V;0,1;V;0,1;V;0,1;V;0,1;V;0,1;V;0,1;V;0,1;V;0,1;V;0,1;V;0,1;V;0,1;V;0,1;V;0,1;V
28;16;1;42;28016001_42_2;2025;5;10;1,4;V;1,4;V;1,4;V;1,4;V;1,4;V;1,4;V;1,4;V;1,4;V;1,4;V;1,4;V;1,3;V;1,3;V;1,4;V;1,4;V;1,4;V;1,4;V;1,4;V;1,4;V;1,4;V;1,4;V;1,4;V;1,4;V;1,4;V;1,4;V
28;16;1;44;28016001_44_2;2025;5;10;0,1;V;0,1;V;0,1;V;0,1;V;0,1;V;0,1;V;0,1;V;0,1;V;0,1;V;0,1;V;0,1;V;0,1;V;0,1;V;0,1;V;0,1;V;0,1;V;0,1;V;0,1;V;0,1;V;0,1;V;0,1;V;0,1;V;0,1;V;0,1;V
28;16;1;431;28016001_431_59;2025;5;10;0,1;V;0,1;V;0,1;V;0,1;V;0,1;V;0,1;V;0,1;V;0,1;V;0,1;V;0,1;V;0,1;V;0,1;V;0,1;V;0,1;V;0,1;V;0,1;V;0,1;V;0,1;V;0,1;V;0,1;V;0,1;V;0,1;V;0,1;V;0,1;V
28;161;1;7;28161001_7_8;2025;5;10;1;V;1;V;1;V;1;V;2;V;1;V;1;V;1;V;1;V;2;V;1;V;1;V;1;V;1;V;1;V;1;V;1;V;1;V;1;V;1;V;1;V;1;V;1;V;1;V
28;161;1;8;28161001_8_8;2025;5;10;22;V;12;V;20;V;24;V;19;V;13;V;11;V;8;V;8;V;8;V;4;V;3;V;2;V;2;V;2;V;2;V;2;V;3;V;3;V;5;V;7;V;6;V;5;V;6;V
28;161;1;9;28161001_9_49;2025;5;10;11;V;8;V;5;V;7;V;9;V;6;V;6;V;6;V;5;V;5;V;3;V;4;V;5;V;5;V;3;V;4;V;3;V;3;V;4;V;3;V;2;V;2;V;4;V;5;V
28;161;1;12;28161001_12_8;2025;5;10;24;V;14;V;22;V;26;V;21;V;15;V;13;V;10;V;10;V;10;V;6;V;5;V;4;V;4;V;4;V;4;V;4;V;5;V;5;V;7;V;9;V;8;V;7;V;8;V
28;161;1;14;28161001_14_6;2025;5;10;26;V;31;V;16;V;14;V;21;V;29;V;29;V;40;V;45;V;56;V;64;V;75;V;83;V;85;V;88;V;90;V;92;V;90;V;92;V;87;V;76;V;76;V;73;V;67;V
28;171;1;1;28171001_1_38;2025;5;10;5;V;6;V;6;V;6;V;6;V;6;V;5;V;6;V;6;V;7;V;6;V;6;V;6;V;6;V;6;V;6;V;6;V;6;V;5;V;6;V;6;V;6;V;6;V;6;V
28;171;1;6;28171001_6_48;2025;5;10;0,5;V;0,5;V;0,5;V;0,5;V;0,5;V;0,5;V;0,5;V;0,6;V;0,6;V;0,6;V;0,6;V;0,5;V;0,6;V;0,5;V;0,5;V;0,6;V;0,6;V;0,6;V;0,5;V;0,5;V;0,6;V;0,5;V;0,6;V;0,5;V
28;171;1;7;28171001_7_8;2025;5;10;1;V;1;V;1;V;1;V;1;V;1;V;1;V;2;V;2;V;1;V;1;V;1;V;1;V;1;V;1;V;1;V;1;V;1;V;1;V;1;V;1;V;1;V;1;V;1;V
28;171;1;8;28171001_8_8;2025;5;10;2;V;3;V;2;V;2;V;2;V;2;V;2;V;4;V;4;V;2;V;1;V;1;V;2;V;1;V;1;V;1;V;1;V;2;V;1;V;1;V;3;V;3;V;2;V;2;V
28;171;1;9;28171001_9_49;2025;5;10;1;V;1;V;3;V;3;V;3;V;3;V;2;V;2;V;2;V;5;V;6;V;5;V;5;V;5;V;5;V;6;V;7;V;5;V;5;V;4;V;4;V;4;V;3;V;3;V
28;171;1;10;28171001_10_49;2025;5;10;7;V;9;V;7;V;5;V;5;V;4;V;4;V;5;V;5;V;7;V;8;V;6;V;5;V;6;V;6;V;8;V;8;V;6;V;7;V;3;V;1;V;2;V;3;V;3;V
28;171;1;12;28171001_12_8;2025;5;10;4;V;5;V;4;V;4;V;4;V;4;V;4;V;7;V;6;V;5;V;3;V;3;V;4;V;3;V;3;V;3;V;3;V;4;V;3;V;3;V;5;V;5;V;4;V;4;V
28;171;1;14;28171001_14_6;2025;5;10;22;V;23;V;21;V;26;V;22;V;21;V;23;V;32;V;50;V;73;V;88;V;94;V;93;V;97;V;99;V;96;V;97;V;99;V;96;V;90;V;72;V;63;V;63;V;45;V
28;180;1;7;28180001_7_8;2025;5;10;4;V;1;V;1;V;1;V;1;V;1;V;1;V;1;V;1;V;1;V;1;V;1;V;1;V;1;V;1;V;1;V;1;V;1;V;1;V;1;V;1;V;1;V;1;V;1;V
28;180;1;8;28180001_8_8;2025;5;10;17;V;11;V;7;V;7;V;7;V;7;V;5;V;5;V;6;V;5;V;4;V;4;V;4;V;3;V;3;V;3;V;3;V;4;V;5;V;6;V;7;V;8;V;8;V;7;V
28;180;1;9;28180001_9_49;2025;5;10;2;V;3;V;5;V;9;V;9;V;4;V;7;V;7;V;3;V;2;V;2;V;1;V;1;V;1;V;1;V;1;V;1;V;1;V;2;V;4;V;3;V;2;V;4;V;6;V
28;180;1;12;28180001_12_8;2025;5;10;24;V;13;V;9;V;9;V;9;V;9;V;7;V;7;V;8;V;7;V;6;V;6;V;6;V;5;V;5;V;5;V;5;V;6;V;7;V;8;V;9;V;10;V;10;V;9;V
28;180;1;14;28180001_14_6;2025;5;10;39;V;47;V;49;V;44;V;41;V;42;V;58;V;61;V;62;V;65;V;72;V;74;V;74;V;82;V;87;V;92;V;95;V;100;V;90;V;93;V;86;V;75;V;67;V;68;V
28;45;2;6;28045002_6_48;2025;5;10;1,6;V;0,4;V;0,5;V;0,6;V;0,7;V;0,5;V;0,5;V;0,5;V;2;V;1,2;V;0,7;V;0,5;V;0,8;V;0,6;V;1,1;V;0,6;V;0,5;V;0,4;V;0,5;V;0,5;V;1;V;0,7;V;2,3;V;0,8;V
28;45;2;7;28045002_7_8;2025;5;10;4;V;1;V;1;V;2;V;2;V;2;V;3;V;4;V;4;V;3;V;10;V;4;V;1;V;1;V;1;V;1;V;1;V;1;V;1;V;1;V;2;V;1;V;3;V;1;V
28;45;2;8;28045002_8_8;2025;5;10;9;V;8;V;24;V;20;V;19;V;14;V;12;V;13;V;15;V;9;V;25;V;9;V;3;V;2;V;2;V;3;V;3;V;3;V;6;V;6;V;7;V;11;V;9;V;5;V
28;45;2;10;28045002_10_49;2025;5;10;8;V;10;V;11;V;14;V;15;V;15;V;14;V;13;V;12;V;11;V;9;V;8;V;5;V;3;V;4;V;6;V;4;V;5;V;6;V;8;V;10;V;8;V;8;V;6;V
28;45;2;12;28045002_12_8;2025;5;10;15;V;10;V;26;V;23;V;23;V;17;V;17;V;19;V;22;V;13;V;41;V;16;V;5;V;4;V;4;V;5;V;5;V;5;V;8;V;8;V;10;V;13;V;13;V;7;V
28;45;2;14;28045002_14_6;2025;5;10;84;V;74;V;44;V;45;V;48;V;56;V;57;V;51;V;50;V;73;V;64;V;76;V;92;V;95;V;97;V;100;V;100;V;103;V;102;V;95;V;90;V;82;V;79;V;93;V
28;47;2;1;28047002_1_38;2025;5;10;3;V;3;V;3;V;3;V;3;V;3;V;3;V;3;V;3;V;3;V;3;V;3;V;3;V;3;V;3;V;3;V;3;V;3;V;3;V;3;V;3;V;3;V;3;V;3;V
28;47;2;7;28047002_7_8;2025;5;10;1;V;1;V;1;V;2;V;1;V;3;V;2;V;1;V;3;V;3;V;2;V;1;V;1;V;1;V;1;V;1;V;1;V;1;V;1;V;1;V;2;V;4;V;4;V;1;V
28;47;2;8;28047002_8_8;2025;5;10;26;V;21;V;16;V;18;V;17;V;25;V;19;V;14;V;13;V;15;V;9;V;6;V;4;V;4;V;3;V;3;V;6;V;7;V;9;V;13;V;17;V;43;V;46;V;18;V
28;47;2;9;28047002_9_49;2025;5;10;10;V;11;V;10;V;9;V;5;V;7;V;8;V;7;V;8;V;7;V;6;V;7;V;6;V;5;V;4;V;4;V;5;V;4;V;4;V;5;V;5;V;6;V;6;V;6;V
28;47;2;12;28047002_12_8;2025;5;10;28;V;23;V;18;V;21;V;19;V;29;V;22;V;16;V;17;V;20;V;12;V;8;V;6;V;6;V;5;V;5;V;8;V;9;V;11;V;15;V;20;V;49;V;51;V;20;V
28;47;2;14;28047002_14_6;2025;5;10;20;V;17;V;20;V;20;V;26;V;25;V;35;V;47;V;43;V;47;V;63;V;81;V;87;V;88;V;92;V;92;V;88;V;89;V;88;V;78;V;71;V;41;V;31;V;63;V
28;47;2;20;28047002_20_59;2025;5;10;0,7;V;0,7;V;0,6;V;0,6;V;0,6;V;0,7;V;1;V;0,7;V;0,5;V;0,6;V;0,4;V;0,3;V;0,3;V;0,2;V;0,1;V;0,1;V;0,1;V;0,2;V;0,3;V;0,3;V;0,3;V;0,6;V;1,1;V;0,9;V
28;47;2;30;28047002_30_59;2025;5;10;0,3;V;0,2;V;0,2;V;0,2;V;0,2;V;0,2;V;0,2;V;0,2;V;0,1;V;0,2;V;0,2;V;0,1;V;0,1;V;0,1;V;0,1;V;0,1;V;0,1;V;0,1;V;0,1;V;0,2;V;0,2;V;0,2;V;0,5;V;0,3;V
28;47;2;42;28047002_42_2;2025;5;10;1,4;V;1,4;V;1,4;V;1,4;V;1,4;V;1,4;V;1,4;V;1,4;V;1,4;V;1,4;V;1,4;V;1,3;V;1,3;V;1,3;V;1,3;V;1,3;V;1,3;V;1,3;V;1,3;V;1,3;V;1,3;V;1,3;V;1,4;V;1,3;V
28;47;2;44;28047002_44_2;2025;5;10;0,1;V;0,1;V;0,1;V;0,1;V;0,1;V;0,1;V;0,1;V;0,1;V;0,1;V;0,1;V;0,1;V;0,1;V;0,1;V;0,1;V;0,1;V;0,1;V;0,1;V;0,1;V;0,1;V;0,1;V;0,1;V;0,1;V;0,1;V;0,1;V
28;47;2;431;28047002_431_59;2025;5;10;0,3;V;0,2;V;0,2;V;0,2;V;0,2;V;0,2;V;0,4;V;0,3;V;0,2;V;0,2;V;0,2;V;0,1;V;0,2;V;0,1;V;0,1;V;0,1;V;0,1;V;0,1;V;0,1;V;0,1;V;0,2;V;0,2;V;0,5;V;0,3;V
28;49;3;7;28049003_7_8;2025;5;10;2;V;2;V;2;V;2;V;2;V;4;V;5;V;5;V;4;V;4;V;3;V;2;V;1;V;1;V;1;V;1;V;1;V;1;V;1;V;1;V;1;V;1;V;1;V;1;V
28;49;3;8;28049003_8_8;2025;5;10;11;V;11;V;14;V;14;V;20;V;26;V;21;V;11;V;9;V;10;V;6;V;6;V;4;V;3;V;3;V;2;V;3;V;5;V;7;V;9;V;11;V;14;V;15;V;12;V
28;49;3;9;28049003_9_49;2025;5;10;7;V;2;V;8;V;7;V;9;V;6;V;7;V;11;V;3;V;3;V;4;V;2;V;7;V;5;V;5;V;7;V;4;V;6;V;4;V;2;V;3;V;5;V;6;V;11;V
28;49;3;10;28049003_10_49;2025;5;10;11;V;14;V;12;V;9;V;10;V;12;V;11;V;10;V;9;V;9;V;9;V;9;V;8;V;9;V;7;V;7;V;7;V;7;V;6;V;5;V;6;V;7;V;8;V;8;V
28;49;3;12;28049003_12_8;2025;5;10;13;V;14;V;17;V;16;V;23;V;33;V;28;V;18;V;14;V;17;V;11;V;9;V;6;V;5;V;5;V;4;V;5;V;7;V;9;V;11;V;13;V;16;V;17;V;14;V
28;49;3;14;28049003_14_6;2025;5;10;36;V;30;V;22;V;25;V;16;V;12;V;17;V;32;V;45;V;53;V;63;V;64;V;79;V;81;V;85;V;88;V;94;V;85;V;85;V;85;V;77;V;67;V;55;V;59;V
28;5;2;1;28005002_1_38;2025;5;10;5;V;5;V;5;V;5;V;5;V;4;V;5;V;5;V;4;V;5;V;5;V;5;V;5;V;5;V;5;V;4;V;4;V;4;V;4;V;4;V;5;V;5;V;4;V;4;V
28;5;2;6;28005002_6_48;2025;5;10;0,7;V;0,8;V;0,8;V;0,8;V;0,8;V;0,8;V;0,8;V;0,8;V;0,8;V;0,8;V;0,8;V;0,8;V;0,8;V;0,7;V;0,7;V;0,7;V;0,7;V;0,7;V;0,7;V;0,7;V;0,8;V;0,7;V;0,8;V;0,8;V
28;5;2;7;28005002_7_8;2025;5;10;1;V;1;V;2;V;3;V;2;V;4;V;3;V;1;V;1;V;1;V;1;V;1;V;1;V;1;V;1;V;1;V;1;V;1;V;1;V;1;V;1;V;1;V;1;V;1;V
28;5;2;8;28005002_8_8;2025;5;10;10;V;17;V;19;V;24;V;26;V;24;V;18;V;6;V;5;V;6;V;4;V;4;V;6;V;3;V;3;V;3;V;3;V;6;V;9;V;8;V;11;V;10;V;10;V;7;V
28;5;2;9;28005002_9_49;2025;5;10;8;V;7;V;3;V;5;V;7;V;8;V;9;V;3;V;2;V;4;V;2;V;4;V;3;V;5;V;7;V;7;V;7;V;7;V;5;V;3;V;2;V;2;V;5;V;4;V
28;5;2;10;28005002_10_49;2025;5;10;10;V;11;V;10;V;11;V;18;V;17;V;12;V;11;V;12;V;11;V;5;V;11;V;9;V;13;V;11;V;10;V;11;V;10;V;11;V;10;V;10;V;12;V;9;V;10;V
28;5;2;12;28005002_12_8;2025;5;10;12;V;19;V;23;V;29;V;30;V;30;V;23;V;8;V;7;V;8;V;6;V;6;V;8;V;5;V;5;V;5;V;5;V;8;V;11;V;10;V;13;V;12;V;12;V;9;V
28;5;2;14;28005002_14_6;2025;5;10;49;V;34;V;18;V;11;V;9;V;13;V;26;V;50;V;60;V;63;V;69;V;69;V;72;V;83;V;87;V;93;V;95;V;92;V;88;V;89;V;80;V;72;V;72;V;68;V
28;58;4;7;28058004_7_8;2025;5;10;1;V;1;V;1;V;1;V;1;V;3;V;2;V;5;V;2;V;2;V;2;V;1;V;1;V;1;V;1;V;1;V;1;V;1;V;1;V;1;V;1;V;1;V;1;V;1;V
28;58;4;8;28058004_8_8;2025;5;10;28;V;22;V;14;V;19;V;23;V;30;V;14;V;10;V;8;V;5;V;6;V;4;V;4;V;4;V;3;V;4;V;5;V;5;V;8;V;11;V;11;V;9;V;6;V;6;V
28;58;4;10;28058004_10_49;2025;5;10;19;V;26;V;27;V;19;V;18;V;19;V;17;V;12;V;6;V;3;V;4;V;1;V;1;V;1;V;1;V;1;V;1;V;1;V;5;V;10;V;17;V;22;V;18;V;14;V
28;58;4;12;28058004_12_8;2025;5;10;30;V;24;V;16;V;21;V;26;V;34;V;18;V;18;V;11;V;8;V;9;V;6;V;6;V;6;V;5;V;6;V;7;V;7;V;10;V;14;V;13;V;11;V;8;V;8;V
28;58;4;14;28058004_14_6;2025;5;10;35;V;30;V;40;V;38;V;26;V;18;V;29;V;35;V;47;V;60;V;64;V;78;V;81;V;83;V;87;V;90;V;89;V;87;V;90;V;81;V;72;V;68;V;69;V;63;V
28;58;4;20;28058004_20_59;2025;5;10;3,4;V;3;V;2,3;V;2;V;3,6;V;1,8;V;1,5;V;0,3;V;0,2;V;0,2;V;0,2;V;0,6;V;0,2;V;0,2;V;0,1;V;0,1;V;0,1;V;0,1;V;0,1;V;0,2;V;0,2;V;0,6;V;0,4;V;0,4;V
28;58;4;30;28058004_30_59;2025;5;10;0,2;V;0,1;V;0,1;V;0,1;V;0,1;V;0,1;V;0,1;V;0,1;V;0,1;V;0,1;V;0,1;V;0,1;V;0,1;V;0,1;V;0,1;V;0,1;V;0,1;V;0,1;V;0,1;V;0,1;V;0,1;V;0,1;V;0,1;V;0,1;V
28;58;4;42;28058004_42_2;2025;5;10;1,4;V;1,4;V;1,4;V;1,5;V;2;V;3;V;1,8;V;1,4;V;1,4;V;1,4;V;1,4;V;1,4;V;1,4;V;1,4;V;1,4;V;1,4;V;1,4;V;1,4;V;1,4;V;1,4;V;1,4;V;1,4;V;1,4;V;1,4;V
28;58;4;44;28058004_44_2;2025;5;10;0,1;V;0,1;V;0,1;V;0,2;V;0,2;V;0,3;V;0,1;V;0,1;V;0,1;V;0,1;V;0,1;V;0,1;V;0,1;V;0,1;V;0,1;V;0,1;V;0,1;V;0,1;V;0,1;V;0,1;V;0,1;V;0,1;V;0,1;V;0,1;V
28;58;4;431;28058004_431_59;2025;5;10;0,9;V;0,5;V;0,4;V;0,3;V;0,5;V;0,3;V;0,3;V;0,1;V;0,1;V;0,1;V;0,1;V;0,5;V;0,3;V;0,1;V;0,1;V;0,1;V;0,1;V;0,1;V;0,1;V;0,1;V;0,1;V;0,2;V;0,2;V;0,1;V
28;6;4;7;28006004_7_8;2025;5;10;2;V;2;V;2;V;2;V;2;V;2;V;5;V;6;V;4;V;3;V;3;V;3;V;2;V;2;V;2;V;2;V;2;V;3;V;3;V;3;V;3;V;2;V;2;V;1;V
28;6;4;8;28006004_8_8;2025;5;10;24;V;15;V;10;V;18;V;12;V;11;V;17;V;16;V;8;V;6;V;6;V;5;V;1;V;1;V;1;V;1;V;4;V;8;V;8;V;12;V;16;V;10;V;11;V;5;V
28;6;4;10;28006004_10_49;2025;5;10;11;V;10;V;12;V;10;V;9;V;10;V;8;V;7;V;8;V;4;V;4;V;2;V;4;V;4;V;4;V;5;V;4;V;4;V;5;V;7;V;8;V;7;V;7;V;5;V
28;6;4;12;28006004_12_8;2025;5;10;27;V;18;V;13;V;21;V;16;V;14;V;24;V;24;V;14;V;11;V;10;V;9;V;4;V;4;V;4;V;4;V;7;V;13;V;12;V;16;V;20;V;13;V;14;V;7;V
28;6;4;14;28006004_14_6;2025;5;10;32;V;37;V;41;V;32;V;31;V;29;V;29;V;32;V;47;V;58;V;63;V;62;V;79;V;82;V;86;V;92;V;90;V;84;V;86;V;78;V;70;V;81;V;75;V;75;V
28;6;4;20;28006004_20_59;2025;5;10;1,5;V;1,2;V;1;V;1;V;1,3;V;1,1;V;1;V;0,9;V;0,6;V;0,5;V;0,5;V;0,8;V;1,1;V;0,5;V;0,1;V;0,1;V;0,1;V;0,1;V;0,1;V;0,1;V;0,4;V;0,4;V;0,4;V;0,4;V
28;6;4;30;28006004_30_59;2025;5;10;0,3;V;0,3;V;0,1;V;0,1;V;0,1;V;0,1;V;0,1;V;0,1;V;0,1;V;0,1;V;0,1;V;0,1;V;0,1;V;0,1;V;0,1;V;0,1;V;0,1;V;0,1;V;0,1;V;0,1;V;0,1;V;0,1;V;0,1;V;0,1;V
28;6;4;42;28006004_42_2;2025;5;10;1,5;V;1,4;V;1,4;V;1,4;V;1,4;V;1,3;V;1,3;V;1,3;V;1,3;V;1,3;V;1,3;V;1,3;V;1,3;V;1,3;V;1,3;V;1,3;V;1,3;V;1,3;V;1,3;V;1,3;V;1,3;V;1,3;V;1,3;V;1,3;V
28;6;4;44;28006004_44_2;2025;5;10;0,1;V;0,1;V;0,1;V;0,1;V;0,1;V;0,1;V;0,1;V;0,1;V;0,1;V;0,1;V;0,1;V;0,1;V;0,1;V;0,1;V;0,1;V;0,1;V;0,1;V;0,1;V;0,1;V;0,1;V;0,1;V;0,1;V;0,1;V;0,1;V
28;6;4;431;28006004_431_59;2025;5;10;0,9;V;0,8;V;0,6;V;0,7;V;0,7;V;0,6;V;0,6;V;0,5;V;0,3;V;0,3;V;0,2;V;0,6;V;0,4;V;0,4;V;0,2;V;0,2;V;0,2;V;0,2;V;0,3;V;0,2;V;0,3;V;0,3;V;0,2;V;0,2;V
28;65;14;7;28065014_7_8;2025;5;10;3;V;1;V;1;V;2;V;2;V;4;V;5;V;3;V;4;V;3;V;2;V;2;V;2;V;1;V;2;V;1;V;1;V;1;V;1;V;2;V;1;V;2;V;1;V;1;V
28;65;14;8;28065014_8_8;2025;5;10;45;V;26;V;19;V;26;V;25;V;33;V;22;V;8;V;9;V;7;V;7;V;6;V;6;V;5;V;4;V;5;V;5;V;7;V;7;V;12;V;14;V;16;V;11;V;8;V
28;65;14;9;28065014_9_49;2025;5;10;11;V;8;V;6;V;7;V;4;V;5;V;5;V;4;V;3;V;5;V;6;V;5;V;4;V;5;V;4;V;4;V;6;V;4;V;4;V;4;V;3;V;5;V;6;V;2;V
28;65;14;10;28065014_10_49;2025;5;10;12;V;10;V;8;V;6;V;9;V;9;V;9;V;9;V;10;V;11;V;10;V;10;V;17;V;23;V;22;V;20;V;17;V;13;V;8;V;10;V;11;V;11;V;11;V;11;V
28;65;14;12;28065014_12_8;2025;5;10;49;V;29;V;21;V;30;V;28;V;39;V;30;V;13;V;14;V;11;V;11;V;9;V;8;V;7;V;7;V;7;V;7;V;9;V;9;V;15;V;16;V;18;V;13;V;10;V
28;65;14;14;28065014_14_6;2025;5;10;8;V;20;V;24;V;18;V;19;V;11;V;18;V;36;V;43;V;55;V;61;V;74;V;79;V;81;V;85;V;89;V;90;V;86;V;90;V;84;V;77;V;65;V;69;V;70;V
28;67;1;7;28067001_7_8;2025;5;10;1;V;1;V;1;V;1;V;1;V;4;V;1;V;1;V;1;V;1;V;1;V;1;V;1;V;1;V;1;V;1;V;1;V;1;V;1;V;1;V;1;V;1;V;1;V;1;V
28;67;1;8;28067001_8_8;2025;5;10;4;V;3;V;2;V;2;V;2;V;7;V;5;V;4;V;6;V;6;V;4;V;3;V;1;V;1;V;1;V;1;V;1;V;1;V;2;V;3;V;3;V;3;V;2;V;4;V
28;67;1;10;28067001_10_49;2025;5;10;16;V;19;V;20;V;19;V;17;V;13;V;14;V;13;V;10;V;9;V;6;V;4;V;5;V;6;V;6;V;6;V;7;V;7;V;7;V;7;V;8;V;8;V;8;V;8;V
28;67;1;12;28067001_12_8;2025;5;10;6;V;5;V;4;V;4;V;4;V;12;V;7;V;6;V;8;V;8;V;6;V;5;V;3;V;3;V;3;V;3;V;3;V;3;V;4;V;5;V;5;V;5;V;4;V;6;V
28;67;1;14;28067001_14_6;2025;5;10;21;V;21;V;19;V;15;V;18;V;13;V;31;V;49;V;53;V;59;V;68;V;67;V;81;V;86;V;87;V;94;V;94;V;93;V;90;V;85;V;80;V;81;V;84;V;61;V
28;7;4;7;28007004_7_8;2025;5;10;2;V;1;V;1;V;1;V;1;V;1;V;4;V;3;V;2;V;2;V;1;V;1;V;1;V;1;V;1;V;1;V;1;V;1;V;1;V;1;V;1;V;1;V;1;V;1;V
28;7;4;8;28007004_8_8;2025;5;10;47;V;27;V;17;V;13;V;23;V;18;V;15;V;9;V;6;V;4;V;5;V;4;V;3;V;3;V;2;V;2;V;4;V;4;V;5;V;7;V;10;V;11;V;8;V;7;V
28;7;4;9;28007004_9_49;2025;5;10;8;V;16;V;16;V;13;V;13;V;10;V;8;V;7;V;7;V;7;V;10;V;9;V;8;V;12;V;6;V;8;V;3;V;8;V;5;V;5;V;4;V;3;V;4;V;5;V
28;7;4;12;28007004_12_8;2025;5;10;50;V;29;V;19;V;15;V;25;V;21;V;21;V;14;V;10;V;7;V;7;V;6;V;5;V;5;V;4;V;4;V;6;V;6;V;7;V;9;V;12;V;13;V;10;V;9;V
28;7;4;14;28007004_14_6;2025;5;10;22;V;33;V;41;V;50;V;28;V;32;V;32;V;38;V;51;V;64;V;69;V;81;V;85;V;87;V;92;V;96;V;92;V;92;V;95;V;87;V;81;V;76;V;72;V;71;V
28;74;7;7;28074007_7_8;2025;5;10;11;V;2;V;7;V;6;V;3;V;6;V;6;V;4;V;4;V;4;V;4;V;3;V;3;V;2;V;2;V;2;V;3;V;3;V;2;V;2;V;2;V;2;V;3;V;3;V
28;74;7;8;28074007_8_8;2025;5;10;64;V;22;V;39;V;36;V;29;V;34;V;25;V;10;V;11;V;8;V;9;V;5;V;5;V;4;V;4;V;5;V;6;V;8;V;11;V;16;V;18;V;15;V;11;V;9;V
28;74;7;9;28074007_9_49;2025;5;10;12;V;14;V;12;V;12;V;11;V;11;V;11;V;9;V;6;V;4;V;5;V;6;V;4;V;5;V;6;V;5;V;5;V;6;V;7;V;6;V;7;V;6;V;6;V;6;V
28;74;7;10;28074007_10_49;2025;5;10;22;V;22;V;19;V;17;V;16;V;14;V;14;V;10;V;7;V;7;V;7;V;6;V;5;V;6;V;5;V;6;V;6;V;7;V;7;V;7;V;8;V;8;V;7;V;7;V
28;74;7;12;28074007_12_8;2025;5;10;80;V;25;V;49;V;46;V;34;V;42;V;35;V;15;V;17;V;13;V;15;V;10;V;9;V;8;V;7;V;8;V;10;V;13;V;14;V;19;V;21;V;18;V;15;V;14;V
28;74;7;14;28074007_14_6;2025;5;10;2;V;38;V;10;V;12;V;20;V;17;V;25;V;37;V;42;V;54;V;59;V;74;V;79;V;79;V;85;V;87;V;87;V;83;V;85;V;78;V;70;V;68;V;64;V;63;V
28;80;3;7;28080003_7_8;2025;5;10;1;V;1;V;1;V;1;V;1;V;2;V;4;V;2;V;2;V;1;V;1;V;1;V;1;V;1;V;1;V;1;V;1;V;1;V;1;V;1;V;1;V;1;V;1;V;1;V
28;80;3;8;28080003_8_8;2025;5;10;9;V;18;V;41;V;25;V;17;V;20;V;19;V;9;V;6;V;4;V;4;V;2;V;2;V;2;V;2;V;2;V;2;V;3;V;3;V;6;V;9;V;7;V;4;V;4;V
28;80;3;10;28080003_10_49;2025;5;10;10;V;11;V;14;V;15;V;13;V;12;V;13;V;12;V;7;V;5;V;4;V;4;V;6;V;4;V;4;V;3;V;4;V;3;V;3;V;5;V;2;V;3;V;3;V;2;V
28;80;3;12;28080003_12_8;2025;5;10;11;V;20;V;43;V;27;V;19;V;23;V;25;V;12;V;8;V;6;V;7;V;4;V;4;V;4;V;4;V;4;V;4;V;5;V;5;V;8;V;11;V;9;V;6;V;6;V
28;80;3;14;28080003_14_6;2025;5;10;56;V;46;V;20;V;29;V;30;V;21;V;27;V;44;V;56;V;63;V;63;V;78;V;84;V;86;V;90;V;94;V;89;V;91;V;92;V;83;V;75;V;79;V;80;V;75;V
28;9;1;7;28009001_7_8;2025;5;10;1;V;1;V;1;V;1;V;1;V;1;V;1;V;1;V;1;V;1;V;1;V;1;V;1;V;1;V;1;V;1;V;1;V;1;V;1;V;1;V;1;V;1;V;1;V;1;V
28;9;1;8;28009001_8_8;2025;5;10;10;V;7;V;9;V;7;V;6;V;6;V;6;V;6;V;4;V;3;V;3;V;6;V;4;V;3;V;2;V;3;V;3;V;3;V;4;V;5;V;9;V;10;V;7;V;6;V
28;9;1;9;28009001_9_49;2025;5;10;5;V;8;V;7;V;7;V;7;V;5;V;3;V;4;V;5;V;6;V;5;V;1;V;2;V;1;V;3;V;4;V;2;V;3;V;2;V;3;V;3;V;2;V;3;V;1;V
28;9;1;12;28009001_12_8;2025;5;10;12;V;9;V;11;V;9;V;8;V;8;V;8;V;8;V;6;V;5;V;5;V;8;V;6;V;5;V;4;V;5;V;5;V;5;V;6;V;7;V;11;V;12;V;9;V;8;V
28;9;1;14;28009001_14_6;2025;5;10;57;V;58;V;44;V;45;V;54;V;47;V;49;V;50;V;64;V;72;V;79;V;71;V;83;V;90;V;93;V;98;V;101;V;97;V;96;V;96;V;82;V;80;V;84;V;82;V
28;92;5;1;28092005_1_38;2025;5;10;4;V;4;V;4;V;4;V;3;V;3;V;3;V;3;V;3;V;3;V;3;V;3;V;3;V;3;V;3;V;3;V;3;V;3;V;3;V;3;V;3;V;3;V;3;V;3;V
28;92;5;6;28092005_6_48;2025;5;10;0,6;V;0,5;V;0,4;V;0,4;V;0,4;V;0,4;V;0,4;V;0,4;V;0,4;V;0,4;V;0,4;V;0,4;V;0,4;V;0,4;V;0,4;V;0,4;V;0,4;V;0,4;V;0,4;V;0,4;V;0,4;V;0,4;V;0,4;V;0,4;V
28;92;5;7;28092005_7_8;2025;5;10;2;V;2;V;2;V;2;V;2;V;3;V;4;V;3;V;3;V;3;V;2;V;2;V;2;V;2;V;2;V;2;V;2;V;2;V;2;V;2;V;2;V;2;V;2;V;2;V
28;92;5;8;28092005_8_8;2025;5;10;45;V;33;V;12;V;16;V;20;V;20;V;14;V;7;V;6;V;4;V;4;V;3;V;3;V;2;V;2;V;2;V;3;V;3;V;5;V;7;V;14;V;12;V;10;V;8;V
28;92;5;10;28092005_10_49;2025;5;10;6;V;13;V;12;V;9;V;6;V;8;V;8;V;9;V;6;V;4;V;5;V;5;V;5;V;5;V;7;V;6;V;4;V;6;V;4;V;5;V;5;V;8;V;8;V;3;V
28;92;5;12;28092005_12_8;2025;5;10;48;V;36;V;15;V;19;V;23;V;24;V;20;V;12;V;11;V;9;V;7;V;6;V;6;V;5;V;5;V;5;V;6;V;6;V;8;V;10;V;17;V;15;V;13;V;11;V
28;92;5;14;28092005_14_6;2025;5;10;28;V;36;V;54;V;50;V;39;V;35;V;39;V;45;V;58;V;69;V;77;V;88;V;91;V;93;V;98;V;101;V;96;V;97;V;100;V;90;V;78;V;74;V;71;V;69;V
28;102;1;1;28102001_1_38;2025;5;11;4;V;4;V;4;V;4;V;4;V;4;V;4;V;4;V;4;V;5;V;5;V;4;V;4;V;4;V;4;V;4;V;4;V;4;V;4;V;4;V;4;V;4;V;4;V;4;V
28;102;1;6;28102001_6_48;2025;5;11;0,4;V;0,5;V;0,4;V;0,4;V;0,4;V;0,4;V;0,4;V;0,4;V;0,4;V;0,4;V;0,4;V;0,4;V;0,5;V;0,4;V;0,5;V;0,4;V;0,4;V;0,4;V;0,5;V;0,4;V;0,4;V;0,4;V;0,4;V;0,4;V
28;102;1;7;28102001_7_8;2025;5;11;1;V;1;V;1;V;1;V;1;V;1;V;1;V;1;V;1;V;1;V;1;V;1;V;1;V;1;V;1;V;1;V;1;V;1;V;1;V;1;V;1;V;1;V;1;V;1;V
28;102;1;8;28102001_8_8;2025;5;11;2;V;2;V;2;V;2;V;2;V;2;V;2;V;2;V;1;V;1;V;2;V;1;V;1;V;2;V;1;V;1;V;1;V;1;V;2;V;3;V;6;V;4;V;2;V;1;V
28;102;1;10;28102001_10_49;2025;5;11;10;V;8;V;5;V;4;V;5;V;3;V;4;V;3;V;4;V;3;V;3;V;2;V;1;V;1;V;1;V;1;V;1;V;1;V;2;V;2;V;2;V;2;V;3;V;3;V
28;102;1;12;28102001_12_8;2025;5;11;4;V;4;V;4;V;4;V;4;V;4;V;4;V;4;V;3;V;3;V;4;V;3;V;3;V;4;V;3;V;3;V;3;V;3;V;4;V;5;V;8;V;6;V;4;V;3;V
28;102;1;14;28102001_14_6;2025;5;11;70;V;68;V;64;V;58;V;57;V;60;V;65;V;73;V;85;V;91;V;94;V;97;V;98;V;98;V;98;V;97;V;97;V;98;V;95;V;86;V;79;V;77;V;83;V;83;V
28;106;1;7;28106001_7_8;2025;5;11;1;V;1;V;1;V;1;V;1;V;5;V;1;V;1;V;1;V;1;V;1;V;1;V;1;V;1;V;1;V;1;V;1;V;1;V;1;V;1;V;1;V;1;V;1;V;1;V
28;106;1;8;28106001_8_8;2025;5;11;7;V;7;V;8;V;12;V;8;V;14;V;6;V;5;V;5;V;6;V;5;V;5;V;4;V;4;V;4;V;5;V;5;V;8;V;10;V;15;V;16;V;17;V;12;V;11;V
28;106;1;9;28106001_9_49;2025;5;11;6;V;4;V;5;V;5;V;6;V;6;V;6;V;8;V;7;V;6;V;6;V;5;V;5;V;4;V;4;V;4;V;5;V;4;V;6;V;5;V;6;V;7;V;7;V;8;V
28;106;1;12;28106001_12_8;2025;5;11;9;V;9;V;10;V;14;V;11;V;23;V;8;V;7;V;7;V;8;V;7;V;7;V;6;V;6;V;6;V;7;V;7;V;10;V;12;V;17;V;18;V;19;V;14;V;13;V
28;106;1;14;28106001_14_6;2025;5;11;68;V;64;V;56;V;49;V;52;V;47;V;62;V;78;V;88;V;90;V;91;V;93;V;93;V;91;V;91;V;91;V;93;V;92;V;87;V;77;V;72;V;70;V;71;V;69;V
28;115;3;7;28115003_7_8;2025;5;11;1;V;1;V;1;V;1;V;1;V;2;V;1;V;1;V;1;V;1;V;1;V;1;V;1;V;1;V;1;V;1;V;1;V;1;V;1;V;1;V;1;V;1;V;1;V;1;V
28;115;3;8;28115003_8_8;2025;5;11;5;V;6;V;7;V;5;V;6;V;11;V;10;V;4;V;4;V;4;V;4;V;3;V;3;V;2;V;3;V;3;V;4;V;5;V;6;V;10;V;7;V;6;V;4;V;3;V
28;115;3;9;28115003_9_49;2025;5;11;6;V;6;V;7;V;7;V;7;V;8;V;8;V;7;V;3;V;1;V;1;V;1;V;1;V;2;V;3;V;1;V;1;V;2;V;1;V;2;V;5;V;6;V;7;V;6;V
28;115;3;12;28115003_12_8;2025;5;11;7;V;8;V;9;V;7;V;8;V;14;V;13;V;6;V;6;V;6;V;6;V;5;V;5;V;4;V;5;V;5;V;6;V;7;V;8;V;12;V;9;V;8;V;6;V;5;V
28;115;3;14;28115003_14_6;2025;5;11;59;V;51;V;38;V;34;V;28;V;19;V;38;V;76;V;79;V;80;V;83;V;83;V;84;V;85;V;87;V;88;V;87;V;85;V;81;V;73;V;72;V;72;V;71;V;70;V
28;120;1;7;28120001_7_8;2025;5;11;1;V;1;V;1;V;1;V;1;V;1;V;1;V;1;V;1;V;1;V;1;V;1;V;1;V;1;V;1;V;1;V;1;V;1;V;1;V;1;V;1;V;1;V;1;V;1;V
28;120;1;8;28120001_8_8;2025;5;11;1;V;1;V;1;V;1;V;1;V;1;V;1;V;1;V;1;V;1;V;1;V;1;V;1;V;1;V;1;V;1;V;2;V;2;V;2;V;2;V;2;V;1;V;1;V;1;V
28;120;1;9;28120001_9_49;2025;5;11;1;V;1;V;1;V;21;V;1;V;1;V;7;V;5;V;17;V;21;V;12;V;10;V;23;V;5;V;8;V;3;V;10;V;4;V;19;V;4;V;29;V;3;V;9;V;25;V
28;120;1;10;28120001_10_49;2025;5;11;1;V;1;V;1;V;8;V;2;V;1;V;1;V;1;V;9;V;13;V;11;V;7;V;12;V;5;V;6;V;2;V;4;V;3;V;6;V;2;V;11;V;3;V;3;V;13;V
28;120;1;12;28120001_12_8;2025;5;11;3;V;3;V;3;V;3;V;3;V;3;V;3;V;3;V;3;V;3;V;3;V;3;V;3;V;3;V;3;V;3;V;4;V;4;V;4;V;4;V;4;V;3;V;3;V;3;V
28;120;1;14;28120001_14_6;2025;5;11;104;V;103;V;102;V;102;V;103;V;106;V;106;V;106;V;107;V;104;V;102;V;102;V;104;V;104;V;104;V;101;V;100;V;100;V;100;V;98;V;95;V;96;V;94;V;92;V
28;123;2;7;28123002_7_8;2025;5;11;1;V;1;V;1;V;1;V;1;V;1;V;3;V;4;V;1;V;1;V;2;V;1;V;1;V;1;V;1;V;1;V;2;V;1;V;1;V;1;V;1;V;1;V;1;V;1;V
28;123;2;8;28123002_8_8;2025;5;11;8;V;7;V;7;V;8;V;12;V;10;V;14;V;10;V;5;V;4;V;5;V;5;V;4;V;3;V;3;V;4;V;6;V;6;V;9;V;15;V;18;V;12;V;16;V;19;V
28;123;2;10;28123002_10_49;2025;5;11;9;V;16;V;13;V;9;V;7;V;7;V;8;V;6;V;5;V;5;V;4;V;3;V;2;V;3;V;3;V;3;V;4;V;4;V;6;V;7;V;9;V;7;V;8;V;9;V
28;123;2;12;28123002_12_8;2025;5;11;10;V;9;V;9;V;10;V;14;V;12;V;19;V;15;V;7;V;6;V;8;V;7;V;6;V;5;V;5;V;6;V;8;V;8;V;11;V;17;V;20;V;14;V;18;V;21;V
28;123;2;14;28123002_14_6;2025;5;11;62;V;59;V;55;V;52;V;46;V;44;V;45;V;62;V;87;V;92;V;93;V;96;V;96;V;95;V;94;V;95;V;96;V;96;V;90;V;79;V;74;V;79;V;68;V;50;V
28;123;2;14;28123002_14_8;2025;5;11;62;V;59;V;55;V;51;V;45;V;43;V;45;V;60;V;85;V;91;V;92;V;95;V;95;V;95;V;94;V;95;V;95;V;96;V;89;V;79;V;74;V;78;V;68;V;49;V
28;127;4;7;28127004_7_8;2025;5;11;1;V;1;V;1;V;1;V;3;V;1;V;2;V;1;V;1;V;1;V;1;V;1;V;2;V;1;V;1;V;1;V;1;V;1;V;1;V;1;V;1;V;1;V;1;V;1;V
28;127;4;8;28127004_8_8;2025;5;11;10;V;8;V;10;V;10;V;15;V;12;V;11;V;4;V;5;V;4;V;5;V;5;V;5;V;5;V;4;V;4;V;5;V;5;V;7;V;8;V;8;V;6;V;5;V;5;V
28;127;4;10;28127004_10_49;2025;5;11;6;V;3;V;8;V;5;V;8;V;6;V;6;V;4;V;8;V;5;V;4;V;2;V;7;V;6;V;4;V;6;V;3;V;10;V;7;V;6;V;6;V;8;V;5;V;7;V
28;127;4;12;28127004_12_8;2025;5;11;12;V;10;V;12;V;12;V;20;V;14;V;13;V;6;V;7;V;6;V;7;V;8;V;7;V;7;V;6;V;6;V;7;V;7;V;9;V;10;V;10;V;8;V;7;V;7;V
28;127;4;14;28127004_14_6;2025;5;11;61;V;60;V;41;V;44;V;42;V;41;V;55;V;81;V;85;V;92;V;92;V;90;V;92;V;94;V;94;V;97;V;94;V;92;V;89;V;83;V;81;V;82;V;80;V;78;V
28;13;2;7;28013002_7_8;2025;5;11;1;V;1;V;1;V;1;V;1;V;2;V;2;V;2;V;1;V;1;V;1;V;1;V;1;V;1;V;1;V;1;V;1;V;1;V;1;V;1;V;1;V;1;V;1;V;1;V
28;13;2;8;28013002_8_8;2025;5;11;7;V;5;V;6;V;8;V;6;V;8;V;6;V;6;V;3;V;3;V;4;V;4;V;4;V;3;V;3;V;3;V;3;V;4;V;5;V;9;V;12;V;11;V;11;V;12;V
28;13;2;10;28013002_10_49;2025;5;11;6;V;8;V;7;V;7;V;6;V;8;V;11;V;5;V;6;V;4;V;2;V;2;V;2;V;4;V;2;V;2;V;2;V;4;V;5;V;3;V;8;V;7;V;6;V;10;V
28;13;2;12;28013002_12_8;2025;5;11;9;V;7;V;8;V;10;V;8;V;11;V;9;V;8;V;5;V;5;V;6;V;6;V;6;V;5;V;5;V;5;V;5;V;6;V;7;V;11;V;14;V;13;V;13;V;14;V
28;13;2;14;28013002_14_6;2025;5;11;66;V;69;V;43;V;30;V;21;V;16;V;27;V;59;V;75;V;88;V;93;V;96;V;100;V;102;V;103;V;101;V;95;V;90;V;84;V;79;V;73;V;73;V;67;V;54;V
28;133;2;7;28133002_7_8;2025;5;11;1;V;1;V;1;V;1;V;2;V;1;V;1;V;1;V;1;V;1;V;1;V;1;V;1;V;1;V;1;V;1;V;1;V;1;V;1;V;1;V;1;V;1;V;1;V;1;V
28;133;2;8;28133002_8_8;2025;5;11;3;V;3;V;4;V;2;V;3;V;5;V;2;V;1;V;2;V;2;V;1;V;1;V;1;V;2;V;1;V;1;V;2;V;2;V;2;V;4;V;1;V;2;V;2;V;1;V
28;133;2;10;28133002_10_49;2025;5;11;2;V;1;V;3;V;3;V;4;V;6;V;5;V;7;V;7;V;7;V;3;V;3;V;1;V;1;V;3;V;1;V;1;V;1;V;1;V;1;V;2;V;2;V;2;V;2;V
28;133;2;12;28133002_12_8;2025;5;11;5;V;5;V;6;V;4;V;6;V;7;V;4;V;3;V;4;V;4;V;3;V;3;V;3;V;4;V;4;V;3;V;4;V;4;V;4;V;6;V;3;V;4;V;4;V;3;V
28;133;2;14;28133002_14_6;2025;5;11;42;V;40;V;36;V;33;V;32;V;37;V;53;V;58;V;67;V;73;V;75;V;73;V;72;V;76;V;78;V;77;V;74;V;74;V;73;V;66;V;69;V;67;V;61;V;62;V
28;134;2;7;28134002_7_8;2025;5;11;1;V;1;V;1;V;1;V;1;V;1;V;1;V;1;V;1;V;1;V;1;V;1;V;1;V;1;V;1;V;1;V;1;V;1;V;1;V;1;V;1;V;1;V;1;V;1;V
28;134;2;8;28134002_8_8;2025;5;11;3;V;2;V;2;V;2;V;2;V;2;V;2;V;4;V;2;V;1;V;1;V;1;V;1;V;1;V;1;V;1;V;1;V;2;V;2;V;2;V;2;V;2;V;2;V;3;V
28;134;2;10;28134002_10_49;2025;5;11;8;V;4;V;7;V;10;V;10;V;10;V;11;V;9;V;7;V;5;V;4;V;3;V;2;V;3;V;5;V;5;V;6;V;6;V;8;V;8;V;9;V;10;V;11;V;15;V
28;134;2;12;28134002_12_8;2025;5;11;5;V;4;V;4;V;4;V;4;V;4;V;4;V;6;V;4;V;3;V;3;V;3;V;3;V;3;V;3;V;3;V;3;V;4;V;4;V;4;V;4;V;4;V;4;V;5;V
28;134;2;14;28134002_14_6;2025;5;11;75;V;57;V;40;V;52;V;43;V;31;V;69;V;68;V;89;V;96;V;96;V;96;V;96;V;97;V;98;V;99;V;98;V;94;V;90;V;78;V;55;V;31;V;11;V;10;V
28;14;2;7;28014002_7_8;2025;5;11;1;V;1;V;1;V;1;V;1;V;2;V;3;V;2;V;2;V;1;V;1;V;2;V;2;V;1;V;1;V;1;V;1;V;1;V;1;V;1;V;1;V;1;V;1;V;1;V
28;14;2;8;28014002_8_8;2025;5;11;5;V;4;V;4;V;4;V;5;V;8;V;9;V;5;V;6;V;4;V;3;V;3;V;4;V;2;V;2;V;2;V;3;V;3;V;4;V;7;V;19;V;14;V;17;V;9;V
28;14;2;10;28014002_10_49;2025;5;11;6;V;6;V;6;V;5;V;7;V;7;V;8;V;9;V;8;V;5;V;3;V;2;V;1;V;2;V;1;V;1;V;1;V;1;V;1;V;2;V;3;V;5;V;8;V;15;V
28;14;2;12;28014002_12_8;2025;5;11;7;V;6;V;6;V;6;V;7;V;12;V;14;V;9;V;9;V;6;V;5;V;5;V;7;V;4;V;4;V;4;V;5;V;5;V;6;V;9;V;21;V;16;V;19;V;11;V
28;14;2;14;28014002_14_8;2025;5;11;67;V;63;V;46;V;49;V;42;V;30;V;36;V;63;V;75;V;88;V;101;V;101;V;102;V;102;V;102;V;101;V;102;V;102;V;97;V;88;V;60;V;67;V;55;V;43;V
28;14;2;14;28014002_14_6;2025;5;11;65;V;67;V;57;V;57;V;48;V;40;V;51;V;68;V;76;V;93;V;103;V;109;V;114;V;112;V;117;V;112;V;109;V;101;V;93;V;81;V;61;V;73;V;57;V;48;V
28;148;4;7;28148004_7_8;2025;5;11;2;V;2;V;2;V;2;V;2;V;3;V;3;V;4;V;3;V;3;V;3;V;3;V;3;V;3;V;3;V;3;V;2;V;2;V;2;V;2;V;3;V;3;V;2;V;2;V
28;148;4;8;28148004_8_8;2025;5;11;10;V;7;V;6;V;6;V;7;V;8;V;8;V;10;V;6;V;6;V;4;V;5;V;4;V;3;V;2;V;2;V;3;V;5;V;7;V;13;V;24;V;23;V;18;V;13;V
28;148;4;9;28148004_9_49;2025;5;11;11;V;10;V;6;V;8;V;7;V;4;V;4;V;6;V;5;V;4;V;1;V;2;V;4;V;6;V;5;V;5;V;5;V;5;V;9;V;12;V;15;V;14;V;11;V;11;V
28;148;4;10;28148004_10_49;2025;5;11;18;V;17;V;14;V;16;V;14;V;13;V;12;V;11;V;11;V;8;V;6;V;6;V;8;V;10;V;10;V;10;V;12;V;13;V;17;V;23;V;27;V;26;V;21;V;19;V
28;148;4;12;28148004_12_8;2025;5;11;13;V;10;V;9;V;10;V;10;V;12;V;14;V;16;V;11;V;11;V;8;V;10;V;9;V;8;V;6;V;6;V;6;V;8;V;11;V;17;V;28;V;29;V;22;V;16;V
28;148;4;14;28148004_14_6;2025;5;11;56;V;58;V;56;V;52;V;47;V;45;V;50;V;65;V;90;V;93;V;99;V;99;V;99;V;98;V;99;V;99;V;100;V;97;V;87;V;78;V;63;V;58;V;53;V;56;V
28;16;1;1;28016001_1_38;2025;5;11;3;V;3;V;3;V;4;V;3;V;4;V;4;V;4;V;3;V;3;V;3;V;3;V;3;V;3;V;3;V;4;V;4;V;3;V;4;V;3;V;3;V;3;V;3;V;3;V
28;16;1;6;28016001_6_48;2025;5;11;0,4;V;0,4;V;0,4;V;0,4;V;0,4;V;0,4;V;0,4;V;0,4;V;0,4;V;0,5;V;0,5;V;0,5;V;0,5;V;0,5;V;0,5;V;0,5;V;0,5;V;0,5;V;0,5;V;0,5;V;0,5;V;0,5;V;0,5;V;0,5;V
28;16;1;7;28016001_7_8;2025;5;11;1;V;1;V;1;V;1;V;1;V;1;V;1;V;1;V;1;V;1;V;1;V;1;V;1;V;1;V;1;V;1;V;1;V;1;V;1;V;1;V;1;V;1;V;1;V;1;V
28;16;1;8;28016001_8_8;2025;5;11;3;V;2;V;1;V;1;V;1;V;1;V;1;V;1;V;2;V;2;V;2;V;2;V;1;V;1;V;1;V;2;V;1;V;2;V;2;V;2;V;2;V;2;V;2;V;2;V
28;16;1;9;28016001_9_49;2025;5;11;13;V;13;V;12;V;11;V;8;V;7;V;7;V;4;V;2;V;1;V;3;V;3;V;2;V;2;V;2;V;2;V;3;V;5;V;1;V;1;V;2;V;9;V;10;V;8;V
28;16;1;10;28016001_10_49;2025;5;11;2;V;1;V;1;V;1;V;1;V;1;V;2;V;3;V;2;V;1;V;1;V;1;V;1;V;1;V;1;V;1;V;1;V;1;V;2;V;1;V;1;V;1;V;1;V;2;V
28;16;1;12;28016001_12_8;2025;5;11;5;V;4;V;3;V;3;V;3;V;3;V;3;V;3;V;4;V;4;V;4;V;4;V;3;V;3;V;3;V;4;V;3;V;4;V;4;V;4;V;4;V;4;V;4;V;4;V
28;16;1;14;28016001_14_6;2025;5;11;72;V;76;V;88;V;87;V;75;V;61;V;79;V;92;V;97;V;98;V;95;V;93;V;96;V;96;V;97;V;97;V;98;V;93;V;92;V;94;V;92;V;88;V;87;V;88;V
28;16;1;20;28016001_20_59;2025;5;11;0,1;V;0,1;V;0,1;V;0,1;V;0,1;V;0,1;V;0,1;V;0,1;V;0,1;V;0,1;V;0,1;V;0,1;V;0,1;V;0,1;V;0,1;V;0,1;V;0,1;V;0,1;V;0,1;V;0,1;V;0,1;V;0,1;V;0,1;V;0,1;V
28;16;1;30;28016001_30_59;2025;5;11;0,1;V;0,1;V;0,1;V;0,1;V;0,1;V;0,1;V;0,1;V;0,1;V;0,1;V;0,1;V;0,1;V;0,1;V;0,1;V;0,1;V;0,1;V;0,1;V;0,1;V;0,1;V;0,1;V;0,1;V;0,1;V;0,1;V;0,1;V;0,1;V
28;16;1;42;28016001_42_2;2025;5;11;1,4;V;1,4;V;1,4;V;1,4;V;1,4;V;1,4;V;1,4;V;1,4;V;1,4;V;1,4;V;1,4;V;1,4;V;1,4;V;1,4;V;1,4;V;1,4;V;1,4;V;1,4;V;1,4;V;1,4;V;1,4;V;1,4;V;1,4;V;1,4;V
28;16;1;44;28016001_44_2;2025;5;11;0,1;V;0,1;V;0,1;V;0,1;V;0,1;V;0,1;V;0,1;V;0,1;V;0,1;V;0,1;V;0,1;V;0,1;V;0,1;V;0,1;V;0,1;V;0,1;V;0,1;V;0,1;V;0,1;V;0,1;V;0,1;V;0,1;V;0,1;V;0,1;V
28;16;1;431;28016001_431_59;2025;5;11;0,1;V;0,1;V;0,1;V;0,1;V;0,1;V;0,1;V;0,1;V;0,1;V;0,1;V;0,1;V;0,1;V;0,1;V;0,1;V;0,1;V;0,1;V;0,1;V;0,1;V;0,1;V;0,1;V;0,1;V;0,1;V;0,1;V;0,1;V;0,1;V
28;161;1;7;28161001_7_8;2025;5;11;1;V;1;V;1;V;1;V;1;V;1;V;1;V;1;V;1;V;1;V;1;V;1;V;1;V;1;V;1;V;1;V;1;V;1;V;1;V;1;V;1;V;1;V;1;V;1;V
28;161;1;8;28161001_8_8;2025;5;11;5;V;4;V;5;V;5;V;5;V;6;V;4;V;3;V;3;V;2;V;2;V;2;V;2;V;2;V;2;V;2;V;2;V;4;V;6;V;10;V;13;V;11;V;9;V;9;V
28;161;1;9;28161001_9_49;2025;5;11;1;V;1;V;3;V;5;V;8;V;10;V;7;V;4;V;5;V;5;V;1;V;1;V;1;V;1;V;2;V;2;V;2;V;4;V;4;V;4;V;5;V;8;V;8;V;8;V
28;161;1;12;28161001_12_8;2025;5;11;7;V;6;V;7;V;7;V;7;V;8;V;6;V;5;V;5;V;4;V;4;V;4;V;4;V;4;V;4;V;4;V;4;V;6;V;8;V;13;V;15;V;13;V;11;V;11;V
28;161;1;14;28161001_14_6;2025;5;11;64;V;59;V;55;V;48;V;48;V;48;V;65;V;72;V;86;V;92;V;93;V;94;V;95;V;94;V;91;V;90;V;90;V;90;V;85;V;81;V;74;V;71;V;69;V;63;V
28;171;1;1;28171001_1_38;2025;5;11;6;V;6;V;6;V;6;V;5;V;6;V;5;V;5;V;5;V;5;V;6;V;6;V;6;V;6;V;7;V;6;V;6;V;7;V;7;V;6;V;6;V;6;V;6;V;6;V
28;171;1;6;28171001_6_48;2025;5;11;0,5;V;0,5;V;0,5;V;0,5;V;0,5;V;0,5;V;0,5;V;0,6;V;0,6;V;0,6;V;0,6;V;0,6;V;0,6;V;0,6;V;0,6;V;0,6;V;0,6;V;0,6;V;0,6;V;0,6;V;0,6;V;0,6;V;0,6;V;0,6;V
28;171;1;7;28171001_7_8;2025;5;11;1;V;1;V;1;V;1;V;1;V;1;V;1;V;1;V;1;V;1;V;1;V;1;V;1;V;1;V;1;V;1;V;1;V;1;V;1;V;1;V;1;V;1;V;1;V;1;V
28;171;1;8;28171001_8_8;2025;5;11;2;V;2;V;2;V;1;V;1;V;1;V;1;V;1;V;1;V;1;V;1;V;1;V;2;V;1;V;1;V;1;V;1;V;1;V;2;V;2;V;2;V;2;V;2;V;2;V
28;171;1;9;28171001_9_49;2025;5;11;2;V;1;V;1;V;1;V;1;V;1;V;1;V;1;V;3;V;6;V;7;V;7;V;6;V;8;V;9;V;7;V;5;V;2;V;4;V;5;V;3;V;1;V;1;V;1;V
28;171;1;10;28171001_10_49;2025;5;11;3;V;1;V;2;V;1;V;1;V;1;V;1;V;2;V;4;V;3;V;3;V;5;V;4;V;5;V;5;V;4;V;2;V;2;V;3;V;3;V;1;V;1;V;1;V;1;V
28;171;1;12;28171001_12_8;2025;5;11;4;V;4;V;4;V;3;V;3;V;3;V;3;V;3;V;3;V;3;V;3;V;3;V;4;V;3;V;3;V;3;V;3;V;3;V;4;V;4;V;4;V;4;V;4;V;4;V
28;171;1;14;28171001_14_6;2025;5;11;35;V;29;V;18;V;11;V;12;V;13;V;21;V;57;V;77;V;87;V;88;V;89;V;89;V;94;V;91;V;93;V;93;V;96;V;95;V;92;V;86;V;83;V;82;V;81;V
28;180;1;7;28180001_7_8;2025;5;11;1;V;1;V;1;V;1;V;1;V;1;V;1;V;1;V;1;V;1;V;1;V;1;V;1;V;1;V;1;V;1;V;1;V;1;V;1;V;2;V;1;V;1;V;1;V;1;V
28;180;1;8;28180001_8_8;2025;5;11;6;V;7;V;6;V;10;V;8;V;10;V;7;V;3;V;3;V;4;V;4;V;3;V;4;V;3;V;3;V;3;V;5;V;6;V;9;V;16;V;19;V;16;V;12;V;16;V
28;180;1;9;28180001_9_49;2025;5;11;5;V;2;V;1;V;3;V;6;V;8;V;5;V;1;V;1;V;1;V;1;V;1;V;1;V;1;V;1;V;1;V;1;V;2;V;4;V;4;V;5;V;3;V;5;V;6;V
28;180;1;12;28180001_12_8;2025;5;11;8;V;9;V;8;V;12;V;10;V;12;V;9;V;5;V;5;V;6;V;6;V;5;V;6;V;5;V;5;V;5;V;7;V;8;V;11;V;19;V;21;V;18;V;14;V;18;V
28;180;1;14;28180001_14_6;2025;5;11;67;V;65;V;66;V;63;V;61;V;55;V;65;V;81;V;85;V;90;V;97;V;100;V;100;V;105;V;105;V;100;V;95;V;95;V;93;V;81;V;72;V;73;V;74;V;63;V
28;45;2;6;28045002_6_48;2025;5;11;0,7;V;0,4;V;0,4;V;0,4;V;0,4;V;0,4;V;0,4;V;0,4;V;0,5;V;4,3;V;0,7;V;0,5;V;0,4;V;0,4;V;0,4;V;0,5;V;0,4;V;0,4;V;0,4;V;0,6;V;0,5;V;0,6;V;0,5;V;0,5;V
28;45;2;7;28045002_7_8;2025;5;11;1;V;1;V;1;V;1;V;1;V;1;V;1;V;1;V;2;V;4;V;1;V;1;V;1;V;1;V;1;V;1;V;1;V;1;V;1;V;1;V;1;V;1;V;1;V;1;V
28;45;2;8;28045002_8_8;2025;5;11;3;V;3;V;3;V;2;V;3;V;3;V;3;V;3;V;3;V;7;V;3;V;3;V;3;V;2;V;3;V;3;V;3;V;3;V;4;V;5;V;4;V;4;V;7;V;6;V
28;45;2;10;28045002_10_49;2025;5;11;5;V;5;V;5;V;5;V;5;V;5;V;4;V;3;V;5;V;5;V;5;V;4;V;3;V;4;V;4;V;5;V;5;V;6;V;7;V;6;V;6;V;5;V;6;V;8;V
28;45;2;12;28045002_12_8;2025;5;11;5;V;5;V;5;V;4;V;5;V;5;V;5;V;5;V;6;V;13;V;5;V;5;V;5;V;5;V;5;V;5;V;5;V;5;V;6;V;7;V;6;V;6;V;9;V;8;V
28;45;2;14;28045002_14_6;2025;5;11;98;V;99;V;97;V;97;V;96;V;96;V;100;V;103;V;104;V;103;V;103;V;103;V;105;V;106;V;107;V;108;V;106;V;104;V;104;V;98;V;96;V;97;V;87;V;88;V
28;47;2;1;28047002_1_38;2025;5;11;3;V;3;V;3;V;3;V;3;V;3;V;3;V;3;V;3;V;3;V;3;V;3;V;3;V;3;V;3;V;3;V;3;V;3;V;3;V;3;V;3;V;3;V;3;V;3;V
28;47;2;7;28047002_7_8;2025;5;11;1;V;1;V;1;V;1;V;1;V;1;V;1;V;1;V;1;V;1;V;1;V;1;V;1;V;1;V;1;V;1;V;1;V;1;V;1;V;1;V;1;V;1;V;1;V;1;V
28;47;2;8;28047002_8_8;2025;5;11;15;V;7;V;5;V;4;V;4;V;4;V;4;V;5;V;5;V;6;V;6;V;6;V;6;V;5;V;5;V;6;V;8;V;8;V;10;V;13;V;13;V;7;V;5;V;4;V
28;47;2;9;28047002_9_49;2025;5;11;6;V;4;V;2;V;2;V;2;V;3;V;5;V;7;V;5;V;4;V;3;V;3;V;4;V;4;V;5;V;4;V;4;V;4;V;5;V;4;V;6;V;6;V;6;V;6;V
28;47;2;12;28047002_12_8;2025;5;11;17;V;9;V;7;V;6;V;6;V;6;V;6;V;7;V;7;V;8;V;8;V;8;V;9;V;7;V;7;V;8;V;10;V;10;V;12;V;15;V;15;V;9;V;7;V;6;V
28;47;2;14;28047002_14_6;2025;5;11;63;V;78;V;80;V;81;V;87;V;88;V;89;V;91;V;92;V;90;V;91;V;92;V;92;V;95;V;95;V;94;V;90;V;88;V;85;V;78;V;77;V;82;V;83;V;84;V
28;47;2;20;28047002_20_59;2025;5;11;0,4;V;0,4;V;0,2;V;0,2;V;0,1;V;0,1;V;0,1;V;0,1;V;0,1;V;0,2;V;0,1;V;4;V;0,6;V;0,2;V;0,2;V;0,1;V;0,1;V;0,2;V;0,3;V;0,2;V;0,2;V;0,2;V;0,2;V;0,1;V
28;47;2;30;28047002_30_59;2025;5;11;0,2;V;0,1;V;0,1;V;0,1;V;0,1;V;0,1;V;0,1;V;0,1;V;0,1;V;0,1;V;0,1;V;0,1;V;0,1;V;0,1;V;0,1;V;0,1;V;0,1;V;0,1;V;0,1;V;0,1;V;0,1;V;0,1;V;0,1;V;0,1;V
28;47;2;42;28047002_42_2;2025;5;11;1,3;V;1,3;V;1,3;V;1,3;V;1,3;V;1,3;V;1,3;V;1,3;V;1,3;V;1,3;V;1,3;V;1,3;V;1,3;V;1,3;V;1,3;V;1,3;V;1,3;V;1,3;V;1,3;V;1,3;V;1,3;V;1,3;V;1,3;V;1,3;V
28;47;2;44;28047002_44_2;2025;5;11;0,1;V;0,1;V;0,1;V;0,1;V;0,1;V;0,1;V;0,1;V;0,1;V;0,1;V;0,1;V;0,1;V;0,1;V;0,1;V;0,1;V;0,1;V;0,1;V;0,1;V;0,1;V;0,1;V;0,1;V;0,1;V;0,1;V;0,1;V;0,1;V
28;47;2;431;28047002_431_59;2025;5;11;0,2;V;0,2;V;0,1;V;0,1;V;0,1;V;0,1;V;0,1;V;0,1;V;0,1;V;0,1;V;0,1;V;0,1;V;0,1;V;0,1;V;0,1;V;0,1;V;0,1;V;0,1;V;0,2;V;0,1;V;0,1;V;0,1;V;0,1;V;0,1;V
28;49;3;7;28049003_7_8;2025;5;11;1;V;1;V;1;V;1;V;1;V;1;V;2;V;1;V;2;V;1;V;1;V;1;V;1;V;1;V;1;V;1;V;2;V;2;V;2;V;1;V;1;V;1;V;2;V;1;V
28;49;3;8;28049003_8_8;2025;5;11;10;V;8;V;9;V;9;V;10;V;13;V;12;V;6;V;5;V;5;V;4;V;3;V;3;V;3;V;3;V;3;V;4;V;5;V;8;V;13;V;15;V;20;V;30;V;19;V
28;49;3;9;28049003_9_49;2025;5;11;2;V;1;V;5;V;5;V;5;V;6;V;6;V;3;V;3;V;5;V;2;V;3;V;5;V;2;V;2;V;4;V;4;V;4;V;4;V;4;V;6;V;5;V;8;V;6;V
28;49;3;10;28049003_10_49;2025;5;11;8;V;8;V;8;V;5;V;5;V;6;V;8;V;8;V;7;V;5;V;5;V;4;V;3;V;3;V;3;V;4;V;5;V;5;V;3;V;5;V;6;V;7;V;7;V;8;V
28;49;3;12;28049003_12_8;2025;5;11;12;V;10;V;11;V;11;V;12;V;16;V;15;V;8;V;8;V;7;V;6;V;5;V;5;V;5;V;5;V;5;V;7;V;8;V;11;V;15;V;17;V;22;V;33;V;22;V
28;49;3;14;28049003_14_6;2025;5;11;58;V;58;V;53;V;50;V;48;V;45;V;60;V;83;V;85;V;88;V;90;V;94;V;92;V;93;V;92;V;93;V;92;V;91;V;83;V;73;V;72;V;62;V;43;V;50;V
28;5;2;1;28005002_1_38;2025;5;11;4;V;4;V;4;V;4;V;4;V;4;V;5;V;5;V;5;V;4;V;4;V;4;V;4;V;4;V;4;V;4;V;4;V;4;V;4;V;4;V;4;V;5;V;5;V;4;V
28;5;2;6;28005002_6_48;2025;5;11;0,8;V;0,8;V;0,8;V;0,8;V;0,8;V;0,8;V;0,8;V;0,8;V;0,8;V;0,7;V;0,7;V;0,7;V;0,7;V;0,7;V;0,7;V;0,7;V;0,7;V;0,7;V;0,7;V;0,8;V;0,8;V;0,8;V;0,8;V;0,8;V
28;5;2;7;28005002_7_8;2025;5;11;1;V;1;V;1;V;1;V;1;V;1;V;1;V;1;V;2;V;1;V;1;V;1;V;1;V;1;V;1;V;2;V;1;V;1;V;1;V;1;V;2;V;1;V;1;V;3;V
28;5;2;8;28005002_8_8;2025;5;11;7;V;7;V;7;V;6;V;8;V;7;V;8;V;9;V;10;V;6;V;6;V;4;V;5;V;5;V;5;V;6;V;5;V;8;V;9;V;15;V;22;V;20;V;17;V;23;V
28;5;2;9;28005002_9_49;2025;5;11;5;V;7;V;6;V;3;V;4;V;15;V;16;V;17;V;17;V;14;V;8;V;6;V;3;V;1;V;1;V;2;V;2;V;2;V;16;V;11;V;5;V;2;V;1;V;2;V
28;5;2;10;28005002_10_49;2025;5;11;3;V;8;V;8;V;7;V;7;V;10;V;9;V;8;V;10;V;12;V;5;V;9;V;5;V;5;V;6;V;9;V;9;V;8;V;10;V;8;V;12;V;14;V;12;V;10;V
28;5;2;12;28005002_12_8;2025;5;11;9;V;9;V;9;V;8;V;10;V;9;V;10;V;12;V;13;V;8;V;8;V;6;V;7;V;7;V;7;V;9;V;7;V;10;V;11;V;17;V;24;V;22;V;19;V;27;V
28;5;2;14;28005002_14_6;2025;5;11;67;V;65;V;63;V;64;V;57;V;57;V;60;V;72;V;84;V;94;V;98;V;102;V;102;V;103;V;102;V;99;V;100;V;95;V;87;V;75;V;63;V;51;V;54;V;48;V
28;58;4;7;28058004_7_8;2025;5;11;1;V;1;V;1;V;1;V;1;V;1;V;1;V;1;V;1;V;1;V;1;V;1;V;1;V;1;V;1;V;2;V;1;V;1;V;1;V;2;V;1;V;1;V;1;V;1;V
28;58;4;8;28058004_8_8;2025;5;11;5;V;9;V;11;V;4;V;7;V;8;V;5;V;6;V;5;V;5;V;4;V;4;V;4;V;4;V;4;V;6;V;6;V;8;V;12;V;13;V;15;V;10;V;9;V;7;V
28;58;4;10;28058004_10_49;2025;5;11;12;V;7;V;5;V;4;V;5;V;6;V;5;V;2;V;1;V;1;V;1;V;1;V;1;V;1;V;1;V;1;V;2;V;3;V;6;V;8;V;10;V;11;V;8;V;6;V
28;58;4;12;28058004_12_8;2025;5;11;7;V;11;V;13;V;6;V;9;V;10;V;7;V;8;V;7;V;7;V;6;V;6;V;6;V;6;V;6;V;9;V;9;V;10;V;14;V;16;V;18;V;12;V;11;V;9;V
28;58;4;14;28058004_14_6;2025;5;11;66;V;56;V;51;V;62;V;54;V;61;V;62;V;66;V;83;V;85;V;87;V;89;V;88;V;88;V;87;V;86;V;89;V;88;V;83;V;77;V;73;V;76;V;75;V;76;V
28;58;4;20;28058004_20_59;2025;5;11;0,5;V;0,1;V;2,1;V;1,2;V;1,3;V;2,2;V;0,5;V;0,1;V;0,1;V;0,1;V;0,1;V;0,1;V;0,1;V;0,1;V;0,1;V;0,1;V;0,1;V;0,1;V;0,1;V;0,1;V;0,1;V;0,1;V;0,1;V;0,1;V
28;58;4;30;28058004_30_59;2025;5;11;0,1;V;0,1;V;0,1;V;0,1;V;0,1;V;0,1;V;0,1;V;0,1;V;0,1;V;0,1;V;0,1;V;0,1;V;0,1;V;0,1;V;0,1;V;0,1;V;0,1;V;0,1;V;0,1;V;0,1;V;0,1;V;0,1;V;0,1;V;0,1;V
28;58;4;42;28058004_42_2;2025;5;11;1,4;V;1,4;V;1,4;V;1,4;V;1,4;V;1,4;V;1,4;V;1,4;V;1,4;V;1,4;V;1,4;V;1,4;V;1,4;V;1,4;V;1,4;V;1,4;V;1,4;V;1,4;V;1,4;V;1,4;V;1,4;V;1,4;V;1,4;V;1,4;V
28;58;4;44;28058004_44_2;2025;5;11;0,1;V;0,1;V;0,1;V;0,1;V;0,1;V;0,1;V;0,1;V;0,1;V;0,1;V;0,1;V;0,1;V;0,1;V;0,1;V;0,1;V;0,1;V;0,1;V;0,1;V;0,1;V;0,1;V;0,1;V;0,1;V;0,1;V;0,1;V;0,1;V
28;58;4;431;28058004_431_59;2025;5;11;0,2;V;0,1;V;0,5;V;0,4;V;0,4;V;0,6;V;0,2;V;0,1;V;0,1;V;0,1;V;0,1;V;0,1;V;0,1;V;0,1;V;0,1;V;0,1;V;0,1;V;0,1;V;0,1;V;0,1;V;0,1;V;0,1;V;0,1;V;0,1;V
28;6;4;7;28006004_7_8;2025;5;11;1;V;1;V;1;V;1;V;1;V;2;V;2;V;2;V;1;V;2;V;2;V;2;V;2;V;2;V;2;V;3;V;4;V;2;V;2;V;5;V;12;V;3;V;2;V;2;V
28;6;4;8;28006004_8_8;2025;5;11;6;V;3;V;4;V;3;V;8;V;8;V;5;V;1;V;1;V;1;V;3;V;2;V;2;V;1;V;2;V;6;V;11;V;2;V;5;V;31;V;62;V;27;V;25;V;25;V
28;6;4;10;28006004_10_49;2025;5;11;3;V;1;V;2;V;2;V;4;V;4;V;4;V;8;V;5;V;1;V;1;V;1;V;1;V;1;V;1;V;2;V;3;V;6;V;8;V;8;V;9;V;10;V;11;V;10;V
28;6;4;12;28006004_12_8;2025;5;11;8;V;6;V;6;V;5;V;10;V;11;V;8;V;4;V;3;V;4;V;6;V;5;V;5;V;4;V;5;V;10;V;17;V;5;V;8;V;38;V;81;V;32;V;29;V;28;V
28;6;4;14;28006004_14_6;2025;5;11;67;V;68;V;65;V;63;V;55;V;53;V;65;V;84;V;90;V;90;V;90;V;92;V;91;V;93;V;94;V;92;V;87;V;90;V;85;V;60;V;27;V;55;V;45;V;44;V
28;6;4;20;28006004_20_59;2025;5;11;0,3;V;0,2;V;0,5;V;0,4;V;0,5;V;0,5;V;0,4;V;0,1;V;0,1;V;0,1;V;0,1;V;0,1;V;0,1;V;0,1;V;0,1;V;0,1;V;0,1;V;0,1;V;0,1;V;0,1;V;0,2;V;0,5;V;2;V;1,7;V
28;6;4;30;28006004_30_59;2025;5;11;0,1;V;0,1;V;0,1;V;0,1;V;0,1;V;0,1;V;0,1;V;0,1;V;0,1;V;0,1;V;0,1;V;0,1;V;0,1;V;0,1;V;0,1;V;0,1;V;0,1;V;0,1;V;0,1;V;0,1;V;0,1;V;0,1;V;0,3;V;0,2;V
28;6;4;42;28006004_42_2;2025;5;11;1,3;V;1,3;V;1,3;V;1,3;V;1,3;V;1,3;V;1,3;V;1,3;V;1,3;V;1,3;V;1,3;V;1,3;V;1,3;V;1,3;V;1,3;V;1,3;V;1,3;V;1,3;V;1,3;V;1,3;V;1,3;V;1,3;V;1,4;V;1,3;V
28;6;4;44;28006004_44_2;2025;5;11;0,1;V;0,1;V;0,1;V;0,1;V;0,1;V;0,1;V;0,1;V;0,1;V;0,1;V;0,1;V;0,1;V;0,1;V;0,1;V;0,1;V;0,1;V;0,1;V;0,1;V;0,1;V;0,1;V;0,1;V;0,1;V;0,1;V;0,1;V;0,1;V
28;6;4;431;28006004_431_59;2025;5;11;0,2;V;0,2;V;0,3;V;0,2;V;0,2;V;0,3;V;0,3;V;0,2;V;0,2;V;0,2;V;0,4;V;0,2;V;0,2;V;0,2;V;0,2;V;0,2;V;0,2;V;0,2;V;0,2;V;0,2;V;0,3;V;0,3;V;0,8;V;0,8;V
28;65;14;7;28065014_7_8;2025;5;11;1;V;1;V;1;V;1;V;1;V;2;V;2;V;2;V;1;V;1;V;1;V;1;V;1;V;1;V;1;V;1;V;1;V;1;V;1;V;2;V;1;V;1;V;1;V;1;V
28;65;14;8;28065014_8_8;2025;5;11;7;V;9;V;9;V;11;V;16;V;17;V;10;V;8;V;5;V;5;V;4;V;5;V;5;V;4;V;4;V;4;V;5;V;8;V;10;V;15;V;13;V;8;V;7;V;4;V
28;65;14;9;28065014_9_49;2025;5;11;6;V;7;V;6;V;4;V;4;V;9;V;5;V;4;V;5;V;2;V;1;V;2;V;3;V;5;V;4;V;3;V;1;V;2;V;4;V;6;V;5;V;6;V;6;V;5;V
28;65;14;10;28065014_10_49;2025;5;11;11;V;7;V;3;V;4;V;7;V;8;V;10;V;9;V;12;V;12;V;13;V;13;V;11;V;10;V;6;V;7;V;9;V;9;V;10;V;9;V;11;V;11;V;9;V;8;V
28;65;14;12;28065014_12_8;2025;5;11;9;V;11;V;11;V;13;V;18;V;20;V;13;V;10;V;7;V;7;V;6;V;7;V;7;V;6;V;6;V;6;V;7;V;10;V;12;V;18;V;15;V;11;V;9;V;6;V
28;65;14;14;28065014_14_6;2025;5;11;67;V;58;V;56;V;46;V;39;V;39;V;60;V;71;V;87;V;89;V;90;V;91;V;90;V;91;V;91;V;93;V;94;V;90;V;86;V;78;V;78;V;81;V;80;V;83;V
28;67;1;7;28067001_7_8;2025;5;11;1;V;1;V;1;V;1;V;2;V;2;V;1;V;1;V;1;V;1;V;1;V;1;V;1;V;1;V;1;V;1;V;1;V;1;V;1;V;1;V;1;V;1;V;1;V;1;V
28;67;1;8;28067001_8_8;2025;5;11;3;V;4;V;2;V;2;V;2;V;5;V;4;V;2;V;2;V;2;V;2;V;1;V;1;V;1;V;1;V;1;V;1;V;2;V;2;V;2;V;2;V;2;V;3;V;1;V
28;67;1;10;28067001_10_49;2025;5;11;12;V;14;V;16;V;16;V;14;V;13;V;10;V;9;V;5;V;3;V;3;V;3;V;3;V;4;V;4;V;5;V;5;V;5;V;6;V;6;V;7;V;7;V;7;V;8;V
28;67;1;12;28067001_12_8;2025;5;11;5;V;6;V;4;V;4;V;5;V;7;V;6;V;4;V;4;V;4;V;4;V;3;V;3;V;3;V;3;V;4;V;3;V;4;V;4;V;4;V;4;V;4;V;5;V;3;V
28;67;1;14;28067001_14_6;2025;5;11;58;V;37;V;33;V;29;V;25;V;20;V;32;V;71;V;85;V;96;V;96;V;96;V;95;V;96;V;97;V;100;V;97;V;94;V;94;V;92;V;93;V;89;V;84;V;82;V
28;7;4;7;28007004_7_8;2025;5;11;1;V;1;V;1;V;1;V;1;V;1;V;1;V;1;V;1;V;1;V;1;V;1;V;1;V;1;V;1;V;1;V;1;V;1;V;1;V;1;V;1;V;1;V;1;V;1;V
28;7;4;8;28007004_8_8;2025;5;11;6;V;4;V;5;V;6;V;8;V;10;V;7;V;5;V;3;V;2;V;2;V;2;V;2;V;1;V;2;V;2;V;2;V;5;V;7;V;9;V;11;V;6;V;5;V;4;V
28;7;4;9;28007004_9_49;2025;5;11;4;V;1;V;3;V;6;V;5;V;5;V;2;V;3;V;10;V;11;V;10;V;6;V;4;V;5;V;2;V;1;V;3;V;6;V;7;V;3;V;8;V;4;V;4;V;8;V
28;7;4;12;28007004_12_8;2025;5;11;8;V;6;V;7;V;8;V;10;V;12;V;9;V;7;V;5;V;4;V;4;V;4;V;4;V;3;V;4;V;4;V;4;V;7;V;10;V;11;V;13;V;8;V;7;V;6;V
28;7;4;14;28007004_14_6;2025;5;11;68;V;67;V;66;V;67;V;60;V;54;V;60;V;72;V;90;V;90;V;92;V;92;V;92;V;92;V;93;V;97;V;97;V;93;V;88;V;80;V;77;V;80;V;82;V;81;V
28;74;7;7;28074007_7_8;2025;5;11;2;V;3;V;4;V;4;V;4;V;5;V;5;V;5;V;4;V;4;V;3;V;3;V;2;V;2;V;2;V;3;V;3;V;3;V;3;V;6;V;5;V;4;V;4;V;3;V
28;74;7;8;28074007_8_8;2025;5;11;8;V;11;V;14;V;8;V;10;V;15;V;12;V;7;V;6;V;7;V;6;V;6;V;5;V;5;V;6;V;5;V;8;V;10;V;11;V;26;V;24;V;10;V;9;V;4;V
28;74;7;9;28074007_9_49;2025;5;11;5;V;7;V;6;V;5;V;5;V;4;V;4;V;4;V;4;V;4;V;3;V;4;V;5;V;6;V;5;V;5;V;4;V;5;V;4;V;5;V;6;V;6;V;5;V;5;V
28;74;7;10;28074007_10_49;2025;5;11;7;V;8;V;7;V;7;V;5;V;5;V;3;V;3;V;2;V;2;V;2;V;5;V;4;V;3;V;3;V;5;V;4;V;5;V;5;V;7;V;8;V;8;V;7;V;7;V
28;74;7;12;28074007_12_8;2025;5;11;11;V;15;V;20;V;14;V;16;V;22;V;21;V;15;V;12;V;13;V;11;V;11;V;8;V;9;V;10;V;9;V;12;V;14;V;16;V;34;V;31;V;16;V;16;V;10;V
28;74;7;14;28074007_14_6;2025;5;11;60;V;58;V;50;V;57;V;53;V;49;V;56;V;70;V;83;V;83;V;85;V;85;V;86;V;86;V;86;V;89;V;88;V;85;V;82;V;65;V;64;V;75;V;71;V;77;V
28;80;3;7;28080003_7_8;2025;5;11;1;V;1;V;1;V;1;V;1;V;1;V;1;V;1;V;1;V;1;V;1;V;1;V;1;V;1;V;1;V;1;V;1;V;2;V;1;V;1;V;1;V;1;V;1;V;1;V
28;80;3;8;28080003_8_8;2025;5;11;4;V;3;V;5;V;5;V;5;V;11;V;5;V;4;V;3;V;3;V;3;V;3;V;3;V;2;V;2;V;4;V;5;V;10;V;13;V;11;V;8;V;6;V;4;V;3;V
28;80;3;10;28080003_10_49;2025;5;11;1;V;1;V;1;V;4;V;4;V;4;V;2;V;1;V;4;V;2;V;1;V;1;V;1;V;1;V;2;V;2;V;2;V;4;V;3;V;4;V;6;V;4;V;5;V;5;V
28;80;3;12;28080003_12_8;2025;5;11;6;V;5;V;7;V;7;V;7;V;13;V;7;V;6;V;5;V;5;V;5;V;5;V;5;V;4;V;4;V;6;V;7;V;13;V;15;V;13;V;10;V;8;V;6;V;5;V
28;80;3;14;28080003_14_6;2025;5;11;64;V;58;V;53;V;48;V;43;V;39;V;62;V;83;V;87;V;89;V;92;V;91;V;92;V;94;V;95;V;96;V;95;V;88;V;83;V;81;V;80;V;81;V;83;V;83;V
28;9;1;7;28009001_7_8;2025;5;11;1;V;1;V;1;V;1;V;1;V;1;V;1;V;1;V;1;V;1;V;1;V;1;V;1;V;1;V;1;V;1;V;1;V;1;V;1;V;1;V;1;V;1;V;1;V;1;V
28;9;1;8;28009001_8_8;2025;5;11;7;V;5;V;5;V;7;V;9;V;12;V;7;V;5;V;3;V;4;V;4;V;3;V;3;V;2;V;2;V;2;V;2;V;3;V;4;V;5;V;5;V;4;V;2;V;3;V
28;9;1;9;28009001_9_49;2025;5;11;4;V;6;V;5;V;4;V;3;V;2;V;2;V;6;V;8;V;5;V;2;V;1;V;1;V;1;V;1;V;1;V;1;V;1;V;2;V;3;V;3;V;2;V;4;V;3;V
28;9;1;12;28009001_12_8;2025;5;11;9;V;7;V;7;V;9;V;11;V;14;V;9;V;7;V;5;V;6;V;6;V;5;V;5;V;4;V;4;V;4;V;4;V;5;V;6;V;7;V;7;V;6;V;4;V;5;V
28;9;1;14;28009001_14_6;2025;5;11;75;V;75;V;75;V;70;V;65;V;53;V;60;V;73;V;90;V;97;V;99;V;101;V;100;V;102;V;102;V;102;V;102;V;98;V;91;V;86;V;87;V;87;V;87;V;84;V
28;92;5;1;28092005_1_38;2025;5;11;3;V;3;V;3;V;3;V;3;V;3;V;3;V;3;V;3;V;3;V;3;V;3;V;3;V;3;V;3;V;3;V;3;V;3;V;3;V;3;V;3;V;3;V;3;V;3;V
28;92;5;6;28092005_6_48;2025;5;11;0,4;V;0,4;V;0,4;V;0,4;V;0,4;V;0,4;V;0,5;V;0,4;V;0,4;V;0,4;V;0,4;V;0,4;V;0,4;V;0,4;V;0,4;V;0,4;V;0,4;V;0,4;V;0,4;V;0,4;V;0,5;V;0,5;V;0,5;V;0,5;V
28;92;5;7;28092005_7_8;2025;5;11;2;V;2;V;2;V;2;V;2;V;3;V;4;V;2;V;2;V;2;V;2;V;2;V;2;V;2;V;2;V;2;V;2;V;2;V;2;V;2;V;2;V;2;V;2;V;2;V
28;92;5;8;28092005_8_8;2025;5;11;7;V;5;V;6;V;5;V;6;V;14;V;10;V;4;V;2;V;2;V;2;V;2;V;2;V;2;V;2;V;2;V;3;V;5;V;7;V;9;V;15;V;16;V;12;V;15;V
28;92;5;10;28092005_10_49;2025;5;11;11;V;2;V;3;V;1;V;2;V;3;V;10;V;5;V;6;V;2;V;1;V;2;V;2;V;3;V;2;V;2;V;3;V;5;V;3;V;7;V;6;V;10;V;6;V;6;V
28;92;5;12;28092005_12_8;2025;5;11;10;V;8;V;9;V;8;V;9;V;18;V;16;V;7;V;5;V;5;V;5;V;5;V;5;V;5;V;5;V;5;V;6;V;8;V;10;V;12;V;18;V;19;V;15;V;18;V
28;92;5;14;28092005_14_6;2025;5;11;64;V;65;V;63;V;63;V;59;V;50;V;52;V;70;V;92;V;95;V;95;V;96;V;96;V;96;V;97;V;98;V;100;V;97;V;92;V;86;V;77;V;67;V;67;V;61;V
