PROVINCIA;MUNICIPIO;ESTACION;MAGNITUD;PUNTO_MUESTREO;ANO;MES;DIA;H01;V01;H02;V02;H03;V03;H04;V04;H05;V05;H06;V06;H07;V07;H08;V08;H09;V09;H10;V10;H11;V11;H12;V12;H13;V13;H14;V14;H15;V15;H16;V16;H17;V17;H18;V18;H19;V19;H20;V20;H21;V21;H22;V22;H23;V23;H24;V24
"28";"079";"11";"12";"28079011_12_8";"2025";"04";"28";"6";"V";"4";"V";"3";"V";"3";"V";"3";"V";"5";"V";"14";"V";"23";"V";"35";"V";"31";"V";"32";"V";"32";"V";"39";"V";"0";"N";"0";"N";"0";"N";"0";"N";"0";"N";"0";"N";"0";"N";"0";"N";"0";"N";"0";"N";"0";"N"
"28";"079";"11";"12";"28079011_12_8";"2025";"04";"29";"6";"V";"5";"V";"4";"V";"2";"V";"4";"V";"6";"V";"13";"V";"27";"V";"33";"V";"23";"V";"23";"V";"28";"V";"22";"V";"22";"V";"19";"V";"14";"V";"17";"V";"20";"V";"15";"V";"20";"V";"22";"V";"17";"V";"11";"V";"7";"V"
"28";"079";"11";"12";"28079011_12_8";"2025";"04";"30";"5";"V";"7";"V";"4";"V";"4";"V";"4";"V";"6";"V";"17";"V";"33";"V";"40";"V";"27";"V";"0";"N";"0";"N";"0";"N";"29";"V";"24";"V";"22";"V";"39";"V";"24";"V";"21";"V";"25";"V";"18";"V";"15";"V";"12";"V";"6";"V"
"28";"079";"11";"12";"28079011_12_8";"2025";"05";"01";"8";"V";"13";"V";"9";"V";"6";"V";"5";"V";"5";"V";"6";"V";"16";"V";"22";"V";"27";"V";"30";"V";"28";"V";"28";"V";"19";"V";"10";"V";"12";"V";"11";"V";"11";"V";"13";"V";"10";"V";"7";"V";"22";"V";"38";"V";"21";"V"
"28";"079";"11";"12";"28079011_12_8";"2025";"05";"02";"12";"V";"24";"V";"12";"V";"5";"V";"5";"V";"4";"V";"9";"V";"10";"V";"5";"V";"13";"V";"18";"V";"23";"V";"19";"V";"16";"V";"15";"V";"15";"V";"10";"V";"11";"V";"17";"V";"12";"V";"13";"V";"25";"V";"37";"V";"12";"V"
"28";"079";"11";"12";"28079011_12_8";"2025";"05";"03";"19";"V";"11";"V";"9";"V";"6";"V";"10";"V";"14";"V";"22";"V";"33";"V";"23";"V";"22";"V";"23";"V";"24";"V";"20";"V";"23";"V";"13";"V";"7";"V";"17";"V";"14";"V";"17";"V";"8";"V";"10";"V";"11";"V";"8";"V";"9";"V"
"28";"079";"11";"12";"28079011_12_8";"2025";"05";"04";"15";"V";"16";"V";"13";"V";"6";"V";"6";"V";"9";"V";"11";"V";"7";"V";"7";"V";"7";"V";"8";"V";"7";"V";"10";"V";"9";"V";"8";"V";"6";"V";"13";"V";"7";"V";"7";"V";"7";"V";"8";"V";"9";"V";"6";"V";"6";"V"
"28";"079";"11";"12";"28079011_12_8";"2025";"05";"05";"4";"V";"4";"V";"2";"V";"3";"V";"3";"V";"2";"V";"7";"V";"27";"V";"50";"V";"54";"V";"49";"V";"27";"V";"27";"V";"65";"V";"52";"V";"39";"V";"44";"V";"37";"V";"36";"V";"51";"V";"0";"N";"0";"N";"0";"N";"0";"N"
"28";"079";"11";"20";"28079011_20_59";"2025";"04";"28";"0.3";"V";"0.2";"V";"0.2";"V";"0.2";"V";"0.2";"V";"0.2";"V";"0.3";"V";"0.4";"V";"0.7";"V";"1.1";"V";"1.2";"V";"0";"N";"1";"V";"0";"N";"0";"N";"0";"N";"0";"N";"0";"N";"0";"N";"0";"N";"0";"N";"0";"N";"0";"N";"0";"N"
"28";"079";"11";"20";"28079011_20_59";"2025";"04";"29";"0.4";"V";"0.2";"V";"0.2";"V";"0.1";"V";"0";"V";"0.3";"V";"0.1";"V";"0.1";"V";"0";"V";"0.1";"V";"0";"V";"0";"V";"0";"V";"0";"N";"0";"N";"0";"N";"0";"V";"0";"N";"0";"N";"0";"V";"0";"V";"1.3";"V";"0";"V";"0";"V"
"28";"079";"11";"20";"28079011_20_59";"2025";"04";"30";"0";"V";"0";"V";"0";"N";"0";"V";"0";"V";"0";"N";"0";"N";"0";"N";"1.1";"V";"0";"V";"0";"N";"0";"N";"0";"N";"0";"N";"0.7";"V";"0.6";"V";"1";"V";"1";"V";"1.2";"V";"0.9";"V";"1.2";"V";"0.6";"V";"0.5";"V";"0.4";"V"
"28";"079";"11";"20";"28079011_20_59";"2025";"05";"01";"0.8";"V";"1";"V";"0.9";"V";"0.5";"V";"0.5";"V";"0.4";"V";"0.3";"V";"0.4";"V";"0.5";"V";"0.6";"V";"1.8";"V";"2.1";"V";"0.7";"V";"0.6";"V";"0.7";"V";"0.5";"V";"0.4";"V";"0.4";"V";"0.4";"V";"0.4";"V";"0.2";"V";"0.5";"V";"1";"V";"1.1";"V"
"28";"079";"11";"20";"28079011_20_59";"2025";"05";"02";"0.6";"V";"0.9";"V";"0.7";"V";"0.3";"V";"0.3";"V";"0.3";"V";"0.5";"V";"0.6";"V";"0.3";"V";"0.2";"V";"0.6";"V";"0.7";"V";"0.7";"V";"0.5";"V";"0.7";"V";"0.5";"V";"0.3";"V";"0.3";"V";"0.5";"V";"0.5";"V";"0.4";"V";"0.8";"V";"2.2";"V";"1";"V"
"28";"079";"11";"20";"28079011_20_59";"2025";"05";"03";"0.6";"V";"0.8";"V";"0.6";"V";"0.5";"V";"0.5";"V";"0.6";"V";"1";"V";"0.9";"V";"1.1";"V";"1";"V";"0.9";"V";"0.7";"V";"1.2";"V";"1";"V";"1.2";"V";"0.3";"V";"0.5";"V";"0.5";"V";"0.3";"V";"0.5";"V";"0.2";"V";"0.3";"V";"0.3";"V";"0.2";"V"
"28";"079";"11";"20";"28079011_20_59";"2025";"05";"04";"0.6";"V";"0.7";"V";"0.7";"V";"0.4";"V";"0.3";"V";"0.5";"V";"0.7";"V";"0.6";"V";"0.5";"V";"0.3";"V";"0.4";"V";"0.4";"V";"0.1";"V";"0.3";"V";"0.4";"V";"0.2";"V";"0.2";"V";"0.2";"V";"0.1";"V";"0.1";"V";"0.2";"V";"0.2";"V";"0.2";"V";"0.2";"V"
"28";"079";"11";"20";"28079011_20_59";"2025";"05";"05";"0.1";"V";"0.2";"V";"0.1";"V";"0.2";"V";"1";"V";"1.3";"V";"0.3";"V";"0.3";"V";"1.2";"V";"1.2";"V";"1.6";"V";"1.1";"V";"1.3";"V";"1.5";"V";"4.9";"V";"2.4";"V";"1.6";"V";"1.2";"V";"2.3";"V";"3.3";"V";"0";"N";"0";"N";"0";"N";"0";"N"
"28";"079";"11";"30";"28079011_30_59";"2025";"04";"28";"0.1";"V";"0.1";"V";"0.1";"V";"0.1";"V";"0.1";"V";"0.1";"V";"0.1";"V";"0.2";"V";"0.2";"V";"0.3";"V";"0.3";"V";"0";"N";"0.2";"V";"0";"N";"0";"N";"0";"N";"0";"N";"0";"N";"0";"N";"0";"N";"0";"N";"0";"N";"0";"N";"0";"N"
"28";"079";"11";"30";"28079011_30_59";"2025";"04";"29";"0.1";"V";"0.1";"V";"0.1";"V";"0.1";"V";"0.3";"V";"0";"N";"0";"N";"0";"N";"0";"N";"0";"N";"0";"N";"0";"V";"0.1";"V";"0";"N";"0";"N";"0";"N";"0";"V";"0";"N";"0";"N";"0";"V";"0";"V";"0";"V";"0";"V";"0";"V"
"28";"079";"11";"30";"28079011_30_59";"2025";"04";"30";"0";"V";"0";"V";"0";"N";"0";"V";"0";"V";"0";"N";"0";"N";"0";"N";"0";"V";"0";"V";"0";"N";"0";"N";"0";"N";"0";"N";"0.2";"V";"0.2";"V";"0.2";"V";"0.2";"V";"0.3";"V";"0.3";"V";"0.3";"V";"0.2";"V";"0.1";"V";"0.1";"V"
"28";"079";"11";"30";"28079011_30_59";"2025";"05";"01";"0.1";"V";"0.2";"V";"0.1";"V";"0.1";"V";"0.1";"V";"0.1";"V";"0";"V";"0.1";"V";"0.1";"V";"0.1";"V";"0.3";"V";"0.3";"V";"0.2";"V";"0.2";"V";"0.2";"V";"0.2";"V";"0.1";"V";"0.1";"V";"0.1";"V";"0.1";"V";"0.1";"V";"0.2";"V";"0.3";"V";"0.3";"V"
"28";"079";"11";"30";"28079011_30_59";"2025";"05";"02";"0.1";"V";"0.2";"V";"0.1";"V";"0.1";"V";"0.1";"V";"0";"V";"0.1";"V";"0.1";"V";"0";"V";"0";"V";"0.1";"V";"0.1";"V";"0.2";"V";"0.1";"V";"0.1";"V";"0.1";"V";"0.1";"V";"0";"V";"0.1";"V";"0.1";"V";"0.1";"V";"0.2";"V";"0.3";"V";"0.2";"V"
"28";"079";"11";"30";"28079011_30_59";"2025";"05";"03";"0.1";"V";"0.2";"V";"0.1";"V";"0.1";"V";"0.1";"V";"0.1";"V";"0.1";"V";"0.2";"V";"0.2";"V";"0.1";"V";"0.2";"V";"0.1";"V";"0.3";"V";"0.2";"V";"0.2";"V";"0.1";"V";"0.1";"V";"0.1";"V";"0";"V";"0.1";"V";"0.1";"V";"0.1";"V";"0.1";"V";"0";"V"
"28";"079";"11";"30";"28079011_30_59";"2025";"05";"04";"0.1";"V";"0.1";"V";"0.1";"V";"0.1";"V";"0.1";"V";"0.1";"V";"0.1";"V";"0.2";"V";"0.1";"V";"0";"V";"0.1";"V";"0.1";"V";"0";"V";"0.1";"V";"0.1";"V";"0.1";"V";"0.1";"V";"0.1";"V";"0";"V";"0";"V";"0.1";"V";"0.1";"V";"0";"V";"0";"V"
"28";"079";"11";"30";"28079011_30_59";"2025";"05";"05";"0";"V";"0";"V";"0";"V";"0";"V";"0";"V";"0";"V";"0";"V";"0.1";"V";"0.3";"V";"0.3";"V";"0.4";"V";"0.2";"V";"0.3";"V";"0.3";"V";"0.6";"V";"0.3";"V";"0.2";"V";"0.3";"V";"0.2";"V";"0.3";"V";"0";"N";"0";"N";"0";"N";"0";"N"
"28";"079";"11";"35";"28079011_35_59";"2025";"04";"28";"0";"V";"0";"V";"0";"V";"0";"V";"0";"V";"0";"V";"0";"V";"0";"V";"0";"V";"0";"V";"0";"V";"0";"N";"0.3";"V";"0";"N";"0";"N";"0";"N";"0";"N";"0";"N";"0";"N";"0";"N";"0";"N";"0";"N";"0";"N";"0";"N"
"28";"079";"11";"35";"28079011_35_59";"2025";"04";"29";"0";"V";"0";"V";"0";"V";"0.1";"V";"0.3";"V";"0";"V";"0";"V";"0";"V";"0";"V";"0.2";"V";"0";"V";"0.1";"V";"0.1";"V";"0";"N";"0";"N";"0";"N";"0";"V";"0";"N";"0";"N";"0";"V";"0.2";"V";"0";"V";"0";"V";"0";"V"
"28";"079";"11";"35";"28079011_35_59";"2025";"04";"30";"0";"V";"0";"V";"0";"N";"0";"V";"0";"V";"0";"N";"0";"N";"0";"N";"0";"V";"0";"V";"0";"N";"0";"N";"0";"N";"0";"N";"0.1";"V";"0";"V";"0";"V";"0";"V";"0.1";"V";"0";"V";"0.1";"V";"0";"V";"0";"V";"0";"V"
"28";"079";"11";"35";"28079011_35_59";"2025";"05";"01";"0";"V";"0.1";"V";"0";"V";"0";"V";"0";"V";"0";"V";"0";"V";"0";"V";"0";"V";"0";"V";"0";"V";"0.2";"V";"0";"V";"0";"V";"0";"V";"0";"V";"0";"V";"0";"V";"0";"V";"0";"V";"0";"V";"0";"V";"0";"V";"0";"V"
"28";"079";"11";"35";"28079011_35_59";"2025";"05";"02";"0";"V";"0";"V";"0";"V";"0";"V";"0";"V";"0";"V";"0";"V";"0";"V";"0";"V";"0";"V";"0";"V";"0";"V";"0";"V";"0";"V";"0";"V";"0";"V";"0";"V";"0";"V";"0";"V";"0";"V";"0";"V";"0";"V";"0.1";"V";"0";"V"
"28";"079";"11";"35";"28079011_35_59";"2025";"05";"03";"0";"V";"0";"V";"0";"V";"0";"V";"0";"V";"0";"V";"0.1";"V";"0";"V";"0";"V";"0";"V";"0";"V";"0";"V";"0";"V";"0";"V";"0";"V";"0";"V";"0";"V";"0";"V";"0";"V";"0";"V";"0";"V";"0";"V";"0";"V";"0";"V"
"28";"079";"11";"35";"28079011_35_59";"2025";"05";"04";"0";"V";"0";"V";"0";"V";"0";"V";"0";"V";"0";"V";"0";"V";"0";"V";"0";"V";"0";"V";"0";"V";"0";"V";"0";"V";"0";"V";"0";"V";"0";"V";"0";"V";"0";"V";"0";"V";"0";"V";"0";"V";"0";"V";"0";"V";"0";"V"
"28";"079";"11";"35";"28079011_35_59";"2025";"05";"05";"0";"V";"0";"V";"0";"V";"0";"V";"0";"V";"0";"V";"0";"V";"0";"V";"0.1";"V";"0";"V";"0.2";"V";"0";"V";"0";"V";"0.3";"V";"0.7";"V";"0.5";"V";"0.2";"V";"0";"V";"0";"V";"0.1";"V";"0";"N";"0";"N";"0";"N";"0";"N"
"28";"079";"11";"7";"28079011_7_8";"2025";"04";"28";"0";"V";"0";"V";"0";"V";"0";"V";"0";"V";"0";"V";"0";"V";"1";"V";"4";"V";"6";"V";"6";"V";"7";"V";"10";"V";"0";"N";"0";"N";"0";"N";"0";"N";"0";"N";"0";"N";"0";"N";"0";"N";"0";"N";"0";"N";"0";"N"
"28";"079";"11";"7";"28079011_7_8";"2025";"04";"29";"0";"V";"0";"V";"0";"V";"0";"V";"0";"V";"0";"V";"0";"V";"1";"V";"3";"V";"3";"V";"4";"V";"6";"V";"5";"V";"5";"V";"4";"V";"3";"V";"3";"V";"4";"V";"2";"V";"3";"V";"3";"V";"2";"V";"1";"V";"0";"V"
"28";"079";"11";"7";"28079011_7_8";"2025";"04";"30";"0";"V";"0";"V";"0";"V";"0";"V";"0";"V";"0";"V";"0";"V";"1";"V";"4";"V";"4";"V";"0";"N";"0";"N";"0";"N";"7";"V";"6";"V";"3";"V";"9";"V";"5";"V";"3";"V";"4";"V";"3";"V";"2";"V";"2";"V";"0";"V"
"28";"079";"11";"7";"28079011_7_8";"2025";"05";"01";"1";"V";"1";"V";"1";"V";"0";"V";"0";"V";"0";"V";"0";"V";"1";"V";"3";"V";"4";"V";"4";"V";"4";"V";"6";"V";"4";"V";"2";"V";"2";"V";"2";"V";"2";"V";"2";"V";"2";"V";"1";"V";"1";"V";"1";"V";"1";"V"
"28";"079";"11";"7";"28079011_7_8";"2025";"05";"02";"0";"V";"0";"V";"0";"V";"0";"V";"0";"V";"0";"V";"1";"V";"1";"V";"1";"V";"3";"V";"2";"V";"3";"V";"3";"V";"2";"V";"2";"V";"3";"V";"2";"V";"1";"V";"2";"V";"1";"V";"1";"V";"1";"V";"2";"V";"1";"V"
"28";"079";"11";"7";"28079011_7_8";"2025";"05";"03";"0";"V";"1";"V";"0";"V";"0";"V";"0";"V";"0";"V";"2";"V";"7";"V";"2";"V";"3";"V";"5";"V";"6";"V";"4";"V";"5";"V";"2";"V";"1";"V";"4";"V";"3";"V";"4";"V";"1";"V";"1";"V";"1";"V";"1";"V";"1";"V"
"28";"079";"11";"7";"28079011_7_8";"2025";"05";"04";"1";"V";"1";"V";"1";"V";"0";"V";"0";"V";"0";"V";"1";"V";"0";"V";"1";"V";"1";"V";"1";"V";"2";"V";"2";"V";"2";"V";"2";"V";"1";"V";"3";"V";"2";"V";"1";"V";"1";"V";"1";"V";"1";"V";"1";"V";"1";"V"
"28";"079";"11";"7";"28079011_7_8";"2025";"05";"05";"0";"V";"0";"V";"0";"V";"0";"V";"0";"V";"0";"V";"1";"V";"5";"V";"13";"V";"14";"V";"13";"V";"6";"V";"6";"V";"16";"V";"11";"V";"7";"V";"10";"V";"6";"V";"4";"V";"6";"V";"0";"N";"0";"N";"0";"N";"0";"N"
"28";"079";"11";"8";"28079011_8_8";"2025";"04";"28";"6";"V";"4";"V";"3";"V";"3";"V";"3";"V";"4";"V";"13";"V";"22";"V";"28";"V";"22";"V";"22";"V";"21";"V";"24";"V";"0";"N";"0";"N";"0";"N";"0";"N";"0";"N";"0";"N";"0";"N";"0";"N";"0";"N";"0";"N";"0";"N"
"28";"079";"11";"8";"28079011_8_8";"2025";"04";"29";"5";"V";"4";"V";"3";"V";"2";"V";"3";"V";"5";"V";"12";"V";"26";"V";"29";"V";"18";"V";"17";"V";"20";"V";"14";"V";"15";"V";"13";"V";"10";"V";"12";"V";"13";"V";"11";"V";"16";"V";"17";"V";"13";"V";"9";"V";"7";"V"
"28";"079";"11";"8";"28079011_8_8";"2025";"04";"30";"4";"V";"7";"V";"4";"V";"4";"V";"4";"V";"6";"V";"16";"V";"31";"V";"35";"V";"21";"V";"0";"N";"0";"N";"0";"N";"18";"V";"15";"V";"17";"V";"24";"V";"16";"V";"16";"V";"18";"V";"14";"V";"12";"V";"9";"V";"5";"V"
"28";"079";"11";"8";"28079011_8_8";"2025";"05";"01";"7";"V";"12";"V";"8";"V";"5";"V";"5";"V";"5";"V";"5";"V";"14";"V";"18";"V";"21";"V";"24";"V";"21";"V";"19";"V";"13";"V";"7";"V";"8";"V";"8";"V";"8";"V";"10";"V";"7";"V";"6";"V";"21";"V";"36";"V";"19";"V"
"28";"079";"11";"8";"28079011_8_8";"2025";"05";"02";"12";"V";"24";"V";"11";"V";"4";"V";"4";"V";"4";"V";"8";"V";"9";"V";"4";"V";"9";"V";"14";"V";"18";"V";"15";"V";"13";"V";"12";"V";"11";"V";"8";"V";"9";"V";"14";"V";"10";"V";"11";"V";"24";"V";"34";"V";"11";"V"
"28";"079";"11";"8";"28079011_8_8";"2025";"05";"03";"18";"V";"10";"V";"9";"V";"6";"V";"9";"V";"14";"V";"19";"V";"22";"V";"19";"V";"18";"V";"16";"V";"15";"V";"15";"V";"15";"V";"9";"V";"6";"V";"11";"V";"10";"V";"11";"V";"6";"V";"8";"V";"10";"V";"6";"V";"8";"V"
"28";"079";"11";"8";"28079011_8_8";"2025";"05";"04";"14";"V";"15";"V";"12";"V";"5";"V";"6";"V";"8";"V";"10";"V";"7";"V";"6";"V";"5";"V";"6";"V";"5";"V";"6";"V";"6";"V";"5";"V";"4";"V";"8";"V";"4";"V";"5";"V";"4";"V";"6";"V";"7";"V";"5";"V";"5";"V"
"28";"079";"11";"8";"28079011_8_8";"2025";"05";"05";"3";"V";"3";"V";"2";"V";"3";"V";"2";"V";"2";"V";"6";"V";"19";"V";"31";"V";"32";"V";"29";"V";"18";"V";"18";"V";"40";"V";"36";"V";"28";"V";"29";"V";"28";"V";"29";"V";"41";"V";"0";"N";"0";"N";"0";"N";"0";"N"
"28";"079";"16";"12";"28079016_12_8";"2025";"04";"28";"8";"V";"5";"V";"4";"V";"3";"V";"3";"V";"4";"V";"11";"V";"24";"V";"31";"V";"32";"V";"33";"V";"15";"V";"0";"N";"0";"N";"0";"N";"0";"N";"0";"N";"0";"N";"0";"N";"0";"N";"0";"N";"0";"N";"0";"N";"58";"V"
"28";"079";"16";"12";"28079016_12_8";"2025";"04";"29";"11";"V";"3";"V";"2";"V";"2";"V";"4";"V";"8";"V";"22";"V";"37";"V";"37";"V";"25";"V";"11";"V";"7";"V";"5";"V";"4";"V";"5";"V";"5";"V";"6";"V";"8";"V";"8";"V";"9";"V";"10";"V";"10";"V";"8";"V";"6";"V"
"28";"079";"16";"12";"28079016_12_8";"2025";"04";"30";"5";"V";"9";"V";"3";"V";"4";"V";"5";"V";"14";"V";"17";"V";"39";"V";"50";"V";"24";"V";"13";"V";"20";"V";"14";"V";"10";"V";"8";"V";"9";"V";"13";"V";"9";"V";"9";"V";"10";"V";"10";"V";"10";"V";"10";"V";"6";"V"
"28";"079";"16";"12";"28079016_12_8";"2025";"05";"01";"7";"V";"9";"V";"7";"V";"6";"V";"5";"V";"10";"V";"12";"V";"11";"V";"12";"V";"16";"V";"15";"V";"14";"V";"7";"V";"7";"V";"6";"V";"4";"V";"4";"V";"3";"V";"3";"V";"3";"V";"5";"V";"15";"V";"31";"V";"8";"V"
"28";"079";"16";"12";"28079016_12_8";"2025";"05";"02";"14";"V";"32";"V";"7";"V";"4";"V";"3";"V";"4";"V";"7";"V";"10";"V";"5";"V";"7";"V";"14";"V";"11";"V";"9";"V";"7";"V";"8";"V";"6";"V";"4";"V";"10";"V";"11";"V";"11";"V";"15";"V";"17";"V";"25";"V";"34";"V"
"28";"079";"16";"12";"28079016_12_8";"2025";"05";"03";"37";"V";"24";"V";"19";"V";"10";"V";"13";"V";"11";"V";"11";"V";"15";"V";"13";"V";"14";"V";"9";"V";"6";"V";"6";"V";"6";"V";"6";"V";"5";"V";"4";"V";"7";"V";"6";"V";"8";"V";"10";"V";"11";"V";"7";"V";"12";"V"
"28";"079";"16";"12";"28079016_12_8";"2025";"05";"04";"13";"V";"11";"V";"10";"V";"10";"V";"10";"V";"9";"V";"7";"V";"10";"V";"11";"V";"9";"V";"8";"V";"4";"V";"4";"V";"8";"V";"5";"V";"6";"V";"4";"V";"4";"V";"6";"V";"6";"V";"6";"V";"8";"V";"9";"V";"6";"V"
"28";"079";"16";"12";"28079016_12_8";"2025";"05";"05";"4";"V";"3";"V";"3";"V";"3";"V";"2";"V";"4";"V";"9";"V";"26";"V";"49";"V";"31";"V";"22";"V";"18";"V";"17";"V";"39";"V";"48";"V";"45";"V";"28";"V";"19";"V";"25";"V";"25";"V";"0";"N";"0";"N";"0";"N";"0";"N"
"28";"079";"16";"14";"28079016_14_6";"2025";"04";"28";"72";"V";"75";"V";"76";"V";"74";"V";"73";"V";"69";"V";"57";"V";"39";"V";"35";"V";"41";"V";"52";"V";"71";"V";"0";"N";"0";"N";"0";"N";"0";"N";"0";"N";"0";"N";"0";"N";"0";"N";"0";"N";"0";"N";"0";"N";"42";"V"
"28";"079";"16";"14";"28079016_14_6";"2025";"04";"29";"81";"V";"90";"V";"89";"V";"89";"V";"83";"V";"79";"V";"61";"V";"38";"V";"39";"V";"61";"V";"81";"V";"87";"V";"96";"V";"101";"V";"101";"V";"101";"V";"101";"V";"102";"V";"107";"V";"106";"V";"101";"V";"94";"V";"97";"V";"95";"V"
"28";"079";"16";"14";"28079016_14_6";"2025";"04";"30";"93";"V";"81";"V";"92";"V";"88";"V";"82";"V";"67";"V";"58";"V";"35";"V";"33";"V";"59";"V";"76";"V";"67";"V";"77";"V";"86";"V";"85";"V";"92";"V";"94";"V";"98";"V";"94";"V";"94";"V";"93";"V";"93";"V";"86";"V";"82";"V"
"28";"079";"16";"14";"28079016_14_6";"2025";"05";"01";"80";"V";"71";"V";"73";"V";"72";"V";"73";"V";"68";"V";"66";"V";"54";"V";"54";"V";"56";"V";"58";"V";"62";"V";"78";"V";"84";"V";"87";"V";"94";"V";"96";"V";"97";"V";"94";"V";"93";"V";"88";"V";"68";"V";"50";"V";"77";"V"
"28";"079";"16";"14";"28079016_14_6";"2025";"05";"02";"64";"V";"40";"V";"83";"V";"85";"V";"75";"V";"68";"V";"65";"V";"67";"V";"86";"V";"77";"V";"60";"V";"77";"V";"86";"V";"94";"V";"104";"V";"111";"V";"107";"V";"91";"V";"82";"V";"78";"V";"74";"V";"59";"V";"44";"V";"35";"V"
"28";"079";"16";"14";"28079016_14_6";"2025";"05";"03";"30";"V";"55";"V";"52";"V";"66";"V";"60";"V";"56";"V";"62";"V";"59";"V";"61";"V";"62";"V";"77";"V";"85";"V";"91";"V";"96";"V";"99";"V";"100";"V";"101";"V";"102";"V";"102";"V";"95";"V";"87";"V";"83";"V";"88";"V";"80";"V"
"28";"079";"16";"14";"28079016_14_6";"2025";"05";"04";"76";"V";"75";"V";"68";"V";"61";"V";"56";"V";"53";"V";"58";"V";"56";"V";"58";"V";"67";"V";"75";"V";"82";"V";"85";"V";"81";"V";"87";"V";"81";"V";"83";"V";"86";"V";"82";"V";"81";"V";"80";"V";"77";"V";"75";"V";"72";"V"
"28";"079";"16";"14";"28079016_14_6";"2025";"05";"05";"69";"V";"69";"V";"63";"V";"63";"V";"60";"V";"57";"V";"48";"V";"36";"V";"22";"V";"37";"V";"44";"V";"55";"V";"64";"V";"47";"V";"48";"V";"52";"V";"70";"V";"70";"V";"60";"V";"57";"V";"0";"N";"0";"N";"0";"N";"0";"N"
"28";"079";"16";"7";"28079016_7_8";"2025";"04";"28";"0";"V";"0";"V";"0";"V";"0";"V";"0";"V";"0";"V";"0";"V";"1";"V";"3";"V";"3";"V";"5";"V";"1";"V";"0";"N";"0";"N";"0";"N";"0";"N";"0";"N";"0";"N";"0";"N";"0";"N";"0";"N";"0";"N";"0";"N";"4";"V"
"28";"079";"16";"7";"28079016_7_8";"2025";"04";"29";"0";"V";"0";"V";"0";"V";"0";"V";"0";"V";"0";"V";"0";"V";"2";"V";"1";"V";"2";"V";"0";"V";"0";"V";"0";"V";"0";"V";"0";"V";"0";"V";"0";"V";"0";"V";"0";"V";"0";"V";"0";"V";"0";"V";"0";"V";"0";"V"
"28";"079";"16";"7";"28079016_7_8";"2025";"04";"30";"0";"V";"0";"V";"0";"V";"0";"V";"0";"V";"0";"V";"0";"V";"1";"V";"4";"V";"0";"V";"0";"V";"1";"V";"1";"V";"1";"V";"0";"V";"0";"V";"0";"V";"0";"V";"0";"V";"0";"V";"0";"V";"0";"V";"0";"V";"0";"V"
"28";"079";"16";"7";"28079016_7_8";"2025";"05";"01";"0";"V";"0";"V";"0";"V";"0";"V";"0";"V";"0";"V";"0";"V";"0";"V";"0";"V";"0";"V";"0";"V";"0";"V";"0";"V";"0";"V";"0";"V";"0";"V";"0";"V";"0";"V";"0";"V";"0";"V";"0";"V";"0";"V";"0";"V";"0";"V"
"28";"079";"16";"7";"28079016_7_8";"2025";"05";"02";"0";"V";"0";"V";"0";"V";"0";"V";"0";"V";"0";"V";"0";"V";"0";"V";"0";"V";"0";"V";"0";"V";"0";"V";"0";"V";"0";"V";"0";"V";"0";"V";"0";"V";"0";"V";"0";"V";"0";"V";"0";"V";"0";"V";"0";"V";"0";"V"
"28";"079";"16";"7";"28079016_7_8";"2025";"05";"03";"0";"V";"0";"V";"0";"V";"0";"V";"0";"V";"0";"V";"0";"V";"0";"V";"0";"V";"0";"V";"0";"V";"0";"V";"0";"V";"0";"V";"0";"V";"0";"V";"0";"V";"0";"V";"0";"V";"0";"V";"0";"V";"0";"V";"0";"V";"0";"V"
"28";"079";"16";"7";"28079016_7_8";"2025";"05";"04";"0";"V";"0";"V";"0";"V";"0";"V";"0";"V";"0";"V";"0";"V";"0";"V";"0";"V";"0";"V";"0";"V";"0";"V";"0";"V";"0";"V";"0";"V";"0";"V";"0";"V";"0";"V";"0";"V";"0";"V";"0";"V";"0";"V";"0";"V";"0";"V"
"28";"079";"16";"7";"28079016_7_8";"2025";"05";"05";"0";"V";"0";"V";"0";"V";"0";"V";"0";"V";"0";"V";"0";"V";"3";"V";"9";"V";"4";"V";"2";"V";"2";"V";"1";"V";"4";"V";"8";"V";"7";"V";"3";"V";"0";"V";"1";"V";"0";"V";"0";"N";"0";"N";"0";"N";"0";"N"
"28";"079";"16";"8";"28079016_8_8";"2025";"04";"28";"8";"V";"5";"V";"4";"V";"3";"V";"3";"V";"4";"V";"10";"V";"22";"V";"27";"V";"27";"V";"25";"V";"13";"V";"0";"N";"0";"N";"0";"N";"0";"N";"0";"N";"0";"N";"0";"N";"0";"N";"0";"N";"0";"N";"0";"N";"51";"V"
"28";"079";"16";"8";"28079016_8_8";"2025";"04";"29";"11";"V";"3";"V";"2";"V";"2";"V";"4";"V";"8";"V";"22";"V";"34";"V";"35";"V";"23";"V";"11";"V";"7";"V";"5";"V";"4";"V";"5";"V";"5";"V";"6";"V";"8";"V";"8";"V";"9";"V";"10";"V";"10";"V";"8";"V";"6";"V"
"28";"079";"16";"8";"28079016_8_8";"2025";"04";"30";"5";"V";"9";"V";"3";"V";"4";"V";"5";"V";"14";"V";"17";"V";"38";"V";"44";"V";"24";"V";"13";"V";"18";"V";"12";"V";"9";"V";"8";"V";"9";"V";"12";"V";"9";"V";"9";"V";"10";"V";"10";"V";"10";"V";"10";"V";"6";"V"
"28";"079";"16";"8";"28079016_8_8";"2025";"05";"01";"7";"V";"9";"V";"7";"V";"6";"V";"5";"V";"10";"V";"12";"V";"11";"V";"12";"V";"16";"V";"15";"V";"14";"V";"7";"V";"7";"V";"6";"V";"4";"V";"4";"V";"3";"V";"3";"V";"3";"V";"5";"V";"15";"V";"31";"V";"8";"V"
"28";"079";"16";"8";"28079016_8_8";"2025";"05";"02";"14";"V";"32";"V";"7";"V";"4";"V";"3";"V";"4";"V";"7";"V";"10";"V";"5";"V";"7";"V";"14";"V";"11";"V";"8";"V";"7";"V";"8";"V";"6";"V";"4";"V";"10";"V";"11";"V";"11";"V";"15";"V";"17";"V";"25";"V";"34";"V"
"28";"079";"16";"8";"28079016_8_8";"2025";"05";"03";"37";"V";"24";"V";"19";"V";"10";"V";"13";"V";"11";"V";"11";"V";"15";"V";"13";"V";"14";"V";"9";"V";"6";"V";"6";"V";"6";"V";"6";"V";"5";"V";"4";"V";"7";"V";"6";"V";"8";"V";"10";"V";"11";"V";"7";"V";"12";"V"
"28";"079";"16";"8";"28079016_8_8";"2025";"05";"04";"13";"V";"11";"V";"10";"V";"10";"V";"10";"V";"9";"V";"7";"V";"10";"V";"11";"V";"9";"V";"8";"V";"4";"V";"4";"V";"8";"V";"5";"V";"6";"V";"4";"V";"4";"V";"6";"V";"6";"V";"6";"V";"8";"V";"9";"V";"6";"V"
"28";"079";"16";"8";"28079016_8_8";"2025";"05";"05";"4";"V";"3";"V";"3";"V";"3";"V";"2";"V";"4";"V";"9";"V";"22";"V";"34";"V";"24";"V";"20";"V";"16";"V";"15";"V";"33";"V";"36";"V";"35";"V";"23";"V";"19";"V";"25";"V";"25";"V";"0";"N";"0";"N";"0";"N";"0";"N"
"28";"079";"17";"12";"28079017_12_8";"2025";"04";"28";"18";"V";"13";"V";"8";"V";"7";"V";"7";"V";"11";"V";"17";"V";"31";"V";"50";"V";"35";"V";"25";"V";"12";"V";"0";"N";"0";"N";"0";"N";"0";"N";"0";"N";"0";"N";"0";"N";"0";"N";"0";"N";"0";"N";"0";"N";"0";"N"
"28";"079";"17";"12";"28079017_12_8";"2025";"04";"29";"7";"V";"6";"V";"4";"V";"6";"V";"9";"V";"18";"V";"21";"V";"31";"V";"31";"V";"20";"V";"14";"V";"9";"V";"8";"V";"7";"V";"7";"V";"7";"V";"7";"V";"8";"V";"8";"V";"10";"V";"9";"V";"12";"V";"10";"V";"11";"V"
"28";"079";"17";"12";"28079017_12_8";"2025";"04";"30";"9";"V";"7";"V";"6";"V";"6";"V";"9";"V";"14";"V";"24";"V";"39";"V";"40";"V";"24";"V";"21";"V";"20";"V";"12";"V";"8";"V";"8";"V";"11";"V";"13";"V";"9";"V";"12";"V";"12";"V";"11";"V";"10";"V";"11";"V";"13";"V"
"28";"079";"17";"12";"28079017_12_8";"2025";"05";"01";"12";"V";"12";"V";"14";"V";"18";"V";"15";"V";"12";"V";"16";"V";"13";"V";"14";"V";"18";"V";"13";"V";"10";"V";"8";"V";"7";"V";"6";"V";"6";"V";"5";"V";"6";"V";"7";"V";"6";"V";"11";"V";"24";"V";"32";"V";"24";"V"
"28";"079";"17";"12";"28079017_12_8";"2025";"05";"02";"14";"V";"16";"V";"16";"V";"6";"V";"7";"V";"11";"V";"20";"V";"15";"V";"8";"V";"14";"V";"22";"V";"21";"V";"17";"V";"9";"V";"9";"V";"7";"V";"6";"V";"17";"V";"15";"V";"12";"V";"25";"V";"50";"V";"32";"V";"43";"V"
"28";"079";"17";"12";"28079017_12_8";"2025";"05";"03";"58";"V";"28";"V";"18";"V";"27";"V";"26";"V";"29";"V";"51";"V";"31";"V";"29";"V";"31";"V";"13";"V";"13";"V";"16";"V";"13";"V";"16";"V";"13";"V";"9";"V";"15";"V";"12";"V";"14";"V";"18";"V";"15";"V";"16";"V";"13";"V"
"28";"079";"17";"12";"28079017_12_8";"2025";"05";"04";"14";"V";"12";"V";"14";"V";"10";"V";"9";"V";"11";"V";"11";"V";"10";"V";"9";"V";"9";"V";"13";"V";"10";"V";"10";"V";"14";"V";"12";"V";"12";"V";"11";"V";"12";"V";"12";"V";"11";"V";"13";"V";"21";"V";"25";"V";"14";"V"
"28";"079";"17";"12";"28079017_12_8";"2025";"05";"05";"11";"V";"9";"V";"7";"V";"12";"V";"6";"V";"8";"V";"21";"V";"30";"V";"39";"V";"35";"V";"23";"V";"16";"V";"21";"V";"24";"V";"37";"V";"48";"V";"30";"V";"33";"V";"30";"V";"39";"V";"0";"N";"0";"N";"0";"N";"0";"N"
"28";"079";"17";"14";"28079017_14_6";"2025";"04";"28";"68";"V";"70";"V";"73";"V";"72";"V";"71";"V";"64";"V";"57";"V";"39";"V";"32";"V";"52";"V";"62";"V";"75";"V";"0";"N";"0";"N";"0";"N";"0";"N";"0";"N";"0";"N";"0";"N";"0";"N";"0";"N";"0";"N";"0";"N";"0";"N"
"28";"079";"17";"14";"28079017_14_6";"2025";"04";"29";"81";"V";"84";"V";"86";"V";"82";"V";"78";"V";"69";"V";"67";"V";"57";"V";"60";"V";"73";"V";"79";"V";"88";"V";"94";"V";"99";"V";"100";"V";"100";"V";"100";"V";"98";"V";"105";"V";"100";"V";"96";"V";"87";"V";"89";"V";"89";"V"
"28";"079";"17";"14";"28079017_14_6";"2025";"04";"30";"86";"V";"87";"V";"87";"V";"86";"V";"83";"V";"78";"V";"66";"V";"52";"V";"54";"V";"70";"V";"69";"V";"69";"V";"80";"V";"87";"V";"90";"V";"90";"V";"92";"V";"94";"V";"88";"V";"88";"V";"88";"V";"88";"V";"78";"V";"72";"V"
"28";"079";"17";"14";"28079017_14_6";"2025";"05";"01";"71";"V";"68";"V";"59";"V";"60";"V";"66";"V";"62";"V";"57";"V";"51";"V";"48";"V";"47";"V";"60";"V";"73";"V";"80";"V";"85";"V";"88";"V";"91";"V";"92";"V";"90";"V";"88";"V";"87";"V";"79";"V";"60";"V";"48";"V";"52";"V"
"28";"079";"17";"14";"28079017_14_6";"2025";"05";"02";"67";"V";"65";"V";"66";"V";"82";"V";"74";"V";"59";"V";"51";"V";"66";"V";"87";"V";"79";"V";"61";"V";"66";"V";"88";"V";"105";"V";"109";"V";"107";"V";"101";"V";"83";"V";"83";"V";"84";"V";"68";"V";"47";"V";"43";"V";"37";"V"
"28";"079";"17";"14";"28079017_14_6";"2025";"05";"03";"14";"V";"42";"V";"49";"V";"36";"V";"25";"V";"25";"V";"9";"V";"31";"V";"46";"V";"49";"V";"75";"V";"84";"V";"87";"V";"91";"V";"90";"V";"93";"V";"97";"V";"96";"V";"94";"V";"86";"V";"76";"V";"80";"V";"79";"V";"76";"V"
"28";"079";"17";"14";"28079017_14_6";"2025";"05";"04";"67";"V";"63";"V";"54";"V";"57";"V";"54";"V";"49";"V";"54";"V";"59";"V";"62";"V";"70";"V";"75";"V";"79";"V";"82";"V";"81";"V";"81";"V";"81";"V";"82";"V";"83";"V";"80";"V";"80";"V";"76";"V";"68";"V";"63";"V";"66";"V"
"28";"079";"17";"14";"28079017_14_6";"2025";"05";"05";"64";"V";"61";"V";"58";"V";"55";"V";"56";"V";"55";"V";"46";"V";"41";"V";"37";"V";"42";"V";"54";"V";"64";"V";"61";"V";"57";"V";"56";"V";"47";"V";"69";"V";"63";"V";"60";"V";"47";"V";"0";"N";"0";"N";"0";"N";"0";"N"
"28";"079";"17";"7";"28079017_7_8";"2025";"04";"28";"0";"V";"0";"V";"0";"V";"0";"V";"0";"V";"0";"V";"1";"V";"1";"V";"8";"V";"6";"V";"5";"V";"2";"V";"0";"N";"0";"N";"0";"N";"0";"N";"0";"N";"0";"N";"0";"N";"0";"N";"0";"N";"0";"N";"0";"N";"0";"N"
"28";"079";"17";"7";"28079017_7_8";"2025";"04";"29";"1";"V";"1";"V";"0";"V";"1";"V";"0";"V";"0";"V";"1";"V";"1";"V";"3";"V";"3";"V";"2";"V";"1";"V";"1";"V";"1";"V";"1";"V";"1";"V";"1";"V";"1";"V";"1";"V";"1";"V";"1";"V";"1";"V";"1";"V";"1";"V"
"28";"079";"17";"7";"28079017_7_8";"2025";"04";"30";"1";"V";"0";"V";"1";"V";"0";"V";"0";"V";"1";"V";"1";"V";"1";"V";"4";"V";"3";"V";"2";"V";"2";"V";"2";"V";"1";"V";"1";"V";"1";"V";"2";"V";"2";"V";"1";"V";"1";"V";"1";"V";"1";"V";"1";"V";"2";"V"
"28";"079";"17";"7";"28079017_7_8";"2025";"05";"01";"1";"V";"1";"V";"1";"V";"1";"V";"1";"V";"1";"V";"1";"V";"1";"V";"2";"V";"2";"V";"2";"V";"2";"V";"2";"V";"1";"V";"1";"V";"1";"V";"1";"V";"1";"V";"1";"V";"1";"V";"1";"V";"1";"V";"2";"V";"1";"V"
"28";"079";"17";"7";"28079017_7_8";"2025";"05";"02";"1";"V";"1";"V";"1";"V";"1";"V";"1";"V";"1";"V";"1";"V";"1";"V";"2";"V";"3";"V";"3";"V";"2";"V";"3";"V";"1";"V";"2";"V";"1";"V";"1";"V";"3";"V";"3";"V";"2";"V";"4";"V";"10";"V";"2";"V";"5";"V"
"28";"079";"17";"7";"28079017_7_8";"2025";"05";"03";"6";"V";"1";"V";"2";"V";"2";"V";"2";"V";"2";"V";"11";"V";"4";"V";"2";"V";"5";"V";"3";"V";"3";"V";"4";"V";"3";"V";"4";"V";"3";"V";"2";"V";"3";"V";"2";"V";"3";"V";"2";"V";"2";"V";"2";"V";"1";"V"
"28";"079";"17";"7";"28079017_7_8";"2025";"05";"04";"1";"V";"1";"V";"1";"V";"1";"V";"1";"V";"1";"V";"1";"V";"1";"V";"1";"V";"1";"V";"3";"V";"2";"V";"3";"V";"4";"V";"2";"V";"3";"V";"3";"V";"3";"V";"3";"V";"3";"V";"3";"V";"4";"V";"6";"V";"4";"V"
"28";"079";"17";"7";"28079017_7_8";"2025";"05";"05";"2";"V";"1";"V";"1";"V";"4";"V";"1";"V";"1";"V";"4";"V";"5";"V";"7";"V";"8";"V";"5";"V";"4";"V";"4";"V";"3";"V";"7";"V";"8";"V";"6";"V";"4";"V";"3";"V";"3";"V";"0";"N";"0";"N";"0";"N";"0";"N"
"28";"079";"17";"8";"28079017_8_8";"2025";"04";"28";"17";"V";"12";"V";"7";"V";"6";"V";"6";"V";"10";"V";"16";"V";"29";"V";"39";"V";"25";"V";"17";"V";"9";"V";"0";"N";"0";"N";"0";"N";"0";"N";"0";"N";"0";"N";"0";"N";"0";"N";"0";"N";"0";"N";"0";"N";"0";"N"
"28";"079";"17";"8";"28079017_8_8";"2025";"04";"29";"6";"V";"5";"V";"4";"V";"5";"V";"8";"V";"18";"V";"20";"V";"30";"V";"27";"V";"16";"V";"11";"V";"7";"V";"6";"V";"5";"V";"5";"V";"5";"V";"5";"V";"6";"V";"6";"V";"8";"V";"8";"V";"11";"V";"9";"V";"10";"V"
"28";"079";"17";"8";"28079017_8_8";"2025";"04";"30";"8";"V";"6";"V";"5";"V";"5";"V";"8";"V";"13";"V";"23";"V";"37";"V";"35";"V";"20";"V";"17";"V";"16";"V";"9";"V";"6";"V";"6";"V";"9";"V";"10";"V";"7";"V";"10";"V";"10";"V";"10";"V";"9";"V";"9";"V";"11";"V"
"28";"079";"17";"8";"28079017_8_8";"2025";"05";"01";"10";"V";"10";"V";"12";"V";"16";"V";"14";"V";"11";"V";"15";"V";"12";"V";"11";"V";"15";"V";"10";"V";"7";"V";"6";"V";"5";"V";"4";"V";"4";"V";"4";"V";"4";"V";"5";"V";"5";"V";"10";"V";"23";"V";"29";"V";"23";"V"
"28";"079";"17";"8";"28079017_8_8";"2025";"05";"02";"13";"V";"15";"V";"15";"V";"5";"V";"6";"V";"10";"V";"17";"V";"13";"V";"6";"V";"9";"V";"18";"V";"18";"V";"13";"V";"7";"V";"6";"V";"5";"V";"5";"V";"13";"V";"10";"V";"9";"V";"19";"V";"36";"V";"29";"V";"36";"V"
"28";"079";"17";"8";"28079017_8_8";"2025";"05";"03";"48";"V";"26";"V";"16";"V";"24";"V";"23";"V";"26";"V";"34";"V";"24";"V";"25";"V";"24";"V";"10";"V";"9";"V";"10";"V";"8";"V";"10";"V";"8";"V";"6";"V";"10";"V";"9";"V";"10";"V";"15";"V";"11";"V";"13";"V";"11";"V"
"28";"079";"17";"8";"28079017_8_8";"2025";"05";"04";"13";"V";"11";"V";"13";"V";"9";"V";"8";"V";"10";"V";"9";"V";"9";"V";"7";"V";"7";"V";"8";"V";"6";"V";"6";"V";"9";"V";"8";"V";"8";"V";"6";"V";"7";"V";"7";"V";"7";"V";"10";"V";"15";"V";"15";"V";"9";"V"
"28";"079";"17";"8";"28079017_8_8";"2025";"05";"05";"7";"V";"7";"V";"6";"V";"6";"V";"4";"V";"6";"V";"15";"V";"23";"V";"27";"V";"23";"V";"15";"V";"10";"V";"15";"V";"19";"V";"26";"V";"36";"V";"21";"V";"26";"V";"25";"V";"35";"V";"0";"N";"0";"N";"0";"N";"0";"N"
"28";"079";"18";"10";"28079018_10_47";"2025";"04";"28";"4";"V";"7";"V";"4";"V";"4";"V";"3";"V";"4";"V";"7";"V";"9";"V";"16";"V";"0";"N";"0";"N";"0";"N";"0";"N";"0";"N";"0";"N";"0";"N";"0";"N";"0";"N";"0";"N";"0";"N";"0";"N";"0";"N";"0";"N";"17";"V"
"28";"079";"18";"10";"28079018_10_47";"2025";"04";"29";"16";"V";"14";"V";"14";"V";"14";"V";"10";"V";"5";"V";"8";"V";"10";"V";"8";"V";"19";"V";"13";"V";"10";"V";"13";"V";"20";"V";"20";"V";"17";"V";"20";"V";"23";"V";"22";"V";"23";"V";"16";"V";"19";"V";"19";"V";"23";"V"
"28";"079";"18";"10";"28079018_10_47";"2025";"04";"30";"14";"V";"11";"V";"8";"V";"9";"V";"9";"V";"7";"V";"8";"V";"9";"V";"13";"V";"23";"V";"25";"V";"22";"V";"15";"V";"18";"V";"17";"V";"35";"V";"34";"V";"35";"V";"38";"V";"43";"V";"38";"V";"31";"V";"29";"V";"24";"V"
"28";"079";"18";"10";"28079018_10_47";"2025";"05";"01";"14";"V";"7";"V";"17";"V";"30";"V";"19";"V";"15";"V";"16";"V";"5";"V";"11";"V";"16";"V";"28";"V";"35";"V";"29";"V";"31";"V";"40";"V";"35";"V";"36";"V";"38";"V";"48";"V";"27";"V";"36";"V";"36";"V";"50";"V";"47";"V"
"28";"079";"18";"10";"28079018_10_47";"2025";"05";"02";"40";"V";"36";"V";"43";"V";"44";"V";"35";"V";"16";"V";"13";"V";"27";"V";"25";"V";"3";"V";"2";"V";"16";"V";"14";"V";"12";"V";"3";"V";"10";"V";"3";"V";"4";"V";"5";"V";"5";"V";"17";"V";"13";"V";"10";"V";"8";"V"
"28";"079";"18";"10";"28079018_10_47";"2025";"05";"03";"17";"V";"17";"V";"4";"V";"10";"V";"19";"V";"13";"V";"2";"V";"5";"V";"21";"V";"15";"V";"14";"V";"23";"V";"7";"V";"15";"V";"12";"V";"0";"V";"10";"V";"15";"V";"15";"V";"8";"V";"10";"V";"9";"V";"14";"V";"9";"V"
"28";"079";"18";"10";"28079018_10_47";"2025";"05";"04";"11";"V";"6";"V";"9";"V";"15";"V";"7";"V";"2";"V";"11";"V";"10";"V";"11";"V";"2";"V";"6";"V";"5";"V";"0";"V";"2";"V";"0";"V";"2";"V";"13";"V";"2";"V";"7";"V";"8";"V";"11";"V";"8";"V";"8";"V";"6";"V"
"28";"079";"18";"10";"28079018_10_47";"2025";"05";"05";"11";"V";"5";"V";"12";"V";"6";"V";"7";"V";"7";"V";"5";"V";"13";"V";"11";"V";"4";"V";"10";"V";"19";"V";"22";"V";"21";"V";"2";"V";"0";"V";"0";"V";"0";"V";"15";"V";"13";"V";"0";"N";"0";"N";"0";"N";"0";"N"
"28";"079";"18";"12";"28079018_12_8";"2025";"04";"28";"13";"V";"8";"V";"6";"V";"6";"V";"8";"V";"10";"V";"20";"V";"41";"V";"44";"V";"0";"N";"0";"N";"20";"V";"0";"N";"0";"N";"0";"N";"0";"N";"0";"N";"0";"N";"0";"N";"0";"N";"16";"V";"31";"V";"26";"V";"13";"V"
"28";"079";"18";"12";"28079018_12_8";"2025";"04";"29";"8";"V";"9";"V";"7";"V";"9";"V";"6";"V";"5";"V";"9";"V";"18";"V";"26";"V";"20";"V";"18";"V";"10";"V";"10";"V";"12";"V";"7";"V";"9";"V";"9";"V";"8";"V";"9";"V";"11";"V";"16";"V";"17";"V";"15";"V";"13";"V"
"28";"079";"18";"12";"28079018_12_8";"2025";"04";"30";"7";"V";"6";"V";"5";"V";"4";"V";"4";"V";"6";"V";"12";"V";"23";"V";"37";"V";"27";"V";"23";"V";"19";"V";"17";"V";"10";"V";"10";"V";"12";"V";"14";"V";"9";"V";"15";"V";"16";"V";"14";"V";"11";"V";"11";"V";"10";"V"
"28";"079";"18";"12";"28079018_12_8";"2025";"05";"01";"12";"V";"15";"V";"12";"V";"13";"V";"7";"V";"8";"V";"12";"V";"14";"V";"13";"V";"17";"V";"17";"V";"11";"V";"9";"V";"7";"V";"7";"V";"6";"V";"4";"V";"6";"V";"6";"V";"7";"V";"11";"V";"26";"V";"28";"V";"14";"V"
"28";"079";"18";"12";"28079018_12_8";"2025";"05";"02";"21";"V";"13";"V";"15";"V";"6";"V";"6";"V";"10";"V";"14";"V";"10";"V";"5";"V";"6";"V";"14";"V";"14";"V";"12";"V";"11";"V";"8";"V";"6";"V";"6";"V";"11";"V";"11";"V";"8";"V";"12";"V";"17";"V";"29";"V";"24";"V"
"28";"079";"18";"12";"28079018_12_8";"2025";"05";"03";"19";"V";"13";"V";"22";"V";"6";"V";"15";"V";"21";"V";"23";"V";"31";"V";"34";"V";"33";"V";"19";"V";"11";"V";"9";"V";"8";"V";"6";"V";"6";"V";"8";"V";"6";"V";"10";"V";"8";"V";"12";"V";"14";"V";"12";"V";"21";"V"
"28";"079";"18";"12";"28079018_12_8";"2025";"05";"04";"18";"V";"20";"V";"14";"V";"7";"V";"7";"V";"8";"V";"9";"V";"7";"V";"7";"V";"8";"V";"8";"V";"7";"V";"8";"V";"10";"V";"11";"V";"8";"V";"7";"V";"6";"V";"6";"V";"9";"V";"12";"V";"15";"V";"17";"V";"10";"V"
"28";"079";"18";"12";"28079018_12_8";"2025";"05";"05";"8";"V";"4";"V";"4";"V";"3";"V";"4";"V";"5";"V";"13";"V";"18";"V";"26";"V";"21";"V";"16";"V";"15";"V";"18";"V";"19";"V";"22";"V";"31";"V";"19";"V";"20";"V";"25";"V";"44";"V";"0";"N";"0";"N";"0";"N";"0";"N"
"28";"079";"18";"14";"28079018_14_6";"2025";"04";"28";"72";"V";"73";"V";"75";"V";"75";"V";"71";"V";"63";"V";"49";"V";"35";"V";"39";"V";"0";"N";"0";"N";"69";"V";"0";"N";"0";"N";"0";"N";"0";"N";"0";"N";"0";"N";"0";"N";"0";"N";"85";"V";"68";"V";"66";"V";"77";"V"
"28";"079";"18";"14";"28079018_14_6";"2025";"04";"29";"81";"V";"81";"V";"83";"V";"79";"V";"83";"V";"84";"V";"82";"V";"71";"V";"66";"V";"76";"V";"79";"V";"88";"V";"92";"V";"98";"V";"101";"V";"101";"V";"100";"V";"101";"V";"105";"V";"102";"V";"93";"V";"86";"V";"87";"V";"88";"V"
"28";"079";"18";"14";"28079018_14_6";"2025";"04";"30";"89";"V";"89";"V";"89";"V";"90";"V";"89";"V";"86";"V";"79";"V";"67";"V";"59";"V";"71";"V";"74";"V";"73";"V";"77";"V";"87";"V";"87";"V";"90";"V";"91";"V";"96";"V";"87";"V";"85";"V";"88";"V";"89";"V";"78";"V";"71";"V"
"28";"079";"18";"14";"28079018_14_6";"2025";"05";"01";"70";"V";"64";"V";"56";"V";"65";"V";"76";"V";"65";"V";"63";"V";"52";"V";"46";"V";"52";"V";"61";"V";"72";"V";"77";"V";"83";"V";"88";"V";"92";"V";"94";"V";"93";"V";"90";"V";"89";"V";"82";"V";"62";"V";"56";"V";"73";"V"
"28";"079";"18";"14";"28079018_14_6";"2025";"05";"02";"62";"V";"71";"V";"71";"V";"80";"V";"75";"V";"64";"V";"55";"V";"65";"V";"81";"V";"77";"V";"61";"V";"71";"V";"92";"V";"106";"V";"110";"V";"112";"V";"105";"V";"88";"V";"78";"V";"77";"V";"76";"V";"67";"V";"52";"V";"50";"V"
"28";"079";"18";"14";"28079018_14_6";"2025";"05";"03";"55";"V";"63";"V";"52";"V";"69";"V";"51";"V";"36";"V";"38";"V";"31";"V";"38";"V";"51";"V";"71";"V";"80";"V";"85";"V";"91";"V";"92";"V";"93";"V";"94";"V";"95";"V";"92";"V";"87";"V";"79";"V";"75";"V";"75";"V";"61";"V"
"28";"079";"18";"14";"28079018_14_6";"2025";"05";"04";"63";"V";"58";"V";"55";"V";"57";"V";"55";"V";"50";"V";"55";"V";"59";"V";"61";"V";"65";"V";"72";"V";"76";"V";"76";"V";"79";"V";"77";"V";"76";"V";"77";"V";"82";"V";"77";"V";"75";"V";"71";"V";"66";"V";"60";"V";"60";"V"
"28";"079";"18";"14";"28079018_14_6";"2025";"05";"05";"59";"V";"60";"V";"56";"V";"55";"V";"55";"V";"51";"V";"44";"V";"41";"V";"35";"V";"41";"V";"49";"V";"60";"V";"54";"V";"60";"V";"61";"V";"53";"V";"71";"V";"66";"V";"64";"V";"50";"V";"0";"N";"0";"N";"0";"N";"0";"N"
"28";"079";"18";"20";"28079018_20_59";"2025";"04";"28";"0.8";"V";"0.7";"V";"0.6";"V";"0.9";"V";"0.6";"V";"0.9";"V";"1.7";"V";"2.8";"V";"2.7";"V";"0";"N";"0";"N";"0";"N";"0";"N";"0";"N";"0";"N";"0";"N";"0";"N";"0";"N";"0";"N";"0";"N";"0";"N";"1.1";"V";"1.5";"V";"0.8";"V"
"28";"079";"18";"20";"28079018_20_59";"2025";"04";"29";"0.5";"V";"0.4";"V";"0.4";"V";"0.4";"V";"0.6";"V";"0.5";"V";"0.5";"V";"0.8";"V";"1.3";"V";"1.3";"V";"1";"V";"1";"V";"0.8";"V";"0.8";"V";"0.7";"V";"0.6";"V";"0.6";"V";"0.7";"V";"0.9";"V";"0.7";"V";"0.7";"V";"0.6";"V";"0.8";"V";"0.9";"V"
"28";"079";"18";"20";"28079018_20_59";"2025";"04";"30";"0.7";"V";"1";"V";"0.6";"V";"0.9";"V";"0.6";"V";"0.5";"V";"0.7";"V";"1.1";"V";"4.2";"V";"2.2";"V";"1.3";"V";"1.4";"V";"1.4";"V";"1.1";"V";"0.7";"V";"0.8";"V";"0.6";"V";"0.7";"V";"0.6";"V";"0.7";"V";"0.7";"V";"0.5";"V";"0.8";"V";"0.8";"V"
"28";"079";"18";"20";"28079018_20_59";"2025";"05";"01";"0.6";"V";"0.8";"V";"1.1";"V";"1.1";"V";"1.1";"V";"0.9";"V";"0.8";"V";"0.8";"V";"0.7";"V";"1.1";"V";"0.8";"V";"0.9";"V";"0.9";"V";"0.5";"V";"0.4";"V";"0.3";"V";"0.3";"V";"0.3";"V";"0.4";"V";"0.4";"V";"0.4";"V";"1.2";"V";"2.6";"V";"1.3";"V"
"28";"079";"18";"20";"28079018_20_59";"2025";"05";"02";"1";"V";"1.2";"V";"0.9";"V";"0.6";"V";"0.5";"V";"0.6";"V";"1.2";"V";"1.3";"V";"0.7";"V";"0.5";"V";"1.6";"V";"1.1";"V";"0.8";"V";"0.8";"V";"0.6";"V";"0.5";"V";"0.2";"V";"0.5";"V";"0.8";"V";"0.6";"V";"0.6";"V";"0.7";"V";"1.6";"V";"1.9";"V"
"28";"079";"18";"20";"28079018_20_59";"2025";"05";"03";"2.1";"V";"1.5";"V";"1.4";"V";"1.1";"V";"1.1";"V";"1.6";"V";"2.7";"V";"2.2";"V";"3.1";"V";"2.6";"V";"1.8";"V";"0.9";"V";"0.7";"V";"0.6";"V";"0.6";"V";"0.5";"V";"0.4";"V";"0.4";"V";"0.7";"V";"0.6";"V";"0.7";"V";"0.9";"V";"0.7";"V";"0.7";"V"
"28";"079";"18";"20";"28079018_20_59";"2025";"05";"04";"1";"V";"1";"V";"1.2";"V";"0.8";"V";"1";"V";"1.1";"V";"1.3";"V";"1.2";"V";"0.7";"V";"0.6";"V";"0.5";"V";"0.6";"V";"0.6";"V";"1";"V";"0.9";"V";"0.7";"V";"0.6";"V";"0.4";"V";"0.5";"V";"0.4";"V";"0.5";"V";"0.9";"V";"1.7";"V";"0.7";"V"
"28";"079";"18";"20";"28079018_20_59";"2025";"05";"05";"0.6";"V";"0.4";"V";"0.4";"V";"0.4";"V";"0.4";"V";"0.5";"V";"0.6";"V";"0.8";"V";"1.1";"V";"1.1";"V";"1.4";"V";"0.9";"V";"2";"V";"2.3";"V";"1.8";"V";"3.1";"V";"2.1";"V";"1.8";"V";"1.6";"V";"1.9";"V";"0";"N";"0";"N";"0";"N";"0";"N"
"28";"079";"18";"30";"28079018_30_59";"2025";"04";"28";"0.2";"V";"0.1";"V";"0.1";"V";"0.1";"V";"0";"V";"0.1";"V";"0.2";"V";"0.5";"V";"0.6";"V";"0";"N";"0";"N";"0";"N";"0";"N";"0";"N";"0";"N";"0";"N";"0";"N";"0";"N";"0";"N";"0";"N";"0";"N";"0.3";"V";"0.4";"V";"0.2";"V"
"28";"079";"18";"30";"28079018_30_59";"2025";"04";"29";"0.1";"V";"0.1";"V";"0.1";"V";"0.1";"V";"0.1";"V";"0.1";"V";"0.1";"V";"0.2";"V";"0.3";"V";"0.3";"V";"0.2";"V";"0.2";"V";"0.1";"V";"0.2";"V";"0.1";"V";"0.1";"V";"0.1";"V";"0.1";"V";"0.1";"V";"0.1";"V";"0.2";"V";"0.1";"V";"0.1";"V";"0.1";"V"
"28";"079";"18";"30";"28079018_30_59";"2025";"04";"30";"0.1";"V";"0";"V";"0";"V";"0";"V";"0";"V";"0";"V";"0.1";"V";"0.2";"V";"0.3";"V";"0.3";"V";"0.2";"V";"0.1";"V";"0.2";"V";"0.1";"V";"0.1";"V";"0.1";"V";"0.1";"V";"0.1";"V";"0.1";"V";"0.2";"V";"0.1";"V";"0.1";"V";"0.1";"V";"0.1";"V"
"28";"079";"18";"30";"28079018_30_59";"2025";"05";"01";"0.1";"V";"0.1";"V";"0.1";"V";"0.1";"V";"0.1";"V";"0";"V";"0.1";"V";"0.1";"V";"0.1";"V";"0.2";"V";"0.2";"V";"0.2";"V";"0.2";"V";"0.1";"V";"0.1";"V";"0.1";"V";"0.1";"V";"0";"V";"0.1";"V";"0.1";"V";"0.1";"V";"0.5";"V";"0.5";"V";"0.3";"V"
"28";"079";"18";"30";"28079018_30_59";"2025";"05";"02";"0.2";"V";"0.2";"V";"0.2";"V";"0.2";"V";"0";"V";"0";"V";"0.2";"V";"0.2";"V";"0";"V";"0";"V";"0.3";"V";"0.2";"V";"0.1";"V";"0.1";"V";"0.1";"V";"0";"V";"0";"V";"0";"V";"0.1";"V";"0";"V";"0.1";"V";"0.2";"V";"0.4";"V";"0.3";"V"
"28";"079";"18";"30";"28079018_30_59";"2025";"05";"03";"0.3";"V";"0.1";"V";"0.1";"V";"0.1";"V";"0.1";"V";"0.3";"V";"0.4";"V";"0.3";"V";"0.4";"V";"0.4";"V";"0.3";"V";"0.2";"V";"0.1";"V";"0.1";"V";"0.1";"V";"0";"V";"0";"V";"0.1";"V";"0.1";"V";"0";"V";"0.1";"V";"0.2";"V";"0.1";"V";"0.2";"V"
"28";"079";"18";"30";"28079018_30_59";"2025";"05";"04";"0.2";"V";"0.2";"V";"0.2";"V";"0";"V";"0";"V";"0.1";"V";"0.3";"V";"0.2";"V";"0";"V";"0";"V";"0.1";"V";"0.1";"V";"0.1";"V";"0.3";"V";"0.2";"V";"0.1";"V";"0.1";"V";"0.1";"V";"0";"V";"0";"V";"0.1";"V";"0.1";"V";"0.4";"V";"0.2";"V"
"28";"079";"18";"30";"28079018_30_59";"2025";"05";"05";"0.1";"V";"0";"V";"0";"V";"0";"V";"0";"V";"0";"V";"0.1";"V";"0.2";"V";"0.3";"V";"0.2";"V";"0.2";"V";"0.1";"V";"0.3";"V";"0.3";"V";"0.3";"V";"0.3";"V";"0.2";"V";"0.1";"V";"0.1";"V";"0.2";"V";"0";"N";"0";"N";"0";"N";"0";"N"
"28";"079";"18";"35";"28079018_35_59";"2025";"04";"28";"0";"V";"0.1";"V";"0.1";"V";"0.1";"V";"0.2";"V";"0.1";"V";"0";"V";"0.4";"V";"0.6";"V";"0";"N";"0";"N";"0";"N";"0";"N";"0";"N";"0";"N";"0";"N";"0";"N";"0";"N";"0";"N";"0";"N";"0";"N";"0.6";"V";"0.6";"V";"0.1";"V"
"28";"079";"18";"35";"28079018_35_59";"2025";"04";"29";"0";"V";"0";"V";"0";"V";"0.4";"V";"0.1";"V";"0.1";"V";"0.1";"V";"0";"V";"0";"V";"0.1";"V";"0";"V";"0";"V";"0.2";"V";"0";"V";"0";"V";"0.1";"V";"0.2";"V";"0.1";"V";"0";"V";"0.1";"V";"0.1";"V";"0";"V";"0";"V";"0";"V"
"28";"079";"18";"35";"28079018_35_59";"2025";"04";"30";"0.4";"V";"0";"V";"0";"V";"0";"V";"0.3";"V";"0.3";"V";"0.2";"V";"0";"V";"0";"V";"0.1";"V";"0";"V";"0.1";"V";"0";"V";"0.2";"V";"0.2";"V";"0.1";"V";"0";"V";"0.1";"V";"0.1";"V";"0.1";"V";"0";"V";"0.5";"V";"0.1";"V";"0.1";"V"
"28";"079";"18";"35";"28079018_35_59";"2025";"05";"01";"0.3";"V";"0";"V";"0";"V";"0";"V";"0";"V";"0";"V";"0";"V";"0";"V";"0.1";"V";"0.2";"V";"0.1";"V";"0.4";"V";"0.2";"V";"0";"V";"0.1";"V";"0.5";"V";"0.1";"V";"0.2";"V";"0.2";"V";"0.1";"V";"0.6";"V";"0.2";"V";"0.6";"V";"0.2";"V"
"28";"079";"18";"35";"28079018_35_59";"2025";"05";"02";"0";"V";"0";"V";"0";"V";"0.2";"V";"0.2";"V";"0";"V";"0";"V";"0";"V";"0";"V";"0";"V";"0.2";"V";"0";"V";"0.1";"V";"0.2";"V";"0";"V";"0";"V";"0.6";"V";"0";"V";"0.1";"V";"0.1";"V";"0";"V";"0";"V";"0.3";"V";"0.3";"V"
"28";"079";"18";"35";"28079018_35_59";"2025";"05";"03";"0.2";"V";"0.2";"V";"0.1";"V";"0.1";"V";"0";"V";"0.2";"V";"0.5";"V";"0.3";"V";"0.5";"V";"0.5";"V";"0.3";"V";"0";"V";"0.1";"V";"0";"V";"0.1";"V";"0.3";"V";"0.1";"V";"0.1";"V";"0.4";"V";"0.7";"V";"0.2";"V";"0.1";"V";"0";"V";"0.1";"V"
"28";"079";"18";"35";"28079018_35_59";"2025";"05";"04";"0";"V";"0";"V";"0";"V";"0.1";"V";"0";"V";"0";"V";"0";"V";"0";"V";"0.1";"V";"0.1";"V";"0";"V";"0.2";"V";"0";"V";"0";"V";"0";"V";"0.2";"V";"0.1";"V";"0.3";"V";"0.5";"V";"0.2";"V";"0.1";"V";"0";"V";"0.2";"V";"0.1";"V"
"28";"079";"18";"35";"28079018_35_59";"2025";"05";"05";"0.5";"V";"0.1";"V";"0.1";"V";"0.1";"V";"0";"V";"0";"V";"0.1";"V";"0";"V";"0";"V";"0.2";"V";"0";"V";"0";"V";"0.8";"V";"0.6";"V";"0.2";"V";"0.7";"V";"0.4";"V";"0.4";"V";"0.4";"V";"0.3";"V";"0";"N";"0";"N";"0";"N";"0";"N"
"28";"079";"18";"7";"28079018_7_8";"2025";"04";"28";"0";"V";"0";"V";"0";"V";"0";"V";"0";"V";"0";"V";"1";"V";"3";"V";"6";"V";"0";"N";"0";"N";"3";"V";"0";"N";"0";"N";"0";"N";"0";"N";"0";"N";"0";"N";"0";"N";"0";"N";"1";"V";"1";"V";"1";"V";"0";"V"
"28";"079";"18";"7";"28079018_7_8";"2025";"04";"29";"0";"V";"0";"V";"0";"V";"0";"V";"0";"V";"0";"V";"0";"V";"0";"V";"2";"V";"3";"V";"3";"V";"1";"V";"1";"V";"2";"V";"1";"V";"1";"V";"1";"V";"1";"V";"1";"V";"1";"V";"1";"V";"1";"V";"0";"V";"0";"V"
"28";"079";"18";"7";"28079018_7_8";"2025";"04";"30";"0";"V";"0";"V";"0";"V";"0";"V";"0";"V";"0";"V";"0";"V";"1";"V";"4";"V";"4";"V";"4";"V";"2";"V";"3";"V";"1";"V";"1";"V";"1";"V";"1";"V";"1";"V";"1";"V";"1";"V";"1";"V";"0";"V";"1";"V";"1";"V"
"28";"079";"18";"7";"28079018_7_8";"2025";"05";"01";"0";"V";"0";"V";"0";"V";"0";"V";"0";"V";"0";"V";"0";"V";"0";"V";"0";"V";"1";"V";"2";"V";"1";"V";"1";"V";"0";"V";"0";"V";"0";"V";"0";"V";"0";"V";"0";"V";"0";"V";"0";"V";"0";"V";"0";"V";"0";"V"
"28";"079";"18";"7";"28079018_7_8";"2025";"05";"02";"0";"V";"0";"V";"0";"V";"0";"V";"0";"V";"0";"V";"0";"V";"0";"V";"0";"V";"0";"V";"1";"V";"0";"V";"1";"V";"1";"V";"1";"V";"0";"V";"0";"V";"1";"V";"0";"V";"0";"V";"0";"V";"0";"V";"0";"V";"0";"V"
"28";"079";"18";"7";"28079018_7_8";"2025";"05";"03";"0";"V";"0";"V";"3";"V";"0";"V";"0";"V";"0";"V";"0";"V";"1";"V";"2";"V";"5";"V";"3";"V";"1";"V";"1";"V";"1";"V";"0";"V";"0";"V";"1";"V";"0";"V";"1";"V";"0";"V";"0";"V";"0";"V";"0";"V";"0";"V"
"28";"079";"18";"7";"28079018_7_8";"2025";"05";"04";"0";"V";"0";"V";"0";"V";"0";"V";"0";"V";"0";"V";"0";"V";"0";"V";"0";"V";"0";"V";"1";"V";"1";"V";"1";"V";"1";"V";"2";"V";"1";"V";"1";"V";"1";"V";"0";"V";"1";"V";"1";"V";"1";"V";"1";"V";"0";"V"
"28";"079";"18";"7";"28079018_7_8";"2025";"05";"05";"0";"V";"0";"V";"0";"V";"0";"V";"0";"V";"0";"V";"1";"V";"2";"V";"3";"V";"4";"V";"2";"V";"2";"V";"2";"V";"2";"V";"2";"V";"3";"V";"2";"V";"1";"V";"2";"V";"4";"V";"0";"N";"0";"N";"0";"N";"0";"N"
"28";"079";"18";"8";"28079018_8_8";"2025";"04";"28";"13";"V";"8";"V";"6";"V";"6";"V";"8";"V";"10";"V";"20";"V";"37";"V";"34";"V";"0";"N";"0";"N";"15";"V";"0";"N";"0";"N";"0";"N";"0";"N";"0";"N";"0";"N";"0";"N";"0";"N";"16";"V";"30";"V";"26";"V";"12";"V"
"28";"079";"18";"8";"28079018_8_8";"2025";"04";"29";"8";"V";"8";"V";"7";"V";"9";"V";"6";"V";"5";"V";"9";"V";"17";"V";"22";"V";"16";"V";"14";"V";"8";"V";"8";"V";"9";"V";"6";"V";"7";"V";"7";"V";"7";"V";"8";"V";"11";"V";"14";"V";"16";"V";"15";"V";"13";"V"
"28";"079";"18";"8";"28079018_8_8";"2025";"04";"30";"7";"V";"6";"V";"5";"V";"4";"V";"4";"V";"6";"V";"12";"V";"22";"V";"31";"V";"21";"V";"17";"V";"16";"V";"13";"V";"8";"V";"9";"V";"10";"V";"12";"V";"8";"V";"13";"V";"14";"V";"13";"V";"11";"V";"10";"V";"9";"V"
"28";"079";"18";"8";"28079018_8_8";"2025";"05";"01";"11";"V";"15";"V";"12";"V";"13";"V";"7";"V";"8";"V";"12";"V";"14";"V";"12";"V";"16";"V";"14";"V";"9";"V";"8";"V";"7";"V";"6";"V";"5";"V";"4";"V";"5";"V";"5";"V";"7";"V";"11";"V";"26";"V";"27";"V";"14";"V"
"28";"079";"18";"8";"28079018_8_8";"2025";"05";"02";"20";"V";"13";"V";"15";"V";"6";"V";"6";"V";"10";"V";"14";"V";"10";"V";"5";"V";"6";"V";"13";"V";"13";"V";"11";"V";"9";"V";"8";"V";"6";"V";"6";"V";"10";"V";"10";"V";"8";"V";"11";"V";"17";"V";"29";"V";"24";"V"
"28";"079";"18";"8";"28079018_8_8";"2025";"05";"03";"19";"V";"13";"V";"18";"V";"6";"V";"15";"V";"21";"V";"23";"V";"29";"V";"30";"V";"25";"V";"14";"V";"9";"V";"8";"V";"7";"V";"6";"V";"5";"V";"6";"V";"6";"V";"8";"V";"7";"V";"11";"V";"13";"V";"11";"V";"21";"V"
"28";"079";"18";"8";"28079018_8_8";"2025";"05";"04";"18";"V";"19";"V";"14";"V";"7";"V";"7";"V";"8";"V";"8";"V";"7";"V";"7";"V";"7";"V";"7";"V";"6";"V";"7";"V";"8";"V";"8";"V";"7";"V";"6";"V";"5";"V";"6";"V";"8";"V";"11";"V";"14";"V";"15";"V";"10";"V"
"28";"079";"18";"8";"28079018_8_8";"2025";"05";"05";"8";"V";"4";"V";"4";"V";"3";"V";"4";"V";"5";"V";"11";"V";"15";"V";"20";"V";"15";"V";"12";"V";"11";"V";"14";"V";"16";"V";"19";"V";"27";"V";"16";"V";"19";"V";"22";"V";"38";"V";"0";"N";"0";"N";"0";"N";"0";"N"
"28";"079";"24";"10";"28079024_10_47";"2025";"04";"28";"7";"V";"5";"V";"5";"V";"4";"V";"5";"V";"7";"V";"5";"V";"7";"V";"9";"V";"13";"V";"12";"V";"10";"V";"0";"N";"0";"N";"0";"N";"0";"N";"0";"N";"0";"N";"0";"N";"0";"N";"0";"N";"0";"N";"12";"V";"12";"V"
"28";"079";"24";"10";"28079024_10_47";"2025";"04";"29";"12";"V";"11";"V";"11";"V";"7";"V";"8";"V";"6";"V";"6";"V";"6";"V";"6";"V";"9";"V";"8";"V";"10";"V";"14";"V";"18";"V";"17";"V";"0";"N";"0";"N";"0";"N";"0";"N";"0";"N";"13";"V";"13";"V";"11";"V";"11";"V"
"28";"079";"24";"10";"28079024_10_47";"2025";"04";"30";"11";"V";"8";"V";"8";"V";"5";"V";"6";"V";"6";"V";"8";"V";"8";"V";"10";"V";"13";"V";"13";"V";"12";"V";"8";"V";"12";"V";"13";"V";"16";"V";"25";"V";"30";"V";"33";"V";"31";"V";"31";"V";"25";"V";"23";"V";"13";"V"
"28";"079";"24";"10";"28079024_10_47";"2025";"05";"01";"5";"V";"2";"V";"12";"V";"15";"V";"7";"V";"8";"V";"9";"V";"6";"V";"8";"V";"6";"V";"9";"V";"15";"V";"17";"V";"24";"V";"27";"V";"31";"V";"33";"V";"37";"V";"35";"V";"31";"V";"32";"V";"34";"V";"39";"V";"35";"V"
"28";"079";"24";"10";"28079024_10_47";"2025";"05";"02";"33";"V";"32";"V";"30";"V";"31";"V";"14";"V";"21";"V";"7";"V";"14";"V";"8";"V";"4";"V";"4";"V";"4";"V";"2";"V";"9";"V";"13";"V";"8";"V";"4";"V";"6";"V";"1";"V";"2";"V";"12";"V";"7";"V";"6";"V";"9";"V"
"28";"079";"24";"10";"28079024_10_47";"2025";"05";"03";"8";"V";"8";"V";"9";"V";"7";"V";"15";"V";"12";"V";"12";"V";"12";"V";"13";"V";"15";"V";"28";"V";"18";"V";"10";"V";"7";"V";"6";"V";"2";"V";"4";"V";"10";"V";"1";"V";"0";"V";"2";"V";"7";"V";"2";"V";"6";"V"
"28";"079";"24";"10";"28079024_10_47";"2025";"05";"04";"8";"V";"4";"V";"6";"V";"5";"V";"2";"V";"0";"N";"0";"N";"0";"N";"0";"N";"4";"V";"3";"V";"0";"V";"4";"V";"2";"V";"1";"V";"4";"V";"5";"V";"4";"V";"6";"V";"3";"V";"2";"V";"3";"V";"4";"V";"1";"V"
"28";"079";"24";"10";"28079024_10_47";"2025";"05";"05";"4";"V";"4";"V";"3";"V";"3";"V";"5";"V";"4";"V";"2";"V";"5";"V";"6";"V";"7";"V";"3";"V";"5";"V";"7";"V";"2";"V";"0";"V";"5";"V";"5";"V";"5";"V";"6";"V";"6";"V";"0";"N";"0";"N";"0";"N";"0";"N"
"28";"079";"24";"12";"28079024_12_8";"2025";"04";"28";"7";"V";"4";"V";"4";"V";"3";"V";"4";"V";"4";"V";"5";"V";"16";"V";"41";"V";"24";"V";"16";"V";"14";"V";"0";"N";"0";"N";"0";"N";"0";"N";"0";"N";"0";"N";"0";"N";"0";"N";"0";"N";"0";"N";"23";"V";"12";"V"
"28";"079";"24";"12";"28079024_12_8";"2025";"04";"29";"8";"V";"5";"V";"4";"V";"4";"V";"4";"V";"4";"V";"7";"V";"13";"V";"16";"V";"13";"V";"10";"V";"7";"V";"4";"V";"4";"V";"3";"V";"3";"V";"3";"V";"3";"V";"4";"V";"5";"V";"7";"V";"9";"V";"8";"V";"5";"V"
"28";"079";"24";"12";"28079024_12_8";"2025";"04";"30";"4";"V";"3";"V";"3";"V";"2";"V";"2";"V";"4";"V";"7";"V";"21";"V";"26";"V";"15";"V";"11";"V";"12";"V";"10";"V";"5";"V";"4";"V";"6";"V";"8";"V";"4";"V";"6";"V";"9";"V";"8";"V";"8";"V";"3";"V";"1";"V"
"28";"079";"24";"12";"28079024_12_8";"2025";"05";"01";"2";"V";"6";"V";"5";"V";"7";"V";"5";"V";"4";"V";"3";"V";"5";"V";"6";"V";"7";"V";"10";"V";"6";"V";"4";"V";"4";"V";"4";"V";"3";"V";"2";"V";"2";"V";"3";"V";"3";"V";"5";"V";"7";"V";"14";"V";"10";"V"
"28";"079";"24";"12";"28079024_12_8";"2025";"05";"02";"9";"V";"7";"V";"8";"V";"5";"V";"4";"V";"7";"V";"7";"V";"5";"V";"1";"V";"2";"V";"4";"V";"5";"V";"5";"V";"3";"V";"6";"V";"5";"V";"4";"V";"3";"V";"5";"V";"3";"V";"4";"V";"6";"V";"8";"V";"4";"V"
"28";"079";"24";"12";"28079024_12_8";"2025";"05";"03";"3";"V";"4";"V";"8";"V";"8";"V";"9";"V";"14";"V";"14";"V";"13";"V";"22";"V";"25";"V";"12";"V";"6";"V";"3";"V";"2";"V";"2";"V";"1";"V";"1";"V";"1";"V";"1";"V";"1";"V";"3";"V";"3";"V";"2";"V";"3";"V"
"28";"079";"24";"12";"28079024_12_8";"2025";"05";"04";"3";"V";"5";"V";"7";"V";"4";"V";"4";"V";"0";"N";"0";"N";"0";"N";"0";"N";"1";"V";"0";"V";"0";"V";"0";"V";"1";"V";"0";"V";"0";"V";"0";"V";"1";"V";"0";"V";"1";"V";"1";"V";"3";"V";"4";"V";"2";"V"
"28";"079";"24";"12";"28079024_12_8";"2025";"05";"05";"1";"V";"1";"V";"1";"V";"1";"V";"1";"V";"1";"V";"2";"V";"4";"V";"8";"V";"10";"V";"6";"V";"3";"V";"3";"V";"7";"V";"12";"V";"20";"V";"11";"V";"11";"V";"14";"V";"26";"V";"0";"N";"0";"N";"0";"N";"0";"N"
"28";"079";"24";"14";"28079024_14_6";"2025";"04";"28";"74";"V";"75";"V";"73";"V";"74";"V";"71";"V";"70";"V";"64";"V";"51";"V";"36";"V";"57";"V";"72";"V";"74";"V";"0";"N";"0";"N";"0";"N";"0";"N";"0";"N";"0";"N";"0";"N";"0";"N";"0";"N";"0";"N";"67";"V";"80";"V"
"28";"079";"24";"14";"28079024_14_6";"2025";"04";"29";"83";"V";"86";"V";"87";"V";"87";"V";"86";"V";"87";"V";"85";"V";"76";"V";"73";"V";"81";"V";"85";"V";"88";"V";"94";"V";"101";"V";"103";"V";"104";"V";"104";"V";"104";"V";"108";"V";"108";"V";"101";"V";"94";"V";"94";"V";"97";"V"
"28";"079";"24";"14";"28079024_14_6";"2025";"04";"30";"95";"V";"93";"V";"91";"V";"93";"V";"93";"V";"88";"V";"81";"V";"62";"V";"62";"V";"79";"V";"80";"V";"77";"V";"82";"V";"89";"V";"91";"V";"94";"V";"95";"V";"99";"V";"93";"V";"91";"V";"93";"V";"93";"V";"87";"V";"79";"V"
"28";"079";"24";"14";"28079024_14_6";"2025";"05";"01";"66";"V";"54";"V";"48";"V";"57";"V";"67";"V";"50";"V";"39";"V";"44";"V";"46";"V";"47";"V";"54";"V";"71";"V";"76";"V";"83";"V";"87";"V";"92";"V";"96";"V";"95";"V";"92";"V";"91";"V";"87";"V";"81";"V";"69";"V";"77";"V"
"28";"079";"24";"14";"28079024_14_6";"2025";"05";"02";"76";"V";"79";"V";"82";"V";"79";"V";"73";"V";"58";"V";"53";"V";"62";"V";"86";"V";"78";"V";"64";"V";"68";"V";"92";"V";"109";"V";"110";"V";"111";"V";"106";"V";"91";"V";"78";"V";"77";"V";"79";"V";"72";"V";"64";"V";"75";"V"
"28";"079";"24";"14";"28079024_14_6";"2025";"05";"03";"64";"V";"69";"V";"46";"V";"39";"V";"41";"V";"39";"V";"39";"V";"40";"V";"30";"V";"52";"V";"75";"V";"80";"V";"89";"V";"92";"V";"94";"V";"96";"V";"97";"V";"97";"V";"97";"V";"95";"V";"87";"V";"85";"V";"83";"V";"74";"V"
"28";"079";"24";"14";"28079024_14_6";"2025";"05";"04";"62";"V";"55";"V";"57";"V";"54";"V";"49";"V";"0";"N";"0";"N";"0";"N";"0";"N";"70";"V";"79";"V";"80";"V";"83";"V";"85";"V";"84";"V";"82";"V";"82";"V";"87";"V";"83";"V";"82";"V";"80";"V";"74";"V";"69";"V";"67";"V"
"28";"079";"24";"14";"28079024_14_6";"2025";"05";"05";"64";"V";"60";"V";"57";"V";"49";"V";"47";"V";"50";"V";"45";"V";"33";"V";"36";"V";"47";"V";"56";"V";"68";"V";"64";"V";"63";"V";"63";"V";"59";"V";"76";"V";"69";"V";"67";"V";"61";"V";"0";"N";"0";"N";"0";"N";"0";"N"
"28";"079";"24";"7";"28079024_7_8";"2025";"04";"28";"0";"V";"0";"V";"0";"V";"0";"V";"0";"V";"0";"V";"0";"V";"0";"V";"6";"V";"4";"V";"3";"V";"3";"V";"0";"N";"0";"N";"0";"N";"0";"N";"0";"N";"0";"N";"0";"N";"0";"N";"0";"N";"0";"N";"0";"V";"0";"V"
"28";"079";"24";"7";"28079024_7_8";"2025";"04";"29";"0";"V";"0";"V";"0";"V";"0";"V";"0";"V";"0";"V";"0";"V";"0";"V";"1";"V";"2";"V";"1";"V";"1";"V";"0";"V";"0";"V";"0";"V";"0";"V";"0";"V";"0";"V";"0";"V";"0";"V";"0";"V";"0";"V";"0";"V";"0";"V"
"28";"079";"24";"7";"28079024_7_8";"2025";"04";"30";"0";"V";"0";"V";"0";"V";"0";"V";"0";"V";"0";"V";"0";"V";"0";"V";"2";"V";"2";"V";"1";"V";"1";"V";"2";"V";"1";"V";"0";"V";"0";"V";"0";"V";"0";"V";"0";"V";"0";"V";"0";"V";"0";"V";"0";"V";"0";"V"
"28";"079";"24";"7";"28079024_7_8";"2025";"05";"01";"0";"V";"0";"V";"0";"V";"0";"V";"0";"V";"0";"V";"0";"V";"0";"V";"0";"V";"0";"V";"1";"V";"1";"V";"0";"V";"0";"V";"0";"V";"0";"V";"0";"V";"0";"V";"0";"V";"0";"V";"0";"V";"0";"V";"0";"V";"0";"V"
"28";"079";"24";"7";"28079024_7_8";"2025";"05";"02";"0";"V";"0";"V";"0";"V";"0";"V";"0";"V";"0";"V";"0";"V";"0";"V";"0";"V";"0";"V";"0";"V";"0";"V";"0";"V";"0";"V";"1";"V";"0";"V";"0";"V";"0";"V";"1";"V";"0";"V";"0";"V";"0";"V";"0";"V";"0";"V"
"28";"079";"24";"7";"28079024_7_8";"2025";"05";"03";"0";"V";"0";"V";"0";"V";"0";"V";"0";"V";"0";"V";"0";"V";"0";"V";"3";"V";"4";"V";"2";"V";"1";"V";"0";"V";"0";"V";"0";"V";"0";"V";"0";"V";"0";"V";"0";"V";"0";"V";"0";"V";"0";"V";"0";"V";"0";"V"
"28";"079";"24";"7";"28079024_7_8";"2025";"05";"04";"0";"V";"0";"V";"0";"V";"0";"V";"0";"V";"0";"N";"0";"N";"0";"N";"0";"N";"0";"V";"0";"V";"0";"V";"0";"V";"0";"V";"0";"V";"0";"V";"0";"V";"0";"V";"0";"V";"0";"V";"0";"V";"0";"V";"0";"V";"0";"V"
"28";"079";"24";"7";"28079024_7_8";"2025";"05";"05";"0";"V";"0";"V";"0";"V";"0";"V";"0";"V";"0";"V";"0";"V";"0";"V";"1";"V";"1";"V";"1";"V";"0";"V";"0";"V";"1";"V";"2";"V";"3";"V";"2";"V";"1";"V";"2";"V";"2";"V";"0";"N";"0";"N";"0";"N";"0";"N"
"28";"079";"24";"8";"28079024_8_8";"2025";"04";"28";"7";"V";"4";"V";"4";"V";"3";"V";"4";"V";"3";"V";"5";"V";"16";"V";"32";"V";"17";"V";"12";"V";"10";"V";"0";"N";"0";"N";"0";"N";"0";"N";"0";"N";"0";"N";"0";"N";"0";"N";"0";"N";"0";"N";"23";"V";"12";"V"
"28";"079";"24";"8";"28079024_8_8";"2025";"04";"29";"8";"V";"5";"V";"4";"V";"4";"V";"4";"V";"4";"V";"7";"V";"13";"V";"15";"V";"10";"V";"8";"V";"6";"V";"4";"V";"4";"V";"3";"V";"3";"V";"3";"V";"3";"V";"3";"V";"5";"V";"7";"V";"9";"V";"8";"V";"5";"V"
"28";"079";"24";"8";"28079024_8_8";"2025";"04";"30";"4";"V";"3";"V";"3";"V";"2";"V";"2";"V";"3";"V";"7";"V";"20";"V";"23";"V";"12";"V";"9";"V";"11";"V";"7";"V";"4";"V";"4";"V";"5";"V";"7";"V";"4";"V";"6";"V";"9";"V";"8";"V";"8";"V";"3";"V";"1";"V"
"28";"079";"24";"8";"28079024_8_8";"2025";"05";"01";"2";"V";"6";"V";"5";"V";"7";"V";"5";"V";"4";"V";"3";"V";"5";"V";"5";"V";"6";"V";"9";"V";"5";"V";"4";"V";"3";"V";"3";"V";"3";"V";"2";"V";"2";"V";"3";"V";"3";"V";"5";"V";"7";"V";"14";"V";"10";"V"
"28";"079";"24";"8";"28079024_8_8";"2025";"05";"02";"9";"V";"7";"V";"8";"V";"5";"V";"4";"V";"7";"V";"7";"V";"5";"V";"1";"V";"2";"V";"4";"V";"5";"V";"4";"V";"2";"V";"5";"V";"4";"V";"3";"V";"3";"V";"4";"V";"3";"V";"4";"V";"6";"V";"8";"V";"4";"V"
"28";"079";"24";"8";"28079024_8_8";"2025";"05";"03";"3";"V";"4";"V";"7";"V";"8";"V";"8";"V";"13";"V";"14";"V";"13";"V";"19";"V";"18";"V";"10";"V";"6";"V";"2";"V";"2";"V";"2";"V";"1";"V";"1";"V";"1";"V";"1";"V";"1";"V";"3";"V";"3";"V";"2";"V";"3";"V"
"28";"079";"24";"8";"28079024_8_8";"2025";"05";"04";"3";"V";"5";"V";"7";"V";"4";"V";"4";"V";"0";"N";"0";"N";"0";"N";"0";"N";"1";"V";"0";"V";"0";"V";"0";"V";"1";"V";"0";"V";"0";"V";"0";"V";"1";"V";"0";"V";"1";"V";"1";"V";"3";"V";"4";"V";"2";"V"
"28";"079";"24";"8";"28079024_8_8";"2025";"05";"05";"1";"V";"1";"V";"1";"V";"1";"V";"1";"V";"1";"V";"2";"V";"4";"V";"7";"V";"8";"V";"4";"V";"2";"V";"3";"V";"6";"V";"9";"V";"15";"V";"8";"V";"10";"V";"12";"V";"23";"V";"0";"N";"0";"N";"0";"N";"0";"N"
"28";"079";"24";"9";"28079024_9_47";"2025";"04";"28";"5";"V";"2";"V";"3";"V";"2";"V";"4";"V";"6";"V";"4";"V";"5";"V";"4";"V";"6";"V";"6";"V";"4";"V";"0";"N";"0";"N";"0";"N";"0";"N";"0";"N";"0";"N";"0";"N";"0";"N";"0";"N";"0";"N";"6";"V";"6";"V"
"28";"079";"24";"9";"28079024_9_47";"2025";"04";"29";"5";"V";"6";"V";"6";"V";"3";"V";"6";"V";"5";"V";"5";"V";"4";"V";"4";"V";"7";"V";"5";"V";"5";"V";"6";"V";"9";"V";"8";"V";"0";"N";"0";"N";"0";"N";"0";"N";"0";"N";"6";"V";"5";"V";"5";"V";"5";"V"
"28";"079";"24";"9";"28079024_9_47";"2025";"04";"30";"6";"V";"4";"V";"5";"V";"2";"V";"3";"V";"3";"V";"5";"V";"5";"V";"5";"V";"9";"V";"8";"V";"6";"V";"3";"V";"6";"V";"7";"V";"7";"V";"10";"V";"10";"V";"11";"V";"11";"V";"11";"V";"7";"V";"6";"V";"8";"V"
"28";"079";"24";"9";"28079024_9_47";"2025";"05";"01";"3";"V";"1";"V";"10";"V";"13";"V";"5";"V";"5";"V";"7";"V";"4";"V";"6";"V";"3";"V";"4";"V";"7";"V";"7";"V";"11";"V";"11";"V";"13";"V";"11";"V";"16";"V";"15";"V";"11";"V";"12";"V";"11";"V";"15";"V";"13";"V"
"28";"079";"24";"9";"28079024_9_47";"2025";"05";"02";"13";"V";"14";"V";"12";"V";"14";"V";"4";"V";"10";"V";"2";"V";"7";"V";"3";"V";"3";"V";"2";"V";"2";"V";"2";"V";"8";"V";"11";"V";"6";"V";"2";"V";"4";"V";"0";"V";"1";"V";"8";"V";"3";"V";"2";"V";"4";"V"
"28";"079";"24";"9";"28079024_9_47";"2025";"05";"03";"5";"V";"5";"V";"5";"V";"3";"V";"10";"V";"7";"V";"6";"V";"6";"V";"8";"V";"9";"V";"4";"V";"2";"V";"5";"V";"4";"V";"3";"V";"1";"V";"2";"V";"8";"V";"1";"V";"0";"V";"1";"V";"6";"V";"1";"V";"4";"V"
"28";"079";"24";"9";"28079024_9_47";"2025";"05";"04";"6";"V";"2";"V";"3";"V";"2";"V";"0";"V";"0";"N";"0";"N";"0";"N";"0";"N";"2";"V";"2";"V";"0";"V";"3";"V";"1";"V";"0";"V";"2";"V";"3";"V";"2";"V";"5";"V";"2";"V";"1";"V";"2";"V";"3";"V";"0";"V"
"28";"079";"24";"9";"28079024_9_47";"2025";"05";"05";"4";"V";"3";"V";"2";"V";"2";"V";"3";"V";"2";"V";"0";"V";"3";"V";"4";"V";"4";"V";"0";"V";"3";"V";"5";"V";"1";"V";"0";"V";"3";"V";"3";"V";"2";"V";"4";"V";"3";"V";"0";"N";"0";"N";"0";"N";"0";"N"
"28";"079";"27";"12";"28079027_12_8";"2025";"04";"28";"92";"V";"31";"V";"51";"V";"29";"V";"32";"V";"22";"V";"42";"V";"68";"V";"53";"V";"83";"V";"25";"V";"19";"V";"0";"N";"0";"N";"0";"N";"0";"N";"0";"N";"0";"N";"0";"N";"0";"N";"0";"N";"0";"N";"0";"N";"15";"V"
"28";"079";"27";"12";"28079027_12_8";"2025";"04";"29";"10";"V";"10";"V";"7";"V";"12";"V";"10";"V";"18";"V";"35";"V";"77";"V";"63";"V";"51";"V";"8";"V";"11";"V";"12";"V";"12";"V";"8";"V";"8";"V";"11";"V";"9";"V";"10";"V";"9";"V";"11";"V";"12";"V";"13";"V";"13";"V"
"28";"079";"27";"12";"28079027_12_8";"2025";"04";"30";"12";"V";"6";"V";"8";"V";"10";"V";"17";"V";"27";"V";"54";"V";"78";"V";"77";"V";"56";"V";"7";"V";"35";"V";"0";"N";"0";"N";"0";"N";"17";"V";"12";"V";"11";"V";"11";"V";"10";"V";"10";"V";"9";"V";"9";"V";"6";"V"
"28";"079";"27";"12";"28079027_12_8";"2025";"05";"01";"7";"V";"9";"V";"9";"V";"7";"V";"9";"V";"9";"V";"28";"V";"20";"V";"16";"V";"22";"V";"22";"V";"13";"V";"14";"V";"14";"V";"6";"V";"5";"V";"4";"V";"3";"V";"5";"V";"6";"V";"9";"V";"25";"V";"41";"V";"34";"V"
"28";"079";"27";"12";"28079027_12_8";"2025";"05";"02";"50";"V";"41";"V";"56";"V";"7";"V";"8";"V";"12";"V";"19";"V";"15";"V";"4";"V";"13";"V";"17";"V";"17";"V";"33";"V";"17";"V";"13";"V";"7";"V";"7";"V";"11";"V";"20";"V";"22";"V";"30";"V";"29";"V";"29";"V";"42";"V"
"28";"079";"27";"12";"28079027_12_8";"2025";"05";"03";"38";"V";"33";"V";"55";"V";"33";"V";"27";"V";"23";"V";"36";"V";"45";"V";"34";"V";"34";"V";"16";"V";"7";"V";"7";"V";"5";"V";"5";"V";"5";"V";"3";"V";"4";"V";"4";"V";"7";"V";"9";"V";"11";"V";"7";"V";"11";"V"
"28";"079";"27";"12";"28079027_12_8";"2025";"05";"04";"13";"V";"15";"V";"9";"V";"12";"V";"12";"V";"12";"V";"9";"V";"9";"V";"11";"V";"9";"V";"8";"V";"6";"V";"5";"V";"7";"V";"5";"V";"5";"V";"4";"V";"4";"V";"5";"V";"5";"V";"5";"V";"6";"V";"8";"V";"5";"V"
"28";"079";"27";"12";"28079027_12_8";"2025";"05";"05";"5";"V";"4";"V";"4";"V";"2";"V";"4";"V";"6";"V";"18";"V";"44";"V";"46";"V";"56";"V";"55";"V";"51";"V";"41";"V";"28";"V";"24";"V";"27";"V";"27";"V";"26";"V";"36";"V";"36";"V";"0";"N";"0";"N";"0";"N";"0";"N"
"28";"079";"27";"14";"28079027_14_6";"2025";"04";"28";"13";"V";"51";"V";"31";"V";"43";"V";"36";"V";"38";"V";"22";"V";"11";"V";"22";"V";"25";"V";"58";"V";"66";"V";"0";"N";"0";"N";"0";"N";"0";"N";"0";"N";"0";"N";"0";"N";"0";"N";"0";"N";"0";"N";"0";"N";"72";"V"
"28";"079";"27";"14";"28079027_14_6";"2025";"04";"29";"76";"V";"77";"V";"80";"V";"74";"V";"74";"V";"63";"V";"28";"V";"11";"V";"23";"V";"38";"V";"81";"V";"81";"V";"86";"V";"89";"V";"92";"V";"94";"V";"91";"V";"94";"V";"99";"V";"99";"V";"95";"V";"89";"V";"87";"V";"84";"V"
"28";"079";"27";"14";"28079027_14_6";"2025";"04";"30";"81";"V";"84";"V";"77";"V";"70";"V";"53";"V";"33";"V";"17";"V";"9";"V";"21";"V";"45";"V";"82";"V";"61";"V";"0";"N";"0";"N";"0";"N";"76";"V";"90";"V";"91";"V";"89";"V";"88";"V";"88";"V";"88";"V";"85";"V";"78";"V"
"28";"079";"27";"14";"28079027_14_6";"2025";"05";"01";"75";"V";"69";"V";"68";"V";"73";"V";"73";"V";"75";"V";"57";"V";"49";"V";"48";"V";"51";"V";"53";"V";"67";"V";"72";"V";"76";"V";"87";"V";"90";"V";"91";"V";"90";"V";"87";"V";"85";"V";"79";"V";"61";"V";"40";"V";"37";"V"
"28";"079";"27";"14";"28079027_14_6";"2025";"05";"02";"16";"V";"17";"V";"13";"V";"69";"V";"72";"V";"65";"V";"57";"V";"58";"V";"83";"V";"74";"V";"64";"V";"69";"V";"76";"V";"100";"V";"105";"V";"109";"V";"102";"V";"86";"V";"77";"V";"71";"V";"57";"V";"52";"V";"45";"V";"28";"V"
"28";"079";"27";"14";"28079027_14_6";"2025";"05";"03";"30";"V";"25";"V";"12";"V";"18";"V";"31";"V";"42";"V";"25";"V";"21";"V";"34";"V";"41";"V";"65";"V";"79";"V";"84";"V";"91";"V";"96";"V";"97";"V";"98";"V";"98";"V";"98";"V";"91";"V";"84";"V";"78";"V";"83";"V";"79";"V"
"28";"079";"27";"14";"28079027_14_6";"2025";"05";"04";"70";"V";"63";"V";"65";"V";"57";"V";"51";"V";"43";"V";"49";"V";"54";"V";"54";"V";"66";"V";"72";"V";"81";"V";"83";"V";"83";"V";"86";"V";"82";"V";"81";"V";"83";"V";"81";"V";"78";"V";"75";"V";"76";"V";"70";"V";"70";"V"
"28";"079";"27";"14";"28079027_14_6";"2025";"05";"05";"67";"V";"62";"V";"60";"V";"61";"V";"57";"V";"51";"V";"39";"V";"17";"V";"20";"V";"22";"V";"24";"V";"35";"V";"41";"V";"54";"V";"68";"V";"69";"V";"69";"V";"66";"V";"56";"V";"54";"V";"0";"N";"0";"N";"0";"N";"0";"N"
"28";"079";"27";"7";"28079027_7_8";"2025";"04";"28";"14";"V";"3";"V";"1";"V";"0";"V";"1";"V";"1";"V";"6";"V";"12";"V";"14";"V";"26";"V";"6";"V";"4";"V";"0";"N";"0";"N";"0";"N";"0";"N";"0";"N";"0";"N";"0";"N";"0";"N";"0";"N";"0";"N";"0";"N";"0";"V"
"28";"079";"27";"7";"28079027_7_8";"2025";"04";"29";"0";"V";"0";"V";"0";"V";"0";"V";"0";"V";"1";"V";"4";"V";"16";"V";"15";"V";"14";"V";"1";"V";"2";"V";"2";"V";"2";"V";"1";"V";"1";"V";"1";"V";"1";"V";"1";"V";"1";"V";"0";"V";"0";"V";"0";"V";"0";"V"
"28";"079";"27";"7";"28079027_7_8";"2025";"04";"30";"0";"V";"0";"V";"0";"V";"0";"V";"0";"V";"3";"V";"7";"V";"16";"V";"19";"V";"16";"V";"1";"V";"6";"V";"0";"N";"0";"N";"0";"N";"2";"V";"1";"V";"1";"V";"1";"V";"0";"V";"0";"V";"0";"V";"0";"V";"1";"V"
"28";"079";"27";"7";"28079027_7_8";"2025";"05";"01";"0";"V";"0";"V";"0";"V";"0";"V";"1";"V";"1";"V";"1";"V";"1";"V";"1";"V";"2";"V";"2";"V";"1";"V";"2";"V";"2";"V";"1";"V";"1";"V";"1";"V";"0";"V";"1";"V";"1";"V";"0";"V";"1";"V";"1";"V";"1";"V"
"28";"079";"27";"7";"28079027_7_8";"2025";"05";"02";"4";"V";"3";"V";"13";"V";"0";"V";"0";"V";"0";"V";"1";"V";"0";"V";"0";"V";"2";"V";"1";"V";"1";"V";"6";"V";"2";"V";"2";"V";"1";"V";"1";"V";"1";"V";"3";"V";"2";"V";"1";"V";"0";"V";"1";"V";"1";"V"
"28";"079";"27";"7";"28079027_7_8";"2025";"05";"03";"1";"V";"1";"V";"9";"V";"1";"V";"1";"V";"0";"V";"1";"V";"3";"V";"3";"V";"6";"V";"2";"V";"1";"V";"1";"V";"1";"V";"1";"V";"1";"V";"1";"V";"0";"V";"1";"V";"1";"V";"0";"V";"0";"V";"1";"V";"1";"V"
"28";"079";"27";"7";"28079027_7_8";"2025";"05";"04";"0";"V";"0";"V";"0";"V";"0";"V";"0";"V";"0";"V";"0";"V";"0";"V";"1";"V";"1";"V";"1";"V";"1";"V";"1";"V";"2";"V";"1";"V";"1";"V";"1";"V";"1";"V";"1";"V";"1";"V";"1";"V";"1";"V";"1";"V";"0";"V"
"28";"079";"27";"7";"28079027_7_8";"2025";"05";"05";"0";"V";"0";"V";"0";"V";"0";"V";"0";"V";"0";"V";"2";"V";"5";"V";"8";"V";"12";"V";"13";"V";"12";"V";"8";"V";"4";"V";"6";"V";"6";"V";"5";"V";"2";"V";"4";"V";"2";"V";"0";"N";"0";"N";"0";"N";"0";"N"
"28";"079";"27";"8";"28079027_8_8";"2025";"04";"28";"71";"V";"26";"V";"49";"V";"29";"V";"31";"V";"20";"V";"33";"V";"50";"V";"31";"V";"44";"V";"17";"V";"13";"V";"0";"N";"0";"N";"0";"N";"0";"N";"0";"N";"0";"N";"0";"N";"0";"N";"0";"N";"0";"N";"0";"N";"15";"V"
"28";"079";"27";"8";"28079027_8_8";"2025";"04";"29";"9";"V";"10";"V";"7";"V";"11";"V";"10";"V";"17";"V";"29";"V";"53";"V";"40";"V";"30";"V";"6";"V";"9";"V";"9";"V";"9";"V";"6";"V";"7";"V";"9";"V";"8";"V";"9";"V";"8";"V";"11";"V";"12";"V";"13";"V";"12";"V"
"28";"079";"27";"8";"28079027_8_8";"2025";"04";"30";"11";"V";"6";"V";"8";"V";"10";"V";"16";"V";"23";"V";"44";"V";"53";"V";"48";"V";"31";"V";"6";"V";"26";"V";"0";"N";"0";"N";"0";"N";"14";"V";"10";"V";"10";"V";"10";"V";"9";"V";"9";"V";"8";"V";"8";"V";"5";"V"
"28";"079";"27";"8";"28079027_8_8";"2025";"05";"01";"7";"V";"9";"V";"9";"V";"7";"V";"8";"V";"8";"V";"27";"V";"19";"V";"15";"V";"19";"V";"18";"V";"11";"V";"11";"V";"11";"V";"4";"V";"4";"V";"4";"V";"3";"V";"4";"V";"5";"V";"8";"V";"24";"V";"39";"V";"33";"V"
"28";"079";"27";"8";"28079027_8_8";"2025";"05";"02";"44";"V";"37";"V";"36";"V";"7";"V";"8";"V";"12";"V";"18";"V";"15";"V";"3";"V";"9";"V";"15";"V";"15";"V";"23";"V";"13";"V";"10";"V";"6";"V";"7";"V";"10";"V";"15";"V";"20";"V";"28";"V";"29";"V";"28";"V";"40";"V"
"28";"079";"27";"8";"28079027_8_8";"2025";"05";"03";"36";"V";"31";"V";"42";"V";"32";"V";"26";"V";"22";"V";"34";"V";"41";"V";"29";"V";"26";"V";"12";"V";"6";"V";"5";"V";"4";"V";"3";"V";"4";"V";"2";"V";"3";"V";"3";"V";"6";"V";"8";"V";"10";"V";"6";"V";"10";"V"
"28";"079";"27";"8";"28079027_8_8";"2025";"05";"04";"13";"V";"15";"V";"9";"V";"12";"V";"11";"V";"12";"V";"9";"V";"9";"V";"10";"V";"7";"V";"7";"V";"4";"V";"3";"V";"5";"V";"4";"V";"3";"V";"3";"V";"3";"V";"3";"V";"4";"V";"5";"V";"5";"V";"7";"V";"5";"V"
"28";"079";"27";"8";"28079027_8_8";"2025";"05";"05";"5";"V";"4";"V";"4";"V";"2";"V";"4";"V";"6";"V";"15";"V";"36";"V";"34";"V";"37";"V";"36";"V";"32";"V";"28";"V";"22";"V";"15";"V";"18";"V";"19";"V";"22";"V";"30";"V";"33";"V";"0";"N";"0";"N";"0";"N";"0";"N"
"28";"079";"35";"1";"28079035_1_38";"2025";"04";"28";"0";"V";"0";"V";"0";"V";"0";"V";"0";"V";"0";"V";"0";"V";"0";"V";"0";"V";"0";"V";"0";"V";"0";"V";"0";"N";"0";"N";"0";"N";"0";"N";"0";"N";"0";"N";"0";"N";"0";"N";"0";"N";"0";"N";"0";"N";"0";"N"
"28";"079";"35";"1";"28079035_1_38";"2025";"04";"29";"0";"V";"0";"V";"0";"V";"0";"V";"1";"V";"1";"V";"0";"V";"0";"V";"0";"V";"0";"N";"0";"N";"0";"N";"2";"V";"3";"V";"3";"V";"3";"V";"3";"V";"3";"V";"3";"V";"3";"V";"3";"V";"2";"V";"2";"V";"2";"V"
"28";"079";"35";"1";"28079035_1_38";"2025";"04";"30";"2";"V";"2";"V";"2";"V";"2";"V";"2";"V";"2";"V";"2";"V";"3";"V";"3";"V";"3";"V";"2";"V";"3";"V";"3";"V";"2";"V";"2";"V";"3";"V";"1";"V";"2";"V";"2";"V";"3";"V";"2";"V";"2";"V";"2";"V";"2";"V"
"28";"079";"35";"1";"28079035_1_38";"2025";"05";"01";"2";"V";"2";"V";"2";"V";"2";"V";"2";"V";"2";"V";"2";"V";"2";"V";"2";"V";"2";"V";"2";"V";"2";"V";"2";"V";"2";"V";"2";"V";"2";"V";"2";"V";"3";"V";"2";"V";"2";"V";"3";"V";"3";"V";"2";"V";"2";"V"
"28";"079";"35";"1";"28079035_1_38";"2025";"05";"02";"2";"V";"2";"V";"2";"V";"2";"V";"2";"V";"2";"V";"2";"V";"3";"V";"2";"V";"2";"V";"2";"V";"2";"V";"2";"V";"2";"V";"3";"V";"3";"V";"3";"V";"3";"V";"2";"V";"3";"V";"3";"V";"3";"V";"2";"V";"2";"V"
"28";"079";"35";"1";"28079035_1_38";"2025";"05";"03";"2";"V";"2";"V";"2";"V";"0";"N";"0";"N";"2";"V";"3";"V";"2";"V";"2";"V";"3";"V";"2";"V";"2";"V";"2";"V";"2";"V";"2";"V";"2";"V";"2";"V";"2";"V";"3";"V";"2";"V";"2";"V";"2";"V";"2";"V";"2";"V"
"28";"079";"35";"1";"28079035_1_38";"2025";"05";"04";"2";"V";"2";"V";"2";"V";"3";"V";"2";"V";"2";"V";"2";"V";"2";"V";"2";"V";"2";"V";"2";"V";"3";"V";"2";"V";"2";"V";"3";"V";"3";"V";"3";"V";"3";"V";"3";"V";"3";"V";"3";"V";"3";"V";"2";"V";"2";"V"
"28";"079";"35";"1";"28079035_1_38";"2025";"05";"05";"2";"V";"2";"V";"2";"V";"2";"V";"2";"V";"2";"V";"2";"V";"3";"V";"2";"V";"2";"V";"2";"V";"3";"V";"3";"V";"3";"V";"3";"V";"3";"V";"3";"V";"3";"V";"3";"V";"3";"V";"0";"N";"0";"N";"0";"N";"0";"N"
"28";"079";"35";"12";"28079035_12_8";"2025";"04";"28";"15";"V";"10";"V";"9";"V";"9";"V";"9";"V";"9";"V";"17";"V";"33";"V";"42";"V";"43";"V";"39";"V";"28";"V";"0";"N";"0";"N";"0";"N";"0";"N";"0";"N";"0";"N";"0";"N";"0";"N";"0";"N";"0";"N";"0";"N";"13";"V"
"28";"079";"35";"12";"28079035_12_8";"2025";"04";"29";"10";"V";"7";"V";"8";"V";"10";"V";"29";"V";"0";"N";"42";"V";"24";"V";"33";"V";"0";"N";"0";"N";"22";"V";"18";"V";"15";"V";"14";"V";"14";"V";"12";"V";"14";"V";"13";"V";"11";"V";"15";"V";"16";"V";"14";"V";"13";"V"
"28";"079";"35";"12";"28079035_12_8";"2025";"04";"30";"9";"V";"11";"V";"7";"V";"7";"V";"9";"V";"10";"V";"14";"V";"30";"V";"41";"V";"27";"V";"28";"V";"30";"V";"27";"V";"22";"V";"16";"V";"17";"V";"14";"V";"16";"V";"14";"V";"18";"V";"15";"V";"14";"V";"11";"V";"8";"V"
"28";"079";"35";"12";"28079035_12_8";"2025";"05";"01";"9";"V";"16";"V";"16";"V";"13";"V";"12";"V";"13";"V";"15";"V";"16";"V";"19";"V";"21";"V";"17";"V";"11";"V";"12";"V";"9";"V";"11";"V";"9";"V";"7";"V";"10";"V";"11";"V";"13";"V";"16";"V";"27";"V";"28";"V";"20";"V"
"28";"079";"35";"12";"28079035_12_8";"2025";"05";"02";"15";"V";"12";"V";"10";"V";"10";"V";"9";"V";"10";"V";"16";"V";"13";"V";"7";"V";"11";"V";"16";"V";"17";"V";"23";"V";"12";"V";"10";"V";"11";"V";"9";"V";"12";"V";"13";"V";"10";"V";"13";"V";"18";"V";"26";"V";"18";"V"
"28";"079";"35";"12";"28079035_12_8";"2025";"05";"03";"15";"V";"22";"V";"13";"V";"6";"V";"21";"V";"22";"V";"21";"V";"24";"V";"22";"V";"31";"V";"21";"V";"11";"V";"9";"V";"8";"V";"8";"V";"6";"V";"6";"V";"7";"V";"8";"V";"9";"V";"12";"V";"13";"V";"12";"V";"13";"V"
"28";"079";"35";"12";"28079035_12_8";"2025";"05";"04";"16";"V";"26";"V";"20";"V";"9";"V";"10";"V";"9";"V";"10";"V";"11";"V";"8";"V";"8";"V";"7";"V";"8";"V";"7";"V";"7";"V";"6";"V";"7";"V";"6";"V";"7";"V";"6";"V";"8";"V";"8";"V";"9";"V";"11";"V";"9";"V"
"28";"079";"35";"12";"28079035_12_8";"2025";"05";"05";"11";"V";"5";"V";"7";"V";"5";"V";"4";"V";"6";"V";"7";"V";"17";"V";"28";"V";"20";"V";"18";"V";"15";"V";"15";"V";"24";"V";"24";"V";"33";"V";"23";"V";"16";"V";"27";"V";"29";"V";"0";"N";"0";"N";"0";"N";"0";"N"
"28";"079";"35";"14";"28079035_14_6";"2025";"04";"28";"71";"V";"73";"V";"73";"V";"71";"V";"70";"V";"68";"V";"61";"V";"44";"V";"39";"V";"44";"V";"58";"V";"66";"V";"0";"N";"0";"N";"0";"N";"0";"N";"0";"N";"0";"N";"0";"N";"0";"N";"0";"N";"0";"N";"0";"N";"75";"V"
"28";"079";"35";"14";"28079035_14_6";"2025";"04";"29";"82";"V";"83";"V";"84";"V";"80";"V";"62";"V";"57";"V";"52";"V";"66";"V";"63";"V";"0";"N";"0";"N";"74";"V";"82";"V";"90";"V";"93";"V";"93";"V";"96";"V";"96";"V";"100";"V";"101";"V";"92";"V";"86";"V";"88";"V";"86";"V"
"28";"079";"35";"14";"28079035_14_6";"2025";"04";"30";"88";"V";"84";"V";"86";"V";"86";"V";"84";"V";"81";"V";"76";"V";"63";"V";"57";"V";"70";"V";"70";"V";"66";"V";"72";"V";"80";"V";"84";"V";"87";"V";"91";"V";"91";"V";"88";"V";"84";"V";"88";"V";"86";"V";"80";"V";"78";"V"
"28";"079";"35";"14";"28079035_14_6";"2025";"05";"01";"79";"V";"70";"V";"68";"V";"74";"V";"73";"V";"66";"V";"61";"V";"52";"V";"48";"V";"56";"V";"63";"V";"73";"V";"75";"V";"84";"V";"87";"V";"91";"V";"93";"V";"91";"V";"87";"V";"85";"V";"78";"V";"62";"V";"60";"V";"67";"V"
"28";"079";"35";"14";"28079035_14_6";"2025";"05";"02";"71";"V";"74";"V";"80";"V";"78";"V";"73";"V";"70";"V";"60";"V";"63";"V";"80";"V";"77";"V";"66";"V";"78";"V";"93";"V";"109";"V";"111";"V";"109";"V";"103";"V";"89";"V";"84";"V";"82";"V";"80";"V";"71";"V";"59";"V";"68";"V"
"28";"079";"35";"14";"28079035_14_6";"2025";"05";"03";"71";"V";"57";"V";"66";"V";"74";"V";"52";"V";"49";"V";"50";"V";"46";"V";"54";"V";"53";"V";"70";"V";"84";"V";"92";"V";"95";"V";"97";"V";"97";"V";"99";"V";"99";"V";"97";"V";"89";"V";"81";"V";"78";"V";"75";"V";"75";"V"
"28";"079";"35";"14";"28079035_14_6";"2025";"05";"04";"71";"V";"55";"V";"54";"V";"61";"V";"56";"V";"54";"V";"57";"V";"58";"V";"63";"V";"71";"V";"77";"V";"80";"V";"83";"V";"85";"V";"85";"V";"81";"V";"81";"V";"84";"V";"80";"V";"78";"V";"77";"V";"74";"V";"68";"V";"64";"V"
"28";"079";"35";"14";"28079035_14_6";"2025";"05";"05";"59";"V";"59";"V";"55";"V";"54";"V";"51";"V";"48";"V";"47";"V";"38";"V";"29";"V";"41";"V";"52";"V";"66";"V";"63";"V";"58";"V";"68";"V";"63";"V";"76";"V";"76";"V";"68";"V";"68";"V";"0";"N";"0";"N";"0";"N";"0";"N"
"28";"079";"35";"6";"28079035_6_48";"2025";"04";"28";"0.3";"V";"0.2";"V";"0.2";"V";"0.2";"V";"0.2";"V";"0.3";"V";"0.2";"V";"0.3";"V";"0";"N";"0.3";"V";"0.3";"V";"0.3";"V";"0";"N";"0";"N";"0";"N";"0";"N";"0";"N";"0";"N";"0";"N";"0";"N";"0";"N";"0";"N";"0";"N";"0";"N"
"28";"079";"35";"6";"28079035_6_48";"2025";"04";"29";"0.2";"V";"0.2";"V";"0.2";"V";"0.2";"V";"0.2";"V";"0.2";"V";"0.2";"V";"0.3";"V";"0.3";"V";"0";"N";"0";"N";"0.3";"V";"0.3";"V";"0.3";"V";"0.3";"V";"0.3";"V";"0.3";"V";"0.3";"V";"0.3";"V";"0.3";"V";"0.3";"V";"0.3";"V";"0.3";"V";"0.3";"V"
"28";"079";"35";"6";"28079035_6_48";"2025";"04";"30";"0.2";"V";"0.2";"V";"0.2";"V";"0.2";"V";"0.2";"V";"0.2";"V";"0.2";"V";"0.3";"V";"0.3";"V";"0.3";"V";"0.3";"V";"0.3";"V";"0.3";"V";"0.3";"V";"0.3";"V";"0.3";"V";"0.3";"V";"0.3";"V";"0.3";"V";"0.3";"V";"0.3";"V";"0.3";"V";"0.2";"V";"0.2";"V"
"28";"079";"35";"6";"28079035_6_48";"2025";"05";"01";"0.2";"V";"0.3";"V";"0.2";"V";"0.3";"V";"0.2";"V";"0";"N";"0.3";"V";"0.2";"V";"0.3";"V";"0.3";"V";"0.2";"V";"0.3";"V";"0.3";"V";"0.3";"V";"0.3";"V";"0.3";"V";"0.3";"V";"0.2";"V";"0.3";"V";"0.3";"V";"0.3";"V";"0.4";"V";"0.4";"V";"0.3";"V"
"28";"079";"35";"6";"28079035_6_48";"2025";"05";"02";"0.3";"V";"0.3";"V";"0.2";"V";"0.2";"V";"0.3";"V";"0.2";"V";"0.3";"V";"0.2";"V";"0.2";"V";"0.2";"V";"0.3";"V";"0.3";"V";"0.3";"V";"0.3";"V";"0.3";"V";"0.3";"V";"0.3";"V";"0.3";"V";"0.3";"V";"0.3";"V";"0.3";"V";"0.3";"V";"0.4";"V";"0.3";"V"
"28";"079";"35";"6";"28079035_6_48";"2025";"05";"03";"0.3";"V";"0.3";"V";"0.3";"V";"0.2";"V";"0.3";"V";"0";"N";"0.2";"V";"0.3";"V";"0.2";"V";"0.3";"V";"0.2";"V";"0.2";"V";"0.3";"V";"0.3";"V";"0.2";"V";"0.2";"V";"0.2";"V";"0.2";"V";"0.2";"V";"0.3";"V";"0.3";"V";"0.3";"V";"0.2";"V";"0.3";"V"
"28";"079";"35";"6";"28079035_6_48";"2025";"05";"04";"0.3";"V";"0.3";"V";"0.3";"V";"0.2";"V";"0.2";"V";"0.3";"V";"0.2";"V";"0.2";"V";"0.2";"V";"0.2";"V";"0.2";"V";"0.2";"V";"0.2";"V";"0.2";"V";"0.2";"V";"0.2";"V";"0.2";"V";"0.2";"V";"0.2";"V";"0.2";"V";"0.2";"V";"0.2";"V";"0.2";"V";"0.2";"V"
"28";"079";"35";"6";"28079035_6_48";"2025";"05";"05";"0.2";"V";"0.2";"V";"0.2";"V";"0.2";"V";"0.2";"V";"0.2";"V";"0.2";"V";"0.2";"V";"0.3";"V";"0.2";"V";"0.2";"V";"0.2";"V";"0.3";"V";"0.3";"V";"0.3";"V";"0.3";"V";"0.3";"V";"0.2";"V";"0.3";"V";"0.3";"V";"0";"N";"0";"N";"0";"N";"0";"N"
"28";"079";"35";"7";"28079035_7_8";"2025";"04";"28";"2";"V";"2";"V";"1";"V";"1";"V";"2";"V";"1";"V";"2";"V";"4";"V";"8";"V";"10";"V";"10";"V";"7";"V";"0";"N";"0";"N";"0";"N";"0";"N";"0";"N";"0";"N";"0";"N";"0";"N";"0";"N";"0";"N";"0";"N";"1";"V"
"28";"079";"35";"7";"28079035_7_8";"2025";"04";"29";"1";"V";"1";"V";"2";"V";"1";"V";"2";"V";"0";"N";"4";"V";"2";"V";"5";"V";"0";"N";"0";"N";"5";"V";"4";"V";"4";"V";"4";"V";"4";"V";"3";"V";"4";"V";"3";"V";"2";"V";"2";"V";"2";"V";"2";"V";"2";"V"
"28";"079";"35";"7";"28079035_7_8";"2025";"04";"30";"1";"V";"2";"V";"1";"V";"1";"V";"2";"V";"1";"V";"1";"V";"3";"V";"6";"V";"5";"V";"6";"V";"5";"V";"7";"V";"6";"V";"4";"V";"3";"V";"2";"V";"3";"V";"2";"V";"3";"V";"3";"V";"2";"V";"2";"V";"1";"V"
"28";"079";"35";"7";"28079035_7_8";"2025";"05";"01";"2";"V";"2";"V";"4";"V";"1";"V";"1";"V";"2";"V";"2";"V";"2";"V";"3";"V";"3";"V";"3";"V";"2";"V";"2";"V";"2";"V";"2";"V";"2";"V";"2";"V";"2";"V";"2";"V";"3";"V";"2";"V";"2";"V";"2";"V";"3";"V"
"28";"079";"35";"7";"28079035_7_8";"2025";"05";"02";"2";"V";"1";"V";"1";"V";"2";"V";"2";"V";"1";"V";"2";"V";"2";"V";"1";"V";"2";"V";"2";"V";"2";"V";"5";"V";"2";"V";"2";"V";"3";"V";"2";"V";"2";"V";"2";"V";"2";"V";"2";"V";"2";"V";"2";"V";"2";"V"
"28";"079";"35";"7";"28079035_7_8";"2025";"05";"03";"1";"V";"2";"V";"1";"V";"1";"V";"1";"V";"1";"V";"1";"V";"2";"V";"3";"V";"6";"V";"5";"V";"3";"V";"2";"V";"2";"V";"2";"V";"2";"V";"2";"V";"2";"V";"2";"V";"2";"V";"2";"V";"2";"V";"2";"V";"2";"V"
"28";"079";"35";"7";"28079035_7_8";"2025";"05";"04";"1";"V";"3";"V";"2";"V";"1";"V";"1";"V";"1";"V";"2";"V";"1";"V";"1";"V";"1";"V";"2";"V";"2";"V";"2";"V";"2";"V";"2";"V";"2";"V";"2";"V";"2";"V";"2";"V";"2";"V";"2";"V";"1";"V";"1";"V";"1";"V"
"28";"079";"35";"7";"28079035_7_8";"2025";"05";"05";"3";"V";"1";"V";"2";"V";"1";"V";"1";"V";"1";"V";"1";"V";"2";"V";"4";"V";"4";"V";"4";"V";"4";"V";"3";"V";"4";"V";"4";"V";"6";"V";"5";"V";"2";"V";"4";"V";"4";"V";"0";"N";"0";"N";"0";"N";"0";"N"
"28";"079";"35";"8";"28079035_8_8";"2025";"04";"28";"12";"V";"7";"V";"7";"V";"7";"V";"6";"V";"7";"V";"14";"V";"27";"V";"31";"V";"29";"V";"24";"V";"18";"V";"0";"N";"0";"N";"0";"N";"0";"N";"0";"N";"0";"N";"0";"N";"0";"N";"0";"N";"0";"N";"0";"N";"11";"V"
"28";"079";"35";"8";"28079035_8_8";"2025";"04";"29";"8";"V";"5";"V";"5";"V";"8";"V";"26";"V";"0";"N";"37";"V";"21";"V";"25";"V";"0";"N";"0";"N";"14";"V";"11";"V";"10";"V";"9";"V";"8";"V";"7";"V";"8";"V";"9";"V";"8";"V";"12";"V";"13";"V";"12";"V";"11";"V"
"28";"079";"35";"8";"28079035_8_8";"2025";"04";"30";"6";"V";"8";"V";"5";"V";"5";"V";"6";"V";"7";"V";"12";"V";"24";"V";"32";"V";"20";"V";"18";"V";"22";"V";"17";"V";"12";"V";"10";"V";"12";"V";"11";"V";"11";"V";"10";"V";"13";"V";"11";"V";"11";"V";"8";"V";"5";"V"
"28";"079";"35";"8";"28079035_8_8";"2025";"05";"01";"7";"V";"13";"V";"11";"V";"10";"V";"9";"V";"10";"V";"12";"V";"12";"V";"15";"V";"17";"V";"14";"V";"8";"V";"9";"V";"6";"V";"7";"V";"5";"V";"4";"V";"6";"V";"8";"V";"9";"V";"12";"V";"23";"V";"24";"V";"15";"V"
"28";"079";"35";"8";"28079035_8_8";"2025";"05";"02";"12";"V";"9";"V";"8";"V";"7";"V";"6";"V";"7";"V";"13";"V";"10";"V";"5";"V";"8";"V";"13";"V";"14";"V";"16";"V";"8";"V";"7";"V";"7";"V";"6";"V";"9";"V";"9";"V";"7";"V";"10";"V";"15";"V";"23";"V";"15";"V"
"28";"079";"35";"8";"28079035_8_8";"2025";"05";"03";"12";"V";"18";"V";"11";"V";"5";"V";"19";"V";"20";"V";"19";"V";"21";"V";"18";"V";"22";"V";"14";"V";"7";"V";"6";"V";"5";"V";"4";"V";"4";"V";"3";"V";"4";"V";"5";"V";"6";"V";"10";"V";"10";"V";"10";"V";"10";"V"
"28";"079";"35";"8";"28079035_8_8";"2025";"05";"04";"13";"V";"22";"V";"17";"V";"7";"V";"8";"V";"7";"V";"7";"V";"9";"V";"5";"V";"5";"V";"5";"V";"4";"V";"4";"V";"4";"V";"4";"V";"4";"V";"3";"V";"4";"V";"4";"V";"5";"V";"5";"V";"7";"V";"9";"V";"7";"V"
"28";"079";"35";"8";"28079035_8_8";"2025";"05";"05";"6";"V";"4";"V";"5";"V";"3";"V";"3";"V";"4";"V";"5";"V";"13";"V";"21";"V";"14";"V";"11";"V";"9";"V";"11";"V";"18";"V";"17";"V";"24";"V";"15";"V";"13";"V";"20";"V";"23";"V";"0";"N";"0";"N";"0";"N";"0";"N"
"28";"079";"36";"1";"28079036_1_38";"2025";"04";"28";"3";"V";"3";"V";"3";"V";"3";"V";"3";"V";"3";"V";"3";"V";"3";"V";"3";"V";"3";"V";"3";"V";"3";"V";"0";"N";"0";"N";"0";"N";"0";"N";"0";"N";"0";"N";"0";"N";"0";"N";"0";"N";"0";"N";"3";"V";"3";"V"
"28";"079";"36";"1";"28079036_1_38";"2025";"04";"29";"3";"V";"3";"V";"3";"V";"3";"V";"3";"V";"3";"V";"3";"V";"3";"V";"3";"V";"3";"V";"3";"V";"3";"V";"3";"V";"3";"V";"3";"V";"3";"V";"3";"V";"3";"V";"3";"V";"3";"V";"3";"V";"3";"V";"3";"V";"3";"V"
"28";"079";"36";"1";"28079036_1_38";"2025";"04";"30";"3";"V";"3";"V";"3";"V";"3";"V";"3";"V";"3";"V";"3";"V";"3";"V";"3";"V";"3";"V";"3";"V";"3";"V";"3";"V";"3";"V";"3";"V";"3";"V";"3";"V";"3";"V";"3";"V";"3";"V";"3";"V";"3";"V";"3";"V";"3";"V"
"28";"079";"36";"1";"28079036_1_38";"2025";"05";"01";"3";"V";"3";"V";"3";"V";"3";"V";"3";"V";"3";"V";"3";"V";"3";"V";"3";"V";"3";"V";"3";"V";"3";"V";"3";"V";"3";"V";"3";"V";"3";"V";"3";"V";"3";"V";"3";"V";"3";"V";"3";"V";"3";"V";"3";"V";"3";"V"
"28";"079";"36";"1";"28079036_1_38";"2025";"05";"02";"3";"V";"3";"V";"3";"V";"3";"V";"3";"V";"3";"V";"3";"V";"3";"V";"3";"V";"3";"V";"3";"V";"3";"V";"3";"V";"3";"V";"3";"V";"3";"V";"3";"V";"3";"V";"3";"V";"3";"V";"3";"V";"3";"V";"3";"V";"3";"V"
"28";"079";"36";"1";"28079036_1_38";"2025";"05";"03";"3";"V";"3";"V";"3";"V";"3";"V";"3";"V";"3";"V";"3";"V";"3";"V";"3";"V";"3";"V";"3";"V";"3";"V";"3";"V";"3";"V";"3";"V";"3";"V";"3";"V";"3";"V";"3";"V";"3";"V";"3";"V";"3";"V";"3";"V";"3";"V"
"28";"079";"36";"1";"28079036_1_38";"2025";"05";"04";"3";"V";"3";"V";"3";"V";"3";"V";"3";"V";"3";"V";"3";"V";"3";"V";"3";"V";"3";"V";"3";"V";"3";"V";"3";"V";"3";"V";"3";"V";"3";"V";"3";"V";"3";"V";"3";"V";"3";"V";"3";"V";"3";"V";"3";"V";"3";"V"
"28";"079";"36";"1";"28079036_1_38";"2025";"05";"05";"3";"V";"3";"V";"3";"V";"3";"V";"3";"V";"3";"V";"3";"V";"3";"V";"3";"V";"3";"V";"3";"V";"3";"V";"3";"V";"3";"V";"3";"V";"3";"V";"3";"V";"3";"V";"3";"V";"3";"V";"0";"N";"0";"N";"0";"N";"0";"N"
"28";"079";"36";"10";"28079036_10_47";"2025";"04";"28";"9";"V";"6";"V";"5";"V";"4";"V";"6";"V";"7";"V";"8";"V";"8";"V";"10";"V";"17";"V";"16";"V";"20";"V";"0";"N";"0";"N";"0";"N";"0";"N";"0";"N";"0";"N";"0";"N";"0";"N";"0";"N";"0";"N";"0";"N";"0";"N"
"28";"079";"36";"10";"28079036_10_47";"2025";"04";"29";"11";"V";"10";"V";"7";"V";"6";"V";"8";"V";"11";"V";"9";"V";"12";"V";"14";"V";"12";"V";"15";"V";"19";"V";"27";"V";"18";"V";"19";"V";"16";"V";"22";"V";"31";"V";"23";"V";"19";"V";"16";"V";"17";"V";"15";"V";"13";"V"
"28";"079";"36";"10";"28079036_10_47";"2025";"04";"30";"12";"V";"8";"V";"9";"V";"9";"V";"11";"V";"9";"V";"11";"V";"17";"V";"0";"N";"0";"N";"15";"V";"20";"V";"10";"V";"14";"V";"19";"V";"25";"V";"41";"V";"39";"V";"40";"V";"42";"V";"38";"V";"32";"V";"27";"V";"17";"V"
"28";"079";"36";"10";"28079036_10_47";"2025";"05";"01";"8";"V";"8";"V";"8";"V";"20";"V";"8";"V";"3";"V";"9";"V";"11";"V";"12";"V";"11";"V";"17";"V";"27";"V";"25";"V";"35";"V";"33";"V";"39";"V";"32";"V";"47";"V";"36";"V";"35";"V";"38";"V";"38";"V";"39";"V";"42";"V"
"28";"079";"36";"10";"28079036_10_47";"2025";"05";"02";"35";"V";"30";"V";"32";"V";"32";"V";"27";"V";"21";"V";"16";"V";"11";"V";"30";"V";"10";"V";"8";"V";"7";"V";"11";"V";"11";"V";"20";"V";"21";"V";"9";"V";"11";"V";"5";"V";"0";"V";"13";"V";"21";"V";"10";"V";"17";"V"
"28";"079";"36";"10";"28079036_10_47";"2025";"05";"03";"14";"V";"21";"V";"14";"V";"11";"V";"11";"V";"13";"V";"12";"V";"9";"V";"10";"V";"10";"V";"7";"V";"7";"V";"8";"V";"11";"V";"3";"V";"7";"V";"10";"V";"14";"V";"12";"V";"9";"V";"6";"V";"10";"V";"13";"V";"13";"V"
"28";"079";"36";"10";"28079036_10_47";"2025";"05";"04";"6";"V";"6";"V";"9";"V";"7";"V";"7";"V";"9";"V";"10";"V";"9";"V";"11";"V";"8";"V";"8";"V";"1";"V";"0";"V";"9";"V";"16";"V";"14";"V";"9";"V";"7";"V";"6";"V";"8";"V";"0";"V";"4";"V";"6";"V";"6";"V"
"28";"079";"36";"10";"28079036_10_47";"2025";"05";"05";"5";"V";"2";"V";"5";"V";"3";"V";"5";"V";"6";"V";"5";"V";"6";"V";"8";"V";"12";"V";"12";"V";"5";"V";"2";"V";"3";"V";"5";"V";"4";"V";"2";"V";"9";"V";"7";"V";"1";"V";"0";"N";"0";"N";"0";"N";"0";"N"
"28";"079";"36";"12";"28079036_12_8";"2025";"04";"28";"15";"V";"8";"V";"6";"V";"2";"V";"3";"V";"4";"V";"11";"V";"30";"V";"49";"V";"37";"V";"22";"V";"21";"V";"0";"N";"0";"N";"0";"N";"0";"N";"0";"N";"0";"N";"0";"N";"0";"N";"0";"N";"0";"N";"14";"V";"9";"V"
"28";"079";"36";"12";"28079036_12_8";"2025";"04";"29";"4";"V";"3";"V";"3";"V";"3";"V";"3";"V";"6";"V";"14";"V";"33";"V";"43";"V";"30";"V";"13";"V";"9";"V";"8";"V";"8";"V";"7";"V";"7";"V";"7";"V";"11";"V";"11";"V";"14";"V";"15";"V";"17";"V";"13";"V";"10";"V"
"28";"079";"36";"12";"28079036_12_8";"2025";"04";"30";"3";"V";"3";"V";"2";"V";"2";"V";"5";"V";"7";"V";"24";"V";"48";"V";"83";"V";"41";"V";"18";"V";"18";"V";"17";"V";"6";"V";"11";"V";"12";"V";"17";"V";"19";"V";"16";"V";"18";"V";"14";"V";"10";"V";"9";"V";"9";"V"
"28";"079";"36";"12";"28079036_12_8";"2025";"05";"01";"10";"V";"9";"V";"9";"V";"8";"V";"6";"V";"13";"V";"12";"V";"10";"V";"17";"V";"14";"V";"18";"V";"14";"V";"11";"V";"10";"V";"7";"V";"5";"V";"4";"V";"6";"V";"4";"V";"5";"V";"8";"V";"23";"V";"23";"V";"12";"V"
"28";"079";"36";"12";"28079036_12_8";"2025";"05";"02";"5";"V";"6";"V";"4";"V";"3";"V";"3";"V";"5";"V";"8";"V";"13";"V";"6";"V";"6";"V";"15";"V";"14";"V";"9";"V";"10";"V";"10";"V";"6";"V";"5";"V";"9";"V";"12";"V";"9";"V";"15";"V";"18";"V";"30";"V";"22";"V"
"28";"079";"36";"12";"28079036_12_8";"2025";"05";"03";"36";"V";"19";"V";"12";"V";"14";"V";"12";"V";"10";"V";"11";"V";"18";"V";"17";"V";"15";"V";"13";"V";"7";"V";"11";"V";"7";"V";"7";"V";"6";"V";"4";"V";"6";"V";"8";"V";"7";"V";"11";"V";"11";"V";"10";"V";"8";"V"
"28";"079";"36";"12";"28079036_12_8";"2025";"05";"04";"12";"V";"9";"V";"10";"V";"9";"V";"8";"V";"8";"V";"6";"V";"8";"V";"8";"V";"8";"V";"9";"V";"8";"V";"5";"V";"8";"V";"6";"V";"6";"V";"5";"V";"5";"V";"6";"V";"7";"V";"11";"V";"13";"V";"12";"V";"10";"V"
"28";"079";"36";"12";"28079036_12_8";"2025";"05";"05";"5";"V";"4";"V";"3";"V";"3";"V";"5";"V";"6";"V";"12";"V";"26";"V";"38";"V";"32";"V";"23";"V";"17";"V";"17";"V";"36";"V";"52";"V";"37";"V";"22";"V";"29";"V";"18";"V";"49";"V";"0";"N";"0";"N";"0";"N";"0";"N"
"28";"079";"36";"7";"28079036_7_8";"2025";"04";"28";"0";"V";"0";"V";"0";"V";"0";"V";"0";"V";"0";"V";"0";"V";"0";"V";"7";"V";"7";"V";"4";"V";"4";"V";"0";"N";"0";"N";"0";"N";"0";"N";"0";"N";"0";"N";"0";"N";"0";"N";"0";"N";"0";"N";"0";"V";"0";"V"
"28";"079";"36";"7";"28079036_7_8";"2025";"04";"29";"0";"V";"0";"V";"0";"V";"0";"V";"0";"V";"0";"V";"0";"V";"2";"V";"4";"V";"4";"V";"1";"V";"0";"V";"1";"V";"1";"V";"1";"V";"1";"V";"0";"V";"2";"V";"1";"V";"1";"V";"0";"V";"1";"V";"0";"V";"0";"V"
"28";"079";"36";"7";"28079036_7_8";"2025";"04";"30";"0";"V";"0";"V";"0";"V";"0";"V";"0";"V";"0";"V";"0";"V";"5";"V";"16";"V";"7";"V";"2";"V";"1";"V";"3";"V";"1";"V";"2";"V";"1";"V";"1";"V";"2";"V";"1";"V";"1";"V";"1";"V";"0";"V";"0";"V";"0";"V"
"28";"079";"36";"7";"28079036_7_8";"2025";"05";"01";"0";"V";"0";"V";"0";"V";"0";"V";"0";"V";"0";"V";"0";"V";"0";"V";"1";"V";"0";"V";"1";"V";"1";"V";"1";"V";"1";"V";"0";"V";"0";"V";"0";"V";"0";"V";"0";"V";"0";"V";"1";"V";"1";"V";"0";"V";"0";"V"
"28";"079";"36";"7";"28079036_7_8";"2025";"05";"02";"0";"V";"0";"V";"0";"V";"0";"V";"0";"V";"0";"V";"0";"V";"0";"V";"0";"V";"0";"V";"0";"V";"0";"V";"1";"V";"1";"V";"0";"V";"0";"V";"0";"V";"0";"V";"0";"V";"0";"V";"0";"V";"0";"V";"0";"V";"0";"V"
"28";"079";"36";"7";"28079036_7_8";"2025";"05";"03";"0";"V";"0";"V";"0";"V";"0";"V";"0";"V";"0";"V";"0";"V";"0";"V";"0";"V";"1";"V";"1";"V";"0";"V";"1";"V";"0";"V";"0";"V";"0";"V";"0";"V";"0";"V";"0";"V";"0";"V";"0";"V";"0";"V";"0";"V";"0";"V"
"28";"079";"36";"7";"28079036_7_8";"2025";"05";"04";"0";"V";"0";"V";"0";"V";"0";"V";"0";"V";"0";"V";"0";"V";"0";"V";"0";"V";"0";"V";"0";"V";"0";"V";"0";"V";"1";"V";"0";"V";"0";"V";"0";"V";"0";"V";"0";"V";"0";"V";"0";"V";"1";"V";"0";"V";"0";"V"
"28";"079";"36";"7";"28079036_7_8";"2025";"05";"05";"0";"V";"0";"V";"0";"V";"0";"V";"0";"V";"0";"V";"0";"V";"2";"V";"8";"V";"5";"V";"3";"V";"3";"V";"1";"V";"2";"V";"10";"V";"5";"V";"3";"V";"3";"V";"0";"V";"2";"V";"0";"N";"0";"N";"0";"N";"0";"N"
"28";"079";"36";"8";"28079036_8_8";"2025";"04";"28";"15";"V";"8";"V";"6";"V";"2";"V";"3";"V";"4";"V";"11";"V";"29";"V";"39";"V";"27";"V";"16";"V";"15";"V";"0";"N";"0";"N";"0";"N";"0";"N";"0";"N";"0";"N";"0";"N";"0";"N";"0";"N";"0";"N";"14";"V";"9";"V"
"28";"079";"36";"8";"28079036_8_8";"2025";"04";"29";"4";"V";"3";"V";"3";"V";"3";"V";"3";"V";"6";"V";"14";"V";"30";"V";"37";"V";"23";"V";"12";"V";"8";"V";"7";"V";"7";"V";"6";"V";"5";"V";"6";"V";"8";"V";"10";"V";"13";"V";"15";"V";"16";"V";"13";"V";"10";"V"
"28";"079";"36";"8";"28079036_8_8";"2025";"04";"30";"3";"V";"3";"V";"2";"V";"2";"V";"5";"V";"7";"V";"24";"V";"40";"V";"58";"V";"31";"V";"15";"V";"17";"V";"12";"V";"5";"V";"9";"V";"11";"V";"15";"V";"16";"V";"15";"V";"17";"V";"12";"V";"10";"V";"9";"V";"9";"V"
"28";"079";"36";"8";"28079036_8_8";"2025";"05";"01";"10";"V";"9";"V";"9";"V";"8";"V";"6";"V";"13";"V";"11";"V";"10";"V";"16";"V";"14";"V";"17";"V";"13";"V";"10";"V";"8";"V";"7";"V";"5";"V";"4";"V";"6";"V";"4";"V";"5";"V";"7";"V";"21";"V";"22";"V";"12";"V"
"28";"079";"36";"8";"28079036_8_8";"2025";"05";"02";"5";"V";"6";"V";"4";"V";"3";"V";"3";"V";"5";"V";"8";"V";"13";"V";"6";"V";"6";"V";"14";"V";"14";"V";"8";"V";"9";"V";"9";"V";"6";"V";"5";"V";"9";"V";"12";"V";"9";"V";"15";"V";"18";"V";"30";"V";"22";"V"
"28";"079";"36";"8";"28079036_8_8";"2025";"05";"03";"36";"V";"19";"V";"12";"V";"14";"V";"12";"V";"10";"V";"11";"V";"18";"V";"17";"V";"15";"V";"11";"V";"7";"V";"8";"V";"7";"V";"6";"V";"5";"V";"4";"V";"6";"V";"7";"V";"7";"V";"11";"V";"11";"V";"10";"V";"8";"V"
"28";"079";"36";"8";"28079036_8_8";"2025";"05";"04";"12";"V";"9";"V";"10";"V";"9";"V";"8";"V";"8";"V";"6";"V";"8";"V";"8";"V";"8";"V";"9";"V";"8";"V";"4";"V";"7";"V";"6";"V";"6";"V";"5";"V";"4";"V";"6";"V";"7";"V";"10";"V";"12";"V";"12";"V";"10";"V"
"28";"079";"36";"8";"28079036_8_8";"2025";"05";"05";"5";"V";"4";"V";"3";"V";"3";"V";"5";"V";"6";"V";"12";"V";"23";"V";"26";"V";"24";"V";"18";"V";"13";"V";"15";"V";"32";"V";"36";"V";"29";"V";"17";"V";"24";"V";"18";"V";"46";"V";"0";"N";"0";"N";"0";"N";"0";"N"
"28";"079";"38";"10";"28079038_10_47";"2025";"04";"28";"8";"V";"6";"V";"4";"V";"6";"V";"12";"V";"12";"V";"11";"V";"15";"V";"23";"V";"13";"V";"0";"N";"17";"V";"0";"N";"0";"N";"0";"N";"0";"N";"0";"N";"0";"N";"0";"N";"0";"N";"0";"N";"0";"N";"0";"N";"11";"V"
"28";"079";"38";"10";"28079038_10_47";"2025";"04";"29";"11";"V";"11";"V";"14";"V";"12";"V";"8";"V";"7";"V";"7";"V";"12";"V";"8";"V";"13";"V";"10";"V";"8";"V";"14";"V";"17";"V";"15";"V";"27";"V";"11";"V";"23";"V";"12";"V";"16";"V";"20";"V";"15";"V";"13";"V";"12";"V"
"28";"079";"38";"10";"28079038_10_47";"2025";"04";"30";"10";"V";"12";"V";"9";"V";"12";"V";"8";"V";"9";"V";"13";"V";"13";"V";"15";"V";"21";"V";"24";"V";"12";"V";"21";"V";"12";"V";"16";"V";"22";"V";"35";"V";"30";"V";"40";"V";"37";"V";"37";"V";"27";"V";"23";"V";"0";"N"
"28";"079";"38";"10";"28079038_10_47";"2025";"05";"01";"8";"V";"8";"V";"13";"V";"22";"V";"9";"V";"0";"V";"5";"V";"4";"V";"0";"N";"7";"V";"0";"N";"12";"V";"12";"V";"24";"V";"30";"V";"26";"V";"13";"V";"14";"V";"41";"V";"46";"V";"27";"V";"30";"V";"39";"V";"36";"V"
"28";"079";"38";"10";"28079038_10_47";"2025";"05";"02";"32";"V";"30";"V";"29";"V";"26";"V";"12";"V";"10";"V";"7";"V";"17";"V";"41";"V";"23";"V";"0";"N";"15";"V";"7";"V";"1";"V";"5";"V";"27";"V";"36";"V";"28";"V";"0";"V";"14";"V";"9";"V";"20";"V";"16";"V";"11";"V"
"28";"079";"38";"10";"28079038_10_47";"2025";"05";"03";"2";"V";"4";"V";"13";"V";"13";"V";"15";"V";"14";"V";"11";"V";"10";"V";"19";"V";"21";"V";"30";"V";"11";"V";"17";"V";"29";"V";"4";"V";"0";"N";"8";"V";"0";"N";"1";"V";"9";"V";"5";"V";"0";"N";"0";"N";"15";"V"
"28";"079";"38";"10";"28079038_10_47";"2025";"05";"04";"12";"V";"11";"V";"7";"V";"4";"V";"8";"V";"11";"V";"10";"V";"15";"V";"7";"V";"7";"V";"14";"V";"0";"N";"22";"V";"24";"V";"25";"V";"1";"V";"1";"V";"14";"V";"12";"V";"28";"V";"7";"V";"4";"V";"8";"V";"5";"V"
"28";"079";"38";"10";"28079038_10_47";"2025";"05";"05";"8";"V";"7";"V";"7";"V";"9";"V";"4";"V";"7";"V";"5";"V";"4";"V";"6";"V";"0";"N";"0";"N";"0";"N";"8";"V";"13";"V";"12";"V";"13";"V";"9";"V";"7";"V";"0";"N";"0";"N";"0";"N";"0";"N";"0";"N";"0";"N"
"28";"079";"38";"12";"28079038_12_8";"2025";"04";"28";"9";"V";"6";"V";"5";"V";"5";"V";"7";"V";"11";"V";"16";"V";"45";"V";"63";"V";"50";"V";"29";"V";"19";"V";"0";"N";"0";"N";"0";"N";"0";"N";"0";"N";"0";"N";"0";"N";"0";"N";"0";"N";"0";"N";"27";"V";"15";"V"
"28";"079";"38";"12";"28079038_12_8";"2025";"04";"29";"6";"V";"4";"V";"4";"V";"4";"V";"6";"V";"11";"V";"20";"V";"47";"V";"68";"V";"46";"V";"20";"V";"13";"V";"10";"V";"7";"V";"8";"V";"7";"V";"7";"V";"8";"V";"8";"V";"9";"V";"11";"V";"12";"V";"11";"V";"11";"V"
"28";"079";"38";"12";"28079038_12_8";"2025";"04";"30";"6";"V";"6";"V";"4";"V";"7";"V";"5";"V";"8";"V";"12";"V";"34";"V";"65";"V";"39";"V";"20";"V";"32";"V";"26";"V";"14";"V";"15";"V";"13";"V";"11";"V";"12";"V";"11";"V";"12";"V";"11";"V";"10";"V";"8";"V";"7";"V"
"28";"079";"38";"12";"28079038_12_8";"2025";"05";"01";"6";"V";"9";"V";"10";"V";"7";"V";"7";"V";"9";"V";"7";"V";"11";"V";"17";"V";"12";"V";"13";"V";"11";"V";"11";"V";"10";"V";"8";"V";"5";"V";"5";"V";"5";"V";"6";"V";"7";"V";"8";"V";"20";"V";"29";"V";"11";"V"
"28";"079";"38";"12";"28079038_12_8";"2025";"05";"02";"11";"V";"17";"V";"11";"V";"5";"V";"5";"V";"6";"V";"10";"V";"9";"V";"5";"V";"13";"V";"13";"V";"16";"V";"21";"V";"14";"V";"9";"V";"8";"V";"6";"V";"11";"V";"11";"V";"14";"V";"13";"V";"18";"V";"15";"V";"11";"V"
"28";"079";"38";"12";"28079038_12_8";"2025";"05";"03";"9";"V";"10";"V";"8";"V";"7";"V";"11";"V";"16";"V";"13";"V";"15";"V";"17";"V";"25";"V";"12";"V";"10";"V";"12";"V";"10";"V";"9";"V";"4";"V";"7";"V";"7";"V";"6";"V";"8";"V";"16";"V";"19";"V";"8";"V";"6";"V"
"28";"079";"38";"12";"28079038_12_8";"2025";"05";"04";"16";"V";"14";"V";"13";"V";"6";"V";"6";"V";"7";"V";"7";"V";"7";"V";"7";"V";"10";"V";"7";"V";"8";"V";"7";"V";"9";"V";"6";"V";"5";"V";"7";"V";"7";"V";"7";"V";"9";"V";"10";"V";"11";"V";"8";"V";"6";"V"
"28";"079";"38";"12";"28079038_12_8";"2025";"05";"05";"4";"V";"3";"V";"3";"V";"3";"V";"3";"V";"4";"V";"10";"V";"36";"V";"60";"V";"0";"N";"0";"N";"0";"N";"0";"N";"43";"V";"36";"V";"33";"V";"18";"V";"30";"V";"33";"V";"34";"V";"0";"N";"0";"N";"0";"N";"0";"N"
"28";"079";"38";"20";"28079038_20_59";"2025";"04";"28";"0.7";"V";"0.6";"V";"0.6";"V";"0.5";"V";"0.6";"V";"0.8";"V";"0.9";"V";"1.2";"V";"3.2";"V";"2.6";"V";"2.3";"V";"1.4";"V";"0";"N";"0";"N";"0";"N";"0";"N";"0";"N";"0";"N";"0";"N";"0";"N";"0";"N";"0";"N";"1.2";"V";"0.8";"V"
"28";"079";"38";"20";"28079038_20_59";"2025";"04";"29";"0.6";"V";"0.5";"V";"0.4";"V";"0.5";"V";"0.4";"V";"0.5";"V";"0.5";"V";"1";"V";"2.2";"V";"2.9";"V";"1.5";"V";"1";"V";"1.2";"V";"1";"V";"0.9";"V";"0.8";"V";"0.7";"V";"1.1";"V";"1.1";"V";"1.1";"V";"0.8";"V";"0.9";"V";"0.9";"V";"1.5";"V"
"28";"079";"38";"20";"28079038_20_59";"2025";"04";"30";"0.7";"V";"0.6";"V";"0.5";"V";"0.5";"V";"0.6";"V";"0.8";"V";"0.8";"V";"1.1";"V";"2.4";"V";"3.2";"V";"1.5";"V";"2.4";"V";"2.9";"V";"1.4";"V";"1.2";"V";"1.4";"V";"1.4";"V";"1.3";"V";"1.1";"V";"0.9";"V";"1.1";"V";"0.7";"V";"0.5";"V";"0.4";"V"
"28";"079";"38";"20";"28079038_20_59";"2025";"05";"01";"0.4";"V";"0.9";"V";"0.9";"V";"0.7";"V";"0.9";"V";"0.9";"V";"0.9";"V";"0.8";"V";"1";"V";"1.1";"V";"0.8";"V";"1.1";"V";"0.7";"V";"0.8";"V";"0.8";"V";"0.5";"V";"0.4";"V";"0.4";"V";"0.4";"V";"0.6";"V";"0.6";"V";"0.8";"V";"1.7";"V";"1.3";"V"
"28";"079";"38";"20";"28079038_20_59";"2025";"05";"02";"0.8";"V";"0.9";"V";"0.8";"V";"0.6";"V";"0.5";"V";"0.6";"V";"0.9";"V";"0.9";"V";"0.6";"V";"0.7";"V";"0";"N";"0.8";"V";"1.4";"V";"0.8";"V";"0.9";"V";"0.6";"V";"0.4";"V";"0.8";"V";"0.5";"V";"0.6";"V";"0.6";"V";"0.8";"V";"0.8";"V";"0.6";"V"
"28";"079";"38";"20";"28079038_20_59";"2025";"05";"03";"0.7";"V";"0.6";"V";"0.6";"V";"0.8";"V";"1";"V";"1";"V";"1";"V";"1.2";"V";"1.7";"V";"1.6";"V";"1.1";"V";"0.7";"V";"1.7";"V";"0.7";"V";"0.6";"V";"0.4";"V";"0.4";"V";"0.4";"V";"0.4";"V";"0.4";"V";"0.4";"V";"0.5";"V";"0.4";"V";"0.4";"V"
"28";"079";"38";"20";"28079038_20_59";"2025";"05";"04";"0.6";"V";"0.7";"V";"1.1";"V";"0.7";"V";"0.5";"V";"0.9";"V";"0.8";"V";"0.8";"V";"0.5";"V";"0.4";"V";"0.3";"V";"0.4";"V";"0.2";"V";"0.5";"V";"0.4";"V";"0.3";"V";"0.3";"V";"0.2";"V";"0.2";"V";"0.3";"V";"0.4";"V";"0.5";"V";"0.3";"V";"0.3";"V"
"28";"079";"38";"20";"28079038_20_59";"2025";"05";"05";"0.2";"V";"0.2";"V";"0.2";"V";"0.2";"V";"0.3";"V";"0.3";"V";"0.3";"V";"0.7";"V";"2.5";"V";"0";"N";"0";"N";"0";"N";"0";"N";"4.8";"V";"4.5";"V";"2.6";"V";"1.9";"V";"1.2";"V";"2";"V";"2.2";"V";"0";"N";"0";"N";"0";"N";"0";"N"
"28";"079";"38";"30";"28079038_30_59";"2025";"04";"28";"0.2";"V";"0.1";"V";"0.1";"V";"0.1";"V";"0.1";"V";"0.1";"V";"0.2";"V";"0.3";"V";"0.7";"V";"0.6";"V";"0.4";"V";"0.2";"V";"0";"N";"0";"N";"0";"N";"0";"N";"0";"N";"0";"N";"0";"N";"0";"N";"0";"N";"0";"N";"0.3";"V";"0.2";"V"
"28";"079";"38";"30";"28079038_30_59";"2025";"04";"29";"0.1";"V";"0.1";"V";"0.1";"V";"0.1";"V";"0.1";"V";"0.1";"V";"0.1";"V";"0.2";"V";"0.5";"V";"0.6";"V";"0.3";"V";"0.2";"V";"0.2";"V";"0.2";"V";"0.2";"V";"0.2";"V";"0.2";"V";"0.2";"V";"0.2";"V";"0.2";"V";"0.2";"V";"0.2";"V";"0.2";"V";"0.2";"V"
"28";"079";"38";"30";"28079038_30_59";"2025";"04";"30";"0.2";"V";"0.1";"V";"0.1";"V";"0.1";"V";"0.1";"V";"0.1";"V";"0.1";"V";"0.2";"V";"0.5";"V";"0.6";"V";"0.3";"V";"0.3";"V";"0.4";"V";"0.2";"V";"0.2";"V";"0.3";"V";"0.2";"V";"0.2";"V";"0.2";"V";"0.2";"V";"0.2";"V";"0.2";"V";"0.1";"V";"0.1";"V"
"28";"079";"38";"30";"28079038_30_59";"2025";"05";"01";"0.1";"V";"0.2";"V";"0.2";"V";"0.1";"V";"0.1";"V";"0.1";"V";"0.1";"V";"0.1";"V";"0.2";"V";"0.2";"V";"0.2";"V";"0.2";"V";"0.2";"V";"0.2";"V";"0.2";"V";"0.2";"V";"0.1";"V";"0.1";"V";"0.1";"V";"0.2";"V";"0.2";"V";"0.2";"V";"0.4";"V";"0.3";"V"
"28";"079";"38";"30";"28079038_30_59";"2025";"05";"02";"0.2";"V";"0.2";"V";"0.2";"V";"0.1";"V";"0.1";"V";"0.1";"V";"0.2";"V";"0.1";"V";"0.1";"V";"0.2";"V";"0";"N";"0.2";"V";"0.3";"V";"0.2";"V";"0.2";"V";"0.1";"V";"0.1";"V";"0.2";"V";"0.1";"V";"0.1";"V";"0.1";"V";"0.2";"V";"0.2";"V";"0.1";"V"
"28";"079";"38";"30";"28079038_30_59";"2025";"05";"03";"0.2";"V";"0.1";"V";"0.1";"V";"0.1";"V";"0.1";"V";"0.2";"V";"0.2";"V";"0.2";"V";"0.2";"V";"0.2";"V";"0.4";"V";"0.1";"V";"0.3";"V";"0.2";"V";"0.2";"V";"0.1";"V";"0.1";"V";"0.1";"V";"0.1";"V";"0.1";"V";"0.1";"V";"0.1";"V";"0.1";"V";"0.1";"V"
"28";"079";"38";"30";"28079038_30_59";"2025";"05";"04";"0.1";"V";"0.1";"V";"0.2";"V";"0.1";"V";"0.1";"V";"0.1";"V";"0.1";"V";"0.1";"V";"0.1";"V";"0.1";"V";"0.1";"V";"0.1";"V";"0.1";"V";"0.1";"V";"0.1";"V";"0.1";"V";"0.1";"V";"0.1";"V";"0.1";"V";"0.1";"V";"0.1";"V";"0.1";"V";"0.1";"V";"0.1";"V"
"28";"079";"38";"30";"28079038_30_59";"2025";"05";"05";"0.1";"V";"0.1";"V";"0.1";"V";"0.1";"V";"0.1";"V";"0.1";"V";"0.1";"V";"0.2";"V";"0.5";"V";"0";"N";"0";"N";"0";"N";"0";"N";"0.6";"V";"0.5";"V";"0.4";"V";"0.3";"V";"0.2";"V";"0.3";"V";"0.3";"V";"0";"N";"0";"N";"0";"N";"0";"N"
"28";"079";"38";"35";"28079038_35_59";"2025";"04";"28";"0.1";"V";"0";"V";"0";"V";"0";"V";"0";"V";"0";"V";"0.1";"V";"0.2";"V";"0.4";"V";"0.4";"V";"0.3";"V";"0.2";"V";"0";"N";"0";"N";"0";"N";"0";"N";"0";"N";"0";"N";"0";"N";"0";"N";"0";"N";"0";"N";"0.3";"V";"0.2";"V"
"28";"079";"38";"35";"28079038_35_59";"2025";"04";"29";"0";"V";"0";"V";"0";"V";"0";"V";"0";"V";"0";"V";"0";"V";"0.1";"V";"0.3";"V";"0.5";"V";"0.3";"V";"0.2";"V";"0.1";"V";"0.1";"V";"0.1";"V";"0.1";"V";"0";"V";"0.2";"V";"0.2";"V";"0.2";"V";"0.1";"V";"0.1";"V";"0.1";"V";"0.2";"V"
"28";"079";"38";"35";"28079038_35_59";"2025";"04";"30";"0.1";"V";"0";"V";"0";"V";"0";"V";"0";"V";"0";"V";"0.1";"V";"0.1";"V";"0.3";"V";"0.5";"V";"0.2";"V";"0.3";"V";"0.3";"V";"0.2";"V";"0.2";"V";"0.2";"V";"0.2";"V";"0.2";"V";"0.1";"V";"0.1";"V";"0.2";"V";"0.1";"V";"0";"V";"0";"V"
"28";"079";"38";"35";"28079038_35_59";"2025";"05";"01";"0";"V";"0.1";"V";"0.1";"V";"0.1";"V";"0.1";"V";"0.1";"V";"0.1";"V";"0.1";"V";"0.2";"V";"0.2";"V";"0.1";"V";"0.1";"V";"0.1";"V";"0.1";"V";"0.1";"V";"0";"V";"0";"V";"0";"V";"0";"V";"0.1";"V";"0";"V";"0.1";"V";"0.3";"V";"0.2";"V"
"28";"079";"38";"35";"28079038_35_59";"2025";"05";"02";"0.1";"V";"0.1";"V";"0.1";"V";"0.1";"V";"0";"V";"0.1";"V";"0.1";"V";"0.1";"V";"0.1";"V";"0.2";"V";"0";"N";"0.2";"V";"0.3";"V";"0.1";"V";"0.1";"V";"0.1";"V";"0";"V";"0.1";"V";"0";"V";"0.1";"V";"0.1";"V";"0.1";"V";"0.2";"V";"0.1";"V"
"28";"079";"38";"35";"28079038_35_59";"2025";"05";"03";"0.1";"V";"0.1";"V";"0.1";"V";"0.1";"V";"0.1";"V";"0.2";"V";"0.2";"V";"0.2";"V";"0.2";"V";"0.2";"V";"0.1";"V";"0";"V";"0.2";"V";"0.1";"V";"0.1";"V";"0";"V";"0";"V";"0";"V";"0";"V";"0";"V";"0.1";"V";"0.1";"V";"0";"V";"0";"V"
"28";"079";"38";"35";"28079038_35_59";"2025";"05";"04";"0.1";"V";"0.1";"V";"0.1";"V";"0.1";"V";"0";"V";"0.1";"V";"0.1";"V";"0.1";"V";"0";"V";"0";"V";"0";"V";"0";"V";"0";"V";"0";"V";"0";"V";"0";"V";"0";"V";"0";"V";"0";"V";"0";"V";"0";"V";"0.1";"V";"0";"V";"0";"V"
"28";"079";"38";"35";"28079038_35_59";"2025";"05";"05";"0";"V";"0";"V";"0";"V";"0";"V";"0";"V";"0";"V";"0";"V";"0.1";"V";"0.4";"V";"0";"N";"0";"N";"0";"N";"0";"N";"1.1";"V";"0.8";"V";"0.6";"V";"0.4";"V";"0.3";"V";"0.4";"V";"0.4";"V";"0";"N";"0";"N";"0";"N";"0";"N"
"28";"079";"38";"7";"28079038_7_8";"2025";"04";"28";"0";"V";"0";"V";"0";"V";"0";"V";"0";"V";"1";"V";"0";"V";"8";"V";"17";"V";"15";"V";"7";"V";"4";"V";"0";"N";"0";"N";"0";"N";"0";"N";"0";"N";"0";"N";"0";"N";"0";"N";"0";"N";"0";"N";"0";"V";"0";"V"
"28";"079";"38";"7";"28079038_7_8";"2025";"04";"29";"0";"V";"0";"V";"0";"V";"0";"V";"0";"V";"0";"V";"0";"V";"3";"V";"13";"V";"10";"V";"4";"V";"2";"V";"1";"V";"1";"V";"1";"V";"0";"V";"0";"V";"1";"V";"0";"V";"0";"V";"0";"V";"0";"V";"0";"V";"0";"V"
"28";"079";"38";"7";"28079038_7_8";"2025";"04";"30";"0";"V";"0";"V";"0";"V";"1";"V";"0";"V";"0";"V";"0";"V";"4";"V";"15";"V";"9";"V";"3";"V";"6";"V";"7";"V";"2";"V";"2";"V";"1";"V";"1";"V";"1";"V";"0";"V";"0";"V";"0";"V";"0";"V";"0";"V";"0";"V"
"28";"079";"38";"7";"28079038_7_8";"2025";"05";"01";"0";"V";"0";"V";"0";"V";"0";"V";"0";"V";"0";"V";"0";"V";"0";"V";"1";"V";"0";"V";"1";"V";"1";"V";"1";"V";"1";"V";"1";"V";"0";"V";"0";"V";"0";"V";"0";"V";"0";"V";"0";"V";"2";"V";"1";"V";"0";"V"
"28";"079";"38";"7";"28079038_7_8";"2025";"05";"02";"0";"V";"0";"V";"0";"V";"0";"V";"0";"V";"0";"V";"0";"V";"0";"V";"0";"V";"3";"V";"1";"V";"2";"V";"4";"V";"2";"V";"1";"V";"0";"V";"0";"V";"1";"V";"1";"V";"2";"V";"1";"V";"0";"V";"0";"V";"0";"V"
"28";"079";"38";"7";"28079038_7_8";"2025";"05";"03";"0";"V";"0";"V";"0";"V";"0";"V";"0";"V";"0";"V";"0";"V";"0";"V";"1";"V";"4";"V";"2";"V";"1";"V";"1";"V";"2";"V";"1";"V";"0";"V";"1";"V";"1";"V";"0";"V";"1";"V";"2";"V";"4";"V";"0";"V";"0";"V"
"28";"079";"38";"7";"28079038_7_8";"2025";"05";"04";"2";"V";"0";"V";"0";"V";"0";"V";"0";"V";"1";"V";"0";"V";"0";"V";"0";"V";"2";"V";"1";"V";"1";"V";"1";"V";"2";"V";"1";"V";"0";"V";"1";"V";"1";"V";"1";"V";"2";"V";"2";"V";"1";"V";"0";"V";"0";"V"
"28";"079";"38";"7";"28079038_7_8";"2025";"05";"05";"0";"V";"0";"V";"0";"V";"0";"V";"0";"V";"0";"V";"1";"V";"8";"V";"19";"V";"0";"N";"0";"N";"0";"N";"0";"N";"13";"V";"8";"V";"7";"V";"4";"V";"5";"V";"5";"V";"3";"V";"0";"N";"0";"N";"0";"N";"0";"N"
"28";"079";"38";"8";"28079038_8_8";"2025";"04";"28";"9";"V";"6";"V";"5";"V";"5";"V";"7";"V";"10";"V";"16";"V";"32";"V";"38";"V";"28";"V";"18";"V";"13";"V";"0";"N";"0";"N";"0";"N";"0";"N";"0";"N";"0";"N";"0";"N";"0";"N";"0";"N";"0";"N";"27";"V";"15";"V"
"28";"079";"38";"8";"28079038_8_8";"2025";"04";"29";"6";"V";"4";"V";"4";"V";"4";"V";"6";"V";"11";"V";"20";"V";"43";"V";"47";"V";"31";"V";"14";"V";"10";"V";"8";"V";"7";"V";"7";"V";"6";"V";"7";"V";"7";"V";"8";"V";"8";"V";"11";"V";"12";"V";"11";"V";"11";"V"
"28";"079";"38";"8";"28079038_8_8";"2025";"04";"30";"6";"V";"6";"V";"4";"V";"4";"V";"5";"V";"7";"V";"11";"V";"28";"V";"42";"V";"25";"V";"15";"V";"22";"V";"15";"V";"10";"V";"12";"V";"12";"V";"10";"V";"11";"V";"11";"V";"12";"V";"11";"V";"10";"V";"8";"V";"7";"V"
"28";"079";"38";"8";"28079038_8_8";"2025";"05";"01";"6";"V";"9";"V";"10";"V";"7";"V";"7";"V";"9";"V";"7";"V";"11";"V";"15";"V";"11";"V";"12";"V";"9";"V";"10";"V";"9";"V";"7";"V";"5";"V";"5";"V";"5";"V";"6";"V";"7";"V";"7";"V";"17";"V";"28";"V";"11";"V"
"28";"079";"38";"8";"28079038_8_8";"2025";"05";"02";"10";"V";"17";"V";"11";"V";"5";"V";"5";"V";"6";"V";"10";"V";"9";"V";"5";"V";"9";"V";"12";"V";"14";"V";"16";"V";"11";"V";"8";"V";"7";"V";"6";"V";"10";"V";"9";"V";"11";"V";"12";"V";"17";"V";"14";"V";"10";"V"
"28";"079";"38";"8";"28079038_8_8";"2025";"05";"03";"9";"V";"10";"V";"8";"V";"7";"V";"11";"V";"16";"V";"13";"V";"15";"V";"15";"V";"19";"V";"9";"V";"9";"V";"9";"V";"8";"V";"7";"V";"4";"V";"5";"V";"6";"V";"6";"V";"7";"V";"13";"V";"12";"V";"7";"V";"6";"V"
"28";"079";"38";"8";"28079038_8_8";"2025";"05";"04";"14";"V";"14";"V";"13";"V";"6";"V";"6";"V";"7";"V";"7";"V";"7";"V";"6";"V";"7";"V";"6";"V";"6";"V";"5";"V";"6";"V";"5";"V";"5";"V";"5";"V";"5";"V";"6";"V";"6";"V";"8";"V";"9";"V";"8";"V";"6";"V"
"28";"079";"38";"8";"28079038_8_8";"2025";"05";"05";"4";"V";"3";"V";"3";"V";"3";"V";"3";"V";"4";"V";"9";"V";"24";"V";"30";"V";"0";"N";"0";"N";"0";"N";"0";"N";"24";"V";"24";"V";"22";"V";"13";"V";"22";"V";"25";"V";"28";"V";"0";"N";"0";"N";"0";"N";"0";"N"
"28";"079";"38";"9";"28079038_9_47";"2025";"04";"28";"3";"V";"2";"V";"1";"V";"3";"V";"4";"V";"4";"V";"3";"V";"5";"V";"7";"V";"4";"V";"0";"N";"3";"V";"0";"N";"0";"N";"0";"N";"0";"N";"0";"N";"0";"N";"0";"N";"0";"N";"0";"N";"0";"N";"0";"N";"4";"V"
"28";"079";"38";"9";"28079038_9_47";"2025";"04";"29";"4";"V";"2";"V";"4";"V";"5";"V";"3";"V";"4";"V";"4";"V";"4";"V";"4";"V";"6";"V";"6";"V";"5";"V";"4";"V";"4";"V";"4";"V";"8";"V";"3";"V";"2";"V";"2";"V";"5";"V";"6";"V";"3";"V";"4";"V";"5";"V"
"28";"079";"38";"9";"28079038_9_47";"2025";"04";"30";"4";"V";"5";"V";"5";"V";"5";"V";"3";"V";"3";"V";"4";"V";"4";"V";"6";"V";"6";"V";"9";"V";"4";"V";"3";"V";"3";"V";"6";"V";"9";"V";"11";"V";"10";"V";"12";"V";"10";"V";"12";"V";"7";"V";"5";"V";"0";"N"
"28";"079";"38";"9";"28079038_9_47";"2025";"05";"01";"6";"V";"2";"V";"9";"V";"12";"V";"3";"V";"1";"V";"2";"V";"2";"V";"0";"N";"6";"V";"0";"N";"5";"V";"6";"V";"10";"V";"10";"V";"7";"V";"5";"V";"5";"V";"16";"V";"12";"V";"5";"V";"6";"V";"13";"V";"15";"V"
"28";"079";"38";"9";"28079038_9_47";"2025";"05";"02";"12";"V";"8";"V";"10";"V";"10";"V";"7";"V";"3";"V";"3";"V";"12";"V";"23";"V";"7";"V";"0";"N";"8";"V";"2";"V";"1";"V";"4";"V";"5";"V";"9";"V";"10";"V";"1";"V";"6";"V";"3";"V";"5";"V";"7";"V";"5";"V"
"28";"079";"38";"9";"28079038_9_47";"2025";"05";"03";"1";"V";"1";"V";"3";"V";"3";"V";"5";"V";"4";"V";"3";"V";"4";"V";"4";"V";"3";"V";"5";"V";"1";"V";"3";"V";"4";"V";"2";"V";"0";"N";"1";"V";"0";"N";"1";"V";"4";"V";"1";"V";"0";"N";"0";"N";"2";"V"
"28";"079";"38";"9";"28079038_9_47";"2025";"05";"04";"4";"V";"4";"V";"4";"V";"2";"V";"2";"V";"3";"V";"2";"V";"5";"V";"3";"V";"3";"V";"4";"V";"0";"N";"3";"V";"5";"V";"4";"V";"1";"V";"1";"V";"3";"V";"6";"V";"4";"V";"4";"V";"3";"V";"5";"V";"2";"V"
"28";"079";"38";"9";"28079038_9_47";"2025";"05";"05";"2";"V";"1";"V";"2";"V";"1";"V";"1";"V";"3";"V";"1";"V";"1";"V";"3";"V";"0";"N";"0";"N";"0";"N";"2";"V";"5";"V";"5";"V";"4";"V";"2";"V";"1";"V";"0";"N";"0";"N";"0";"N";"0";"N";"0";"N";"0";"N"
"28";"079";"39";"12";"28079039_12_8";"2025";"04";"28";"7";"V";"4";"V";"4";"V";"4";"V";"4";"V";"6";"V";"17";"V";"37";"V";"53";"V";"32";"V";"17";"V";"17";"V";"0";"N";"0";"N";"0";"N";"0";"N";"0";"N";"0";"N";"0";"N";"0";"N";"0";"N";"0";"N";"41";"V";"11";"V"
"28";"079";"39";"12";"28079039_12_8";"2025";"04";"29";"6";"V";"3";"V";"3";"V";"3";"V";"4";"V";"7";"V";"18";"V";"37";"V";"43";"V";"23";"V";"13";"V";"14";"V";"8";"V";"0";"N";"0";"N";"8";"V";"9";"V";"10";"V";"9";"V";"12";"V";"12";"V";"12";"V";"10";"V";"8";"V"
"28";"079";"39";"12";"28079039_12_8";"2025";"04";"30";"5";"V";"6";"V";"4";"V";"5";"V";"8";"V";"8";"V";"18";"V";"37";"V";"51";"V";"21";"V";"14";"V";"16";"V";"12";"V";"16";"V";"12";"V";"17";"V";"16";"V";"13";"V";"11";"V";"15";"V";"13";"V";"11";"V";"10";"V";"7";"V"
"28";"079";"39";"12";"28079039_12_8";"2025";"05";"01";"7";"V";"6";"V";"5";"V";"7";"V";"8";"V";"7";"V";"6";"V";"11";"V";"17";"V";"16";"V";"19";"V";"17";"V";"16";"V";"22";"V";"19";"V";"6";"V";"5";"V";"7";"V";"8";"V";"8";"V";"8";"V";"28";"V";"44";"V";"26";"V"
"28";"079";"39";"12";"28079039_12_8";"2025";"05";"02";"18";"V";"30";"V";"11";"V";"5";"V";"3";"V";"4";"V";"7";"V";"8";"V";"5";"V";"5";"V";"11";"V";"20";"V";"18";"V";"9";"V";"8";"V";"11";"V";"8";"V";"9";"V";"9";"V";"12";"V";"14";"V";"22";"V";"20";"V";"12";"V"
"28";"079";"39";"12";"28079039_12_8";"2025";"05";"03";"14";"V";"11";"V";"16";"V";"12";"V";"6";"V";"10";"V";"14";"V";"13";"V";"14";"V";"18";"V";"13";"V";"15";"V";"12";"V";"11";"V";"8";"V";"6";"V";"5";"V";"7";"V";"7";"V";"9";"V";"15";"V";"13";"V";"11";"V";"8";"V"
"28";"079";"39";"12";"28079039_12_8";"2025";"05";"04";"7";"V";"9";"V";"12";"V";"12";"V";"5";"V";"5";"V";"6";"V";"7";"V";"6";"V";"9";"V";"8";"V";"9";"V";"8";"V";"11";"V";"10";"V";"6";"V";"6";"V";"7";"V";"7";"V";"9";"V";"12";"V";"13";"V";"10";"V";"8";"V"
"28";"079";"39";"12";"28079039_12_8";"2025";"05";"05";"7";"V";"4";"V";"2";"V";"2";"V";"3";"V";"3";"V";"8";"V";"27";"V";"41";"V";"42";"V";"25";"V";"16";"V";"19";"V";"19";"V";"26";"V";"23";"V";"20";"V";"20";"V";"35";"V";"34";"V";"0";"N";"0";"N";"0";"N";"0";"N"
"28";"079";"39";"14";"28079039_14_6";"2025";"04";"28";"77";"V";"78";"V";"78";"V";"76";"V";"74";"V";"74";"V";"61";"V";"38";"V";"28";"V";"49";"V";"68";"V";"75";"V";"0";"N";"0";"N";"0";"N";"0";"N";"0";"N";"0";"N";"0";"N";"0";"N";"0";"N";"0";"N";"54";"V";"83";"V"
"28";"079";"39";"14";"28079039_14_6";"2025";"04";"29";"89";"V";"89";"V";"89";"V";"88";"V";"86";"V";"82";"V";"68";"V";"46";"V";"48";"V";"76";"V";"82";"V";"87";"V";"95";"V";"98";"V";"0";"N";"97";"V";"98";"V";"100";"V";"103";"V";"103";"V";"99";"V";"92";"V";"94";"V";"94";"V"
"28";"079";"39";"14";"28079039_14_6";"2025";"04";"30";"94";"V";"88";"V";"90";"V";"87";"V";"80";"V";"78";"V";"62";"V";"48";"V";"44";"V";"75";"V";"80";"V";"78";"V";"82";"V";"84";"V";"86";"V";"80";"V";"92";"V";"96";"V";"93";"V";"88";"V";"90";"V";"93";"V";"87";"V";"82";"V"
"28";"079";"39";"14";"28079039_14_6";"2025";"05";"01";"76";"V";"69";"V";"78";"V";"79";"V";"77";"V";"70";"V";"72";"V";"60";"V";"46";"V";"59";"V";"55";"V";"63";"V";"70";"V";"57";"V";"70";"V";"96";"V";"98";"V";"97";"V";"95";"V";"89";"V";"85";"V";"57";"V";"38";"V";"60";"V"
"28";"079";"39";"14";"28079039_14_6";"2025";"05";"02";"62";"V";"41";"V";"72";"V";"83";"V";"79";"V";"71";"V";"59";"V";"70";"V";"84";"V";"82";"V";"69";"V";"67";"V";"88";"V";"107";"V";"115";"V";"112";"V";"110";"V";"96";"V";"87";"V";"74";"V";"64";"V";"57";"V";"57";"V";"71";"V"
"28";"079";"39";"14";"28079039_14_6";"2025";"05";"03";"63";"V";"63";"V";"41";"V";"46";"V";"61";"V";"64";"V";"57";"V";"59";"V";"65";"V";"73";"V";"81";"V";"81";"V";"86";"V";"91";"V";"93";"V";"99";"V";"100";"V";"99";"V";"98";"V";"94";"V";"82";"V";"78";"V";"79";"V";"83";"V"
"28";"079";"39";"14";"28079039_14_6";"2025";"05";"04";"81";"V";"76";"V";"66";"V";"56";"V";"60";"V";"58";"V";"60";"V";"61";"V";"61";"V";"68";"V";"77";"V";"82";"V";"86";"V";"83";"V";"84";"V";"85";"V";"81";"V";"85";"V";"83";"V";"80";"V";"75";"V";"71";"V";"70";"V";"71";"V"
"28";"079";"39";"14";"28079039_14_6";"2025";"05";"05";"68";"V";"66";"V";"62";"V";"59";"V";"54";"V";"51";"V";"45";"V";"31";"V";"25";"V";"27";"V";"44";"V";"59";"V";"64";"V";"65";"V";"67";"V";"72";"V";"75";"V";"66";"V";"59";"V";"57";"V";"0";"N";"0";"N";"0";"N";"0";"N"
"28";"079";"39";"7";"28079039_7_8";"2025";"04";"28";"0";"V";"0";"V";"0";"V";"0";"V";"0";"V";"0";"V";"0";"V";"2";"V";"8";"V";"6";"V";"3";"V";"3";"V";"0";"N";"0";"N";"0";"N";"0";"N";"0";"N";"0";"N";"0";"N";"0";"N";"0";"N";"0";"N";"1";"V";"0";"V"
"28";"079";"39";"7";"28079039_7_8";"2025";"04";"29";"0";"V";"0";"V";"0";"V";"0";"V";"0";"V";"0";"V";"0";"V";"1";"V";"4";"V";"3";"V";"2";"V";"2";"V";"1";"V";"0";"N";"0";"N";"1";"V";"2";"V";"1";"V";"1";"V";"1";"V";"1";"V";"1";"V";"0";"V";"0";"V"
"28";"079";"39";"7";"28079039_7_8";"2025";"04";"30";"0";"V";"0";"V";"0";"V";"0";"V";"0";"V";"0";"V";"0";"V";"1";"V";"6";"V";"3";"V";"2";"V";"2";"V";"2";"V";"3";"V";"1";"V";"1";"V";"2";"V";"2";"V";"1";"V";"1";"V";"1";"V";"1";"V";"1";"V";"0";"V"
"28";"079";"39";"7";"28079039_7_8";"2025";"05";"01";"0";"V";"0";"V";"0";"V";"0";"V";"0";"V";"0";"V";"0";"V";"1";"V";"1";"V";"1";"V";"2";"V";"2";"V";"2";"V";"3";"V";"3";"V";"1";"V";"1";"V";"1";"V";"1";"V";"1";"V";"0";"V";"0";"V";"0";"V";"1";"V"
"28";"079";"39";"7";"28079039_7_8";"2025";"05";"02";"0";"V";"0";"V";"0";"V";"0";"V";"0";"V";"0";"V";"0";"V";"1";"V";"1";"V";"0";"V";"1";"V";"2";"V";"2";"V";"1";"V";"1";"V";"1";"V";"1";"V";"1";"V";"1";"V";"1";"V";"1";"V";"0";"V";"0";"V";"0";"V"
"28";"079";"39";"7";"28079039_7_8";"2025";"05";"03";"0";"V";"0";"V";"0";"V";"0";"V";"0";"V";"0";"V";"0";"V";"0";"V";"1";"V";"2";"V";"2";"V";"2";"V";"2";"V";"1";"V";"1";"V";"1";"V";"1";"V";"1";"V";"1";"V";"1";"V";"1";"V";"0";"V";"1";"V";"0";"V"
"28";"079";"39";"7";"28079039_7_8";"2025";"05";"04";"0";"V";"0";"V";"0";"V";"0";"V";"0";"V";"0";"V";"0";"V";"1";"V";"1";"V";"1";"V";"1";"V";"2";"V";"1";"V";"2";"V";"2";"V";"1";"V";"1";"V";"1";"V";"1";"V";"1";"V";"1";"V";"1";"V";"1";"V";"1";"V"
"28";"079";"39";"7";"28079039_7_8";"2025";"05";"05";"1";"V";"0";"V";"0";"V";"0";"V";"0";"V";"0";"V";"1";"V";"4";"V";"8";"V";"10";"V";"5";"V";"3";"V";"3";"V";"3";"V";"5";"V";"4";"V";"3";"V";"1";"V";"5";"V";"2";"V";"0";"N";"0";"N";"0";"N";"0";"N"
"28";"079";"39";"8";"28079039_8_8";"2025";"04";"28";"7";"V";"4";"V";"4";"V";"3";"V";"4";"V";"5";"V";"16";"V";"34";"V";"41";"V";"24";"V";"13";"V";"13";"V";"0";"N";"0";"N";"0";"N";"0";"N";"0";"N";"0";"N";"0";"N";"0";"N";"0";"N";"0";"N";"41";"V";"11";"V"
"28";"079";"39";"8";"28079039_8_8";"2025";"04";"29";"5";"V";"3";"V";"3";"V";"3";"V";"4";"V";"7";"V";"18";"V";"35";"V";"36";"V";"18";"V";"10";"V";"10";"V";"6";"V";"0";"N";"0";"N";"5";"V";"7";"V";"8";"V";"7";"V";"10";"V";"11";"V";"12";"V";"10";"V";"8";"V"
"28";"079";"39";"8";"28079039_8_8";"2025";"04";"30";"4";"V";"6";"V";"4";"V";"5";"V";"7";"V";"8";"V";"17";"V";"35";"V";"41";"V";"15";"V";"12";"V";"13";"V";"9";"V";"12";"V";"10";"V";"15";"V";"13";"V";"11";"V";"10";"V";"13";"V";"12";"V";"10";"V";"8";"V";"6";"V"
"28";"079";"39";"8";"28079039_8_8";"2025";"05";"01";"6";"V";"6";"V";"5";"V";"7";"V";"8";"V";"7";"V";"6";"V";"10";"V";"15";"V";"14";"V";"16";"V";"14";"V";"13";"V";"17";"V";"15";"V";"4";"V";"4";"V";"6";"V";"6";"V";"7";"V";"7";"V";"27";"V";"44";"V";"25";"V"
"28";"079";"39";"8";"28079039_8_8";"2025";"05";"02";"18";"V";"30";"V";"11";"V";"4";"V";"3";"V";"4";"V";"7";"V";"7";"V";"4";"V";"4";"V";"10";"V";"18";"V";"14";"V";"7";"V";"7";"V";"9";"V";"7";"V";"8";"V";"8";"V";"11";"V";"13";"V";"21";"V";"19";"V";"12";"V"
"28";"079";"39";"8";"28079039_8_8";"2025";"05";"03";"14";"V";"10";"V";"16";"V";"11";"V";"6";"V";"9";"V";"13";"V";"12";"V";"13";"V";"14";"V";"10";"V";"12";"V";"10";"V";"9";"V";"6";"V";"5";"V";"4";"V";"5";"V";"5";"V";"7";"V";"14";"V";"13";"V";"10";"V";"8";"V"
"28";"079";"39";"8";"28079039_8_8";"2025";"05";"04";"7";"V";"8";"V";"12";"V";"12";"V";"4";"V";"5";"V";"5";"V";"6";"V";"5";"V";"7";"V";"6";"V";"7";"V";"5";"V";"7";"V";"7";"V";"4";"V";"4";"V";"4";"V";"5";"V";"7";"V";"10";"V";"12";"V";"9";"V";"7";"V"
"28";"079";"39";"8";"28079039_8_8";"2025";"05";"05";"6";"V";"3";"V";"2";"V";"1";"V";"2";"V";"3";"V";"7";"V";"20";"V";"28";"V";"27";"V";"18";"V";"11";"V";"15";"V";"15";"V";"18";"V";"17";"V";"15";"V";"18";"V";"28";"V";"31";"V";"0";"N";"0";"N";"0";"N";"0";"N"
"28";"079";"4";"10";"28079004_10_A";"2025";"04";"28";"5";"V";"5";"V";"4";"V";"4";"V";"5";"V";"4";"V";"5";"V";"6";"V";"0";"N";"0";"N";"0";"N";"0";"N";"0";"N";"0";"N";"0";"N";"0";"N";"0";"N";"0";"N";"0";"N";"0";"N";"0";"N";"0";"N";"0";"N";"0";"N"
"28";"079";"4";"10";"28079004_10_A";"2025";"04";"29";"9";"V";"10";"V";"9";"V";"7";"V";"5";"V";"4";"V";"5";"V";"14";"V";"15";"V";"25";"V";"19";"V";"23";"V";"0";"N";"0";"N";"27";"V";"24";"V";"24";"V";"24";"V";"20";"V";"17";"V";"18";"V";"18";"V";"15";"V";"12";"V"
"28";"079";"4";"10";"28079004_10_A";"2025";"04";"30";"10";"V";"8";"V";"7";"V";"7";"V";"6";"V";"6";"V";"6";"V";"8";"V";"0";"N";"0";"N";"25";"V";"19";"V";"25";"V";"25";"V";"20";"V";"35";"V";"49";"V";"47";"V";"47";"V";"42";"V";"39";"V";"32";"V";"24";"V";"6";"V"
"28";"079";"4";"10";"28079004_10_A";"2025";"05";"01";"5";"V";"6";"V";"8";"V";"8";"V";"6";"V";"6";"V";"9";"V";"0";"N";"0";"N";"26";"V";"21";"V";"0";"N";"44";"V";"45";"V";"39";"V";"42";"V";"41";"V";"42";"V";"36";"V";"37";"V";"42";"V";"52";"V";"55";"V";"42";"V"
"28";"079";"4";"10";"28079004_10_A";"2025";"05";"02";"37";"V";"34";"V";"33";"V";"29";"V";"21";"V";"25";"V";"25";"V";"21";"V";"13";"V";"0";"N";"9";"V";"25";"V";"7";"V";"10";"V";"8";"V";"7";"V";"8";"V";"10";"V";"6";"V";"7";"V";"12";"V";"18";"V";"17";"V";"15";"V"
"28";"079";"4";"10";"28079004_10_A";"2025";"05";"03";"9";"V";"10";"V";"9";"V";"8";"V";"9";"V";"12";"V";"11";"V";"12";"V";"15";"V";"15";"V";"12";"V";"6";"V";"10";"V";"11";"V";"11";"V";"7";"V";"7";"V";"6";"V";"6";"V";"8";"V";"0";"N";"14";"V";"11";"V";"9";"V"
"28";"079";"4";"10";"28079004_10_A";"2025";"05";"04";"6";"V";"6";"V";"8";"V";"5";"V";"6";"V";"6";"V";"9";"V";"8";"V";"6";"V";"4";"V";"3";"V";"5";"V";"6";"V";"6";"V";"6";"V";"9";"V";"8";"V";"7";"V";"7";"V";"4";"V";"6";"V";"7";"V";"5";"V";"4";"V"
"28";"079";"4";"10";"28079004_10_A";"2025";"05";"05";"3";"V";"2";"V";"3";"V";"3";"V";"4";"V";"3";"V";"3";"V";"5";"V";"12";"V";"13";"V";"13";"V";"33";"V";"18";"V";"13";"V";"12";"V";"14";"V";"9";"V";"11";"V";"16";"V";"8";"V";"0";"N";"0";"N";"0";"N";"0";"N"
"28";"079";"4";"12";"28079004_12_8";"2025";"04";"28";"7";"V";"5";"V";"4";"V";"3";"V";"4";"V";"6";"V";"10";"V";"21";"V";"34";"V";"33";"V";"33";"V";"26";"V";"0";"N";"0";"N";"0";"N";"0";"N";"0";"N";"0";"N";"0";"N";"0";"N";"0";"N";"0";"N";"0";"N";"16";"V"
"28";"079";"4";"12";"28079004_12_8";"2025";"04";"29";"8";"V";"6";"V";"6";"V";"8";"V";"4";"V";"5";"V";"8";"V";"19";"V";"29";"V";"20";"V";"18";"V";"15";"V";"0";"N";"0";"N";"11";"V";"7";"V";"9";"V";"8";"V";"12";"V";"9";"V";"12";"V";"13";"V";"12";"V";"14";"V"
"28";"079";"4";"12";"28079004_12_8";"2025";"04";"30";"8";"V";"7";"V";"5";"V";"4";"V";"4";"V";"5";"V";"9";"V";"22";"V";"35";"V";"22";"V";"25";"V";"21";"V";"21";"V";"16";"V";"11";"V";"15";"V";"13";"V";"14";"V";"13";"V";"14";"V";"12";"V";"12";"V";"7";"V";"6";"V"
"28";"079";"4";"12";"28079004_12_8";"2025";"05";"01";"7";"V";"13";"V";"9";"V";"8";"V";"7";"V";"7";"V";"10";"V";"13";"V";"17";"V";"18";"V";"15";"V";"8";"V";"8";"V";"8";"V";"8";"V";"6";"V";"5";"V";"6";"V";"9";"V";"9";"V";"12";"V";"26";"V";"28";"V";"14";"V"
"28";"079";"4";"12";"28079004_12_8";"2025";"05";"02";"14";"V";"11";"V";"8";"V";"7";"V";"6";"V";"7";"V";"13";"V";"11";"V";"4";"V";"8";"V";"14";"V";"21";"V";"12";"V";"7";"V";"7";"V";"7";"V";"6";"V";"10";"V";"12";"V";"10";"V";"15";"V";"30";"V";"35";"V";"16";"V"
"28";"079";"4";"12";"28079004_12_8";"2025";"05";"03";"14";"V";"22";"V";"13";"V";"9";"V";"18";"V";"22";"V";"19";"V";"24";"V";"19";"V";"27";"V";"16";"V";"8";"V";"10";"V";"6";"V";"9";"V";"5";"V";"5";"V";"5";"V";"7";"V";"15";"V";"14";"V";"22";"V";"10";"V";"14";"V"
"28";"079";"4";"12";"28079004_12_8";"2025";"05";"04";"15";"V";"26";"V";"21";"V";"7";"V";"9";"V";"7";"V";"6";"V";"7";"V";"8";"V";"6";"V";"4";"V";"3";"V";"4";"V";"4";"V";"6";"V";"8";"V";"5";"V";"5";"V";"5";"V";"8";"V";"9";"V";"9";"V";"9";"V";"6";"V"
"28";"079";"4";"12";"28079004_12_8";"2025";"05";"05";"4";"V";"3";"V";"2";"V";"2";"V";"3";"V";"2";"V";"5";"V";"11";"V";"24";"V";"18";"V";"11";"V";"12";"V";"14";"V";"28";"V";"26";"V";"27";"V";"14";"V";"18";"V";"25";"V";"27";"V";"0";"N";"0";"N";"0";"N";"0";"N"
"28";"079";"4";"6";"28079004_6_48";"2025";"04";"28";"0.2";"V";"0.2";"V";"0.2";"V";"0.2";"V";"0.2";"V";"0.2";"V";"0.2";"V";"0.2";"V";"0.3";"V";"0.3";"V";"0.2";"V";"0.2";"V";"0";"N";"0";"N";"0";"N";"0";"N";"0";"N";"0";"N";"0";"N";"0";"N";"0";"N";"0";"N";"0";"N";"0.2";"V"
"28";"079";"4";"6";"28079004_6_48";"2025";"04";"29";"0.2";"V";"0.2";"V";"0.2";"V";"0.1";"V";"0.1";"V";"0.1";"V";"0.2";"V";"0.2";"V";"0.2";"V";"0.2";"V";"0.2";"V";"0.2";"V";"0";"N";"0";"N";"0.2";"V";"0.2";"V";"0.2";"V";"0.2";"V";"0.2";"V";"0.2";"V";"0.2";"V";"0.2";"V";"0.2";"V";"0.2";"V"
"28";"079";"4";"6";"28079004_6_48";"2025";"04";"30";"0.2";"V";"0.2";"V";"0.2";"V";"0.1";"V";"0.1";"V";"0.1";"V";"0.2";"V";"0.2";"V";"0.2";"V";"0.2";"V";"0.2";"V";"0.2";"V";"0.2";"V";"0.2";"V";"0.2";"V";"0.2";"V";"0.2";"V";"0.2";"V";"0.2";"V";"0.2";"V";"0.2";"V";"0.2";"V";"0.2";"V";"0.2";"V"
"28";"079";"4";"6";"28079004_6_48";"2025";"05";"01";"0.2";"V";"0.2";"V";"0.2";"V";"0.2";"V";"0.2";"V";"0.2";"V";"0.2";"V";"0.2";"V";"0.2";"V";"0.2";"V";"0.2";"V";"0.2";"V";"0.2";"V";"0.2";"V";"0.2";"V";"0.2";"V";"0.2";"V";"0.2";"V";"0.2";"V";"0.2";"V";"0.2";"V";"0.3";"V";"0.3";"V";"0.2";"V"
"28";"079";"4";"6";"28079004_6_48";"2025";"05";"02";"0.2";"V";"0.2";"V";"0.2";"V";"0.2";"V";"0.2";"V";"0.2";"V";"0.2";"V";"0.2";"V";"0.1";"V";"0.2";"V";"0.2";"V";"0.2";"V";"0.2";"V";"0.2";"V";"0.2";"V";"0.2";"V";"0.2";"V";"0.2";"V";"0.2";"V";"0.2";"V";"0.2";"V";"0.3";"V";"0.3";"V";"0.2";"V"
"28";"079";"4";"6";"28079004_6_48";"2025";"05";"03";"0.2";"V";"0.2";"V";"0.2";"V";"0.2";"V";"0.2";"V";"0.2";"V";"0.2";"V";"0.2";"V";"0.2";"V";"0.2";"V";"0.2";"V";"0.2";"V";"0.2";"V";"0.2";"V";"0.2";"V";"0.2";"V";"0.1";"V";"0.1";"V";"0.2";"V";"0.2";"V";"0.2";"V";"0.2";"V";"0.2";"V";"0.2";"V"
"28";"079";"4";"6";"28079004_6_48";"2025";"05";"04";"0.2";"V";"0.3";"V";"0.2";"V";"0.2";"V";"0.2";"V";"0.2";"V";"0.2";"V";"0.2";"V";"0.1";"V";"0.1";"V";"0.2";"V";"0.2";"V";"0.2";"V";"0.2";"V";"0.2";"V";"0.2";"V";"0.2";"V";"0.1";"V";"0.1";"V";"0.2";"V";"0.2";"V";"0.2";"V";"0.2";"V";"0.2";"V"
"28";"079";"4";"6";"28079004_6_48";"2025";"05";"05";"0.1";"V";"0.1";"V";"0.1";"V";"0.1";"V";"0.1";"V";"0.1";"V";"0.1";"V";"0.2";"V";"0.2";"V";"0.2";"V";"0.2";"V";"0.2";"V";"0.2";"V";"0.3";"V";"0.2";"V";"0.2";"V";"0.2";"V";"0.2";"V";"0.2";"V";"0.2";"V";"0";"N";"0";"N";"0";"N";"0";"N"
"28";"079";"4";"7";"28079004_7_8";"2025";"04";"28";"0";"V";"0";"V";"0";"V";"0";"V";"0";"V";"0";"V";"0";"V";"1";"V";"4";"V";"5";"V";"7";"V";"6";"V";"0";"N";"0";"N";"0";"N";"0";"N";"0";"N";"0";"N";"0";"N";"0";"N";"0";"N";"0";"N";"0";"N";"0";"V"
"28";"079";"4";"7";"28079004_7_8";"2025";"04";"29";"0";"V";"0";"V";"0";"V";"0";"V";"0";"V";"0";"V";"0";"V";"0";"V";"2";"V";"2";"V";"3";"V";"2";"V";"0";"N";"0";"N";"1";"V";"1";"V";"0";"V";"0";"V";"1";"V";"0";"V";"0";"V";"0";"V";"0";"V";"0";"V"
"28";"079";"4";"7";"28079004_7_8";"2025";"04";"30";"0";"V";"0";"V";"0";"V";"0";"V";"0";"V";"0";"V";"0";"V";"0";"V";"6";"V";"2";"V";"4";"V";"3";"V";"4";"V";"2";"V";"1";"V";"0";"V";"1";"V";"1";"V";"0";"V";"0";"V";"0";"V";"0";"V";"0";"V";"0";"V"
"28";"079";"4";"7";"28079004_7_8";"2025";"05";"01";"0";"V";"0";"V";"0";"V";"0";"V";"0";"V";"0";"V";"0";"V";"0";"V";"0";"V";"1";"V";"1";"V";"1";"V";"0";"V";"1";"V";"1";"V";"1";"V";"0";"V";"0";"V";"0";"V";"0";"V";"0";"V";"5";"V";"3";"V";"0";"V"
"28";"079";"4";"7";"28079004_7_8";"2025";"05";"02";"0";"V";"0";"V";"0";"V";"0";"V";"0";"V";"0";"V";"0";"V";"0";"V";"0";"V";"0";"V";"0";"V";"1";"V";"1";"V";"0";"V";"0";"V";"0";"V";"0";"V";"0";"V";"2";"V";"1";"V";"2";"V";"4";"V";"8";"V";"1";"V"
"28";"079";"4";"7";"28079004_7_8";"2025";"05";"03";"0";"V";"1";"V";"0";"V";"0";"V";"0";"V";"0";"V";"0";"V";"0";"V";"0";"V";"3";"V";"2";"V";"0";"V";"1";"V";"0";"V";"1";"V";"0";"V";"1";"V";"1";"V";"1";"V";"3";"V";"1";"V";"4";"V";"1";"V";"3";"V"
"28";"079";"4";"7";"28079004_7_8";"2025";"05";"04";"1";"V";"3";"V";"1";"V";"0";"V";"0";"V";"0";"V";"0";"V";"0";"V";"0";"V";"0";"V";"0";"V";"0";"V";"0";"V";"0";"V";"1";"V";"2";"V";"1";"V";"1";"V";"0";"V";"2";"V";"1";"V";"1";"V";"0";"V";"0";"V"
"28";"079";"4";"7";"28079004_7_8";"2025";"05";"05";"0";"V";"0";"V";"0";"V";"0";"V";"0";"V";"0";"V";"0";"V";"0";"V";"2";"V";"2";"V";"2";"V";"3";"V";"1";"V";"3";"V";"4";"V";"3";"V";"2";"V";"1";"V";"3";"V";"1";"V";"0";"N";"0";"N";"0";"N";"0";"N"
"28";"079";"4";"8";"28079004_8_8";"2025";"04";"28";"7";"V";"5";"V";"4";"V";"3";"V";"4";"V";"6";"V";"10";"V";"20";"V";"27";"V";"24";"V";"23";"V";"17";"V";"0";"N";"0";"N";"0";"N";"0";"N";"0";"N";"0";"N";"0";"N";"0";"N";"0";"N";"0";"N";"0";"N";"16";"V"
"28";"079";"4";"8";"28079004_8_8";"2025";"04";"29";"8";"V";"6";"V";"6";"V";"8";"V";"4";"V";"5";"V";"8";"V";"18";"V";"25";"V";"17";"V";"15";"V";"12";"V";"0";"N";"0";"N";"9";"V";"6";"V";"8";"V";"8";"V";"11";"V";"9";"V";"12";"V";"13";"V";"12";"V";"14";"V"
"28";"079";"4";"8";"28079004_8_8";"2025";"04";"30";"8";"V";"7";"V";"5";"V";"4";"V";"4";"V";"5";"V";"9";"V";"21";"V";"26";"V";"19";"V";"19";"V";"16";"V";"14";"V";"12";"V";"10";"V";"14";"V";"12";"V";"13";"V";"12";"V";"14";"V";"12";"V";"12";"V";"7";"V";"6";"V"
"28";"079";"4";"8";"28079004_8_8";"2025";"05";"01";"7";"V";"13";"V";"9";"V";"8";"V";"7";"V";"7";"V";"10";"V";"13";"V";"17";"V";"17";"V";"13";"V";"7";"V";"8";"V";"7";"V";"6";"V";"6";"V";"5";"V";"5";"V";"8";"V";"8";"V";"12";"V";"19";"V";"24";"V";"14";"V"
"28";"079";"4";"8";"28079004_8_8";"2025";"05";"02";"13";"V";"11";"V";"8";"V";"7";"V";"6";"V";"7";"V";"12";"V";"11";"V";"4";"V";"8";"V";"14";"V";"20";"V";"11";"V";"6";"V";"6";"V";"7";"V";"6";"V";"9";"V";"9";"V";"8";"V";"12";"V";"24";"V";"23";"V";"15";"V"
"28";"079";"4";"8";"28079004_8_8";"2025";"05";"03";"14";"V";"20";"V";"13";"V";"9";"V";"18";"V";"22";"V";"19";"V";"24";"V";"19";"V";"23";"V";"13";"V";"7";"V";"9";"V";"6";"V";"6";"V";"5";"V";"4";"V";"4";"V";"5";"V";"10";"V";"13";"V";"16";"V";"9";"V";"10";"V"
"28";"079";"4";"8";"28079004_8_8";"2025";"05";"04";"14";"V";"21";"V";"19";"V";"7";"V";"9";"V";"7";"V";"6";"V";"7";"V";"8";"V";"6";"V";"4";"V";"3";"V";"4";"V";"4";"V";"5";"V";"5";"V";"4";"V";"4";"V";"4";"V";"6";"V";"7";"V";"8";"V";"9";"V";"6";"V"
"28";"079";"4";"8";"28079004_8_8";"2025";"05";"05";"4";"V";"3";"V";"2";"V";"2";"V";"3";"V";"2";"V";"5";"V";"11";"V";"21";"V";"14";"V";"8";"V";"8";"V";"12";"V";"23";"V";"20";"V";"22";"V";"12";"V";"16";"V";"21";"V";"25";"V";"0";"N";"0";"N";"0";"N";"0";"N"
"28";"079";"4";"9";"28079004_9_A";"2025";"04";"28";"2";"V";"2";"V";"3";"V";"3";"V";"3";"V";"3";"V";"3";"V";"3";"V";"0";"N";"0";"N";"0";"N";"0";"N";"0";"N";"0";"N";"0";"N";"0";"N";"0";"N";"0";"N";"0";"N";"0";"N";"0";"N";"0";"N";"0";"N";"0";"N"
"28";"079";"4";"9";"28079004_9_A";"2025";"04";"29";"3";"V";"3";"V";"3";"V";"3";"V";"3";"V";"3";"V";"3";"V";"4";"V";"5";"V";"6";"V";"6";"V";"7";"V";"0";"N";"0";"N";"8";"V";"6";"V";"6";"V";"7";"V";"6";"V";"7";"V";"7";"V";"8";"V";"8";"V";"6";"V"
"28";"079";"4";"9";"28079004_9_A";"2025";"04";"30";"4";"V";"3";"V";"3";"V";"3";"V";"4";"V";"4";"V";"4";"V";"4";"V";"0";"N";"0";"N";"9";"V";"8";"V";"10";"V";"9";"V";"8";"V";"11";"V";"14";"V";"14";"V";"15";"V";"14";"V";"12";"V";"12";"V";"8";"V";"4";"V"
"28";"079";"4";"9";"28079004_9_A";"2025";"05";"01";"3";"V";"5";"V";"7";"V";"5";"V";"4";"V";"4";"V";"6";"V";"0";"N";"0";"N";"11";"V";"10";"V";"0";"N";"14";"V";"14";"V";"14";"V";"15";"V";"14";"V";"13";"V";"12";"V";"13";"V";"16";"V";"20";"V";"21";"V";"16";"V"
"28";"079";"4";"9";"28079004_9_A";"2025";"05";"02";"14";"V";"12";"V";"12";"V";"13";"V";"12";"V";"13";"V";"14";"V";"13";"V";"5";"V";"0";"N";"2";"V";"5";"V";"3";"V";"4";"V";"4";"V";"4";"V";"4";"V";"5";"V";"4";"V";"4";"V";"7";"V";"11";"V";"11";"V";"11";"V"
"28";"079";"4";"9";"28079004_9_A";"2025";"05";"03";"5";"V";"5";"V";"5";"V";"4";"V";"5";"V";"6";"V";"6";"V";"7";"V";"7";"V";"7";"V";"5";"V";"4";"V";"6";"V";"4";"V";"5";"V";"4";"V";"4";"V";"3";"V";"3";"V";"4";"V";"0";"N";"8";"V";"8";"V";"7";"V"
"28";"079";"4";"9";"28079004_9_A";"2025";"05";"04";"4";"V";"3";"V";"5";"V";"3";"V";"4";"V";"4";"V";"5";"V";"4";"V";"4";"V";"3";"V";"2";"V";"4";"V";"4";"V";"4";"V";"4";"V";"6";"V";"5";"V";"4";"V";"5";"V";"2";"V";"3";"V";"4";"V";"3";"V";"2";"V"
"28";"079";"4";"9";"28079004_9_A";"2025";"05";"05";"2";"V";"1";"V";"2";"V";"2";"V";"2";"V";"2";"V";"2";"V";"2";"V";"3";"V";"3";"V";"3";"V";"7";"V";"5";"V";"5";"V";"4";"V";"4";"V";"2";"V";"3";"V";"5";"V";"4";"V";"0";"N";"0";"N";"0";"N";"0";"N"
"28";"079";"40";"10";"28079040_10_47";"2025";"04";"28";"7";"V";"9";"V";"20";"V";"6";"V";"4";"V";"10";"V";"8";"V";"9";"V";"11";"V";"13";"V";"13";"V";"0";"N";"0";"N";"0";"N";"0";"N";"0";"N";"0";"N";"0";"N";"0";"N";"0";"N";"0";"N";"0";"N";"0";"N";"0";"N"
"28";"079";"40";"10";"28079040_10_47";"2025";"04";"29";"20";"V";"8";"V";"7";"V";"7";"V";"7";"V";"5";"V";"4";"V";"6";"V";"16";"V";"14";"V";"13";"V";"14";"V";"21";"V";"18";"V";"11";"V";"17";"V";"32";"V";"19";"V";"16";"V";"15";"V";"11";"V";"13";"V";"9";"V";"8";"V"
"28";"079";"40";"10";"28079040_10_47";"2025";"04";"30";"10";"V";"8";"V";"6";"V";"5";"V";"9";"V";"5";"V";"3";"V";"7";"V";"7";"V";"4";"V";"4";"V";"11";"V";"10";"V";"12";"V";"10";"V";"9";"V";"13";"V";"17";"V";"27";"V";"22";"V";"17";"V";"14";"V";"16";"V";"8";"V"
"28";"079";"40";"10";"28079040_10_47";"2025";"05";"01";"15";"V";"10";"V";"3";"V";"12";"V";"2";"V";"0";"V";"9";"V";"6";"V";"11";"V";"4";"V";"7";"V";"7";"V";"10";"V";"14";"V";"13";"V";"27";"V";"16";"V";"23";"V";"10";"V";"15";"V";"22";"V";"19";"V";"19";"V";"21";"V"
"28";"079";"40";"10";"28079040_10_47";"2025";"05";"02";"14";"V";"9";"V";"11";"V";"14";"V";"13";"V";"11";"V";"2";"V";"1";"V";"10";"V";"0";"V";"13";"V";"20";"V";"7";"V";"15";"V";"14";"V";"11";"V";"0";"V";"9";"V";"17";"V";"10";"V";"13";"V";"14";"V";"10";"V";"10";"V"
"28";"079";"40";"10";"28079040_10_47";"2025";"05";"03";"7";"V";"6";"V";"7";"V";"5";"V";"6";"V";"10";"V";"17";"V";"12";"V";"7";"V";"12";"V";"9";"V";"17";"V";"14";"V";"10";"V";"16";"V";"17";"V";"2";"V";"3";"V";"13";"V";"9";"V";"12";"V";"9";"V";"5";"V";"10";"V"
"28";"079";"40";"10";"28079040_10_47";"2025";"05";"04";"11";"V";"0";"N";"0";"N";"4";"V";"7";"V";"6";"V";"7";"V";"3";"V";"2";"V";"3";"V";"1";"V";"9";"V";"17";"V";"21";"V";"32";"V";"17";"V";"1";"V";"7";"V";"7";"V";"11";"V";"6";"V";"5";"V";"5";"V";"4";"V"
"28";"079";"40";"10";"28079040_10_47";"2025";"05";"05";"4";"V";"3";"V";"3";"V";"4";"V";"4";"V";"2";"V";"4";"V";"6";"V";"5";"V";"6";"V";"8";"V";"12";"V";"20";"V";"4";"V";"3";"V";"6";"V";"2";"V";"6";"V";"7";"V";"18";"V";"0";"N";"0";"N";"0";"N";"0";"N"
"28";"079";"40";"12";"28079040_12_8";"2025";"04";"28";"20";"V";"15";"V";"10";"V";"6";"V";"4";"V";"5";"V";"15";"V";"44";"V";"64";"V";"41";"V";"27";"V";"21";"V";"0";"N";"0";"N";"0";"N";"0";"N";"0";"N";"0";"N";"0";"N";"0";"N";"0";"N";"0";"N";"18";"V";"8";"V"
"28";"079";"40";"12";"28079040_12_8";"2025";"04";"29";"6";"V";"4";"V";"4";"V";"4";"V";"5";"V";"6";"V";"14";"V";"39";"V";"48";"V";"28";"V";"20";"V";"15";"V";"14";"V";"11";"V";"13";"V";"11";"V";"10";"V";"13";"V";"14";"V";"16";"V";"13";"V";"17";"V";"15";"V";"9";"V"
"28";"079";"40";"12";"28079040_12_8";"2025";"04";"30";"10";"V";"5";"V";"4";"V";"4";"V";"5";"V";"9";"V";"22";"V";"48";"V";"51";"V";"35";"V";"24";"V";"25";"V";"18";"V";"13";"V";"12";"V";"19";"V";"18";"V";"18";"V";"19";"V";"22";"V";"12";"V";"14";"V";"9";"V";"12";"V"
"28";"079";"40";"12";"28079040_12_8";"2025";"05";"01";"10";"V";"15";"V";"18";"V";"9";"V";"9";"V";"14";"V";"12";"V";"19";"V";"18";"V";"24";"V";"15";"V";"12";"V";"14";"V";"12";"V";"19";"V";"8";"V";"7";"V";"10";"V";"14";"V";"12";"V";"15";"V";"22";"V";"25";"V";"18";"V"
"28";"079";"40";"12";"28079040_12_8";"2025";"05";"02";"9";"V";"9";"V";"7";"V";"4";"V";"5";"V";"10";"V";"11";"V";"19";"V";"9";"V";"7";"V";"23";"V";"18";"V";"13";"V";"15";"V";"11";"V";"8";"V";"14";"V";"15";"V";"15";"V";"15";"V";"18";"V";"29";"V";"33";"V";"36";"V"
"28";"079";"40";"12";"28079040_12_8";"2025";"05";"03";"42";"V";"18";"V";"18";"V";"23";"V";"15";"V";"13";"V";"35";"V";"21";"V";"19";"V";"19";"V";"18";"V";"12";"V";"10";"V";"9";"V";"9";"V";"7";"V";"11";"V";"10";"V";"10";"V";"10";"V";"13";"V";"17";"V";"12";"V";"10";"V"
"28";"079";"40";"12";"28079040_12_8";"2025";"05";"04";"14";"V";"11";"V";"11";"V";"11";"V";"11";"V";"10";"V";"7";"V";"12";"V";"10";"V";"14";"V";"14";"V";"10";"V";"10";"V";"13";"V";"10";"V";"11";"V";"8";"V";"7";"V";"10";"V";"8";"V";"11";"V";"14";"V";"11";"V";"12";"V"
"28";"079";"40";"12";"28079040_12_8";"2025";"05";"05";"9";"V";"5";"V";"5";"V";"4";"V";"6";"V";"6";"V";"20";"V";"37";"V";"43";"V";"39";"V";"27";"V";"19";"V";"22";"V";"28";"V";"36";"V";"42";"V";"32";"V";"40";"V";"33";"V";"49";"V";"0";"N";"0";"N";"0";"N";"0";"N"
"28";"079";"40";"7";"28079040_7_8";"2025";"04";"28";"1";"V";"1";"V";"0";"V";"1";"V";"0";"V";"0";"V";"1";"V";"5";"V";"13";"V";"9";"V";"6";"V";"4";"V";"0";"N";"0";"N";"0";"N";"0";"N";"0";"N";"0";"N";"0";"N";"0";"N";"0";"N";"0";"N";"2";"V";"1";"V"
"28";"079";"40";"7";"28079040_7_8";"2025";"04";"29";"1";"V";"0";"V";"0";"V";"0";"V";"0";"V";"0";"V";"1";"V";"3";"V";"6";"V";"4";"V";"4";"V";"3";"V";"3";"V";"2";"V";"3";"V";"2";"V";"2";"V";"3";"V";"3";"V";"3";"V";"2";"V";"2";"V";"2";"V";"1";"V"
"28";"079";"40";"7";"28079040_7_8";"2025";"04";"30";"1";"V";"0";"V";"1";"V";"0";"V";"0";"V";"0";"V";"1";"V";"3";"V";"7";"V";"6";"V";"4";"V";"4";"V";"4";"V";"3";"V";"2";"V";"4";"V";"3";"V";"4";"V";"4";"V";"3";"V";"2";"V";"2";"V";"1";"V";"2";"V"
"28";"079";"40";"7";"28079040_7_8";"2025";"05";"01";"1";"V";"1";"V";"2";"V";"1";"V";"0";"V";"1";"V";"1";"V";"2";"V";"2";"V";"3";"V";"3";"V";"3";"V";"3";"V";"3";"V";"6";"V";"2";"V";"1";"V";"2";"V";"3";"V";"2";"V";"2";"V";"1";"V";"1";"V";"1";"V"
"28";"079";"40";"7";"28079040_7_8";"2025";"05";"02";"1";"V";"1";"V";"0";"V";"0";"V";"0";"V";"1";"V";"0";"V";"1";"V";"1";"V";"1";"V";"3";"V";"2";"V";"2";"V";"3";"V";"2";"V";"1";"V";"4";"V";"2";"V";"2";"V";"2";"V";"2";"V";"2";"V";"2";"V";"2";"V"
"28";"079";"40";"7";"28079040_7_8";"2025";"05";"03";"1";"V";"1";"V";"1";"V";"1";"V";"1";"V";"1";"V";"1";"V";"1";"V";"2";"V";"3";"V";"4";"V";"3";"V";"3";"V";"2";"V";"2";"V";"1";"V";"3";"V";"3";"V";"2";"V";"1";"V";"1";"V";"1";"V";"2";"V";"1";"V"
"28";"079";"40";"7";"28079040_7_8";"2025";"05";"04";"1";"V";"1";"V";"0";"V";"1";"V";"1";"V";"1";"V";"0";"V";"1";"V";"1";"V";"2";"V";"3";"V";"2";"V";"3";"V";"3";"V";"2";"V";"3";"V";"2";"V";"2";"V";"2";"V";"2";"V";"2";"V";"2";"V";"1";"V";"1";"V"
"28";"079";"40";"7";"28079040_7_8";"2025";"05";"05";"1";"V";"1";"V";"1";"V";"1";"V";"1";"V";"0";"V";"3";"V";"7";"V";"9";"V";"10";"V";"6";"V";"5";"V";"4";"V";"4";"V";"6";"V";"7";"V";"8";"V";"6";"V";"3";"V";"6";"V";"0";"N";"0";"N";"0";"N";"0";"N"
"28";"079";"40";"8";"28079040_8_8";"2025";"04";"28";"19";"V";"14";"V";"9";"V";"5";"V";"4";"V";"4";"V";"13";"V";"36";"V";"44";"V";"27";"V";"18";"V";"14";"V";"0";"N";"0";"N";"0";"N";"0";"N";"0";"N";"0";"N";"0";"N";"0";"N";"0";"N";"0";"N";"15";"V";"7";"V"
"28";"079";"40";"8";"28079040_8_8";"2025";"04";"29";"5";"V";"3";"V";"3";"V";"3";"V";"4";"V";"5";"V";"13";"V";"35";"V";"39";"V";"21";"V";"15";"V";"11";"V";"10";"V";"7";"V";"9";"V";"8";"V";"7";"V";"9";"V";"10";"V";"11";"V";"11";"V";"14";"V";"12";"V";"8";"V"
"28";"079";"40";"8";"28079040_8_8";"2025";"04";"30";"8";"V";"4";"V";"3";"V";"3";"V";"5";"V";"8";"V";"21";"V";"44";"V";"41";"V";"26";"V";"18";"V";"19";"V";"12";"V";"8";"V";"8";"V";"13";"V";"13";"V";"12";"V";"13";"V";"17";"V";"9";"V";"11";"V";"8";"V";"10";"V"
"28";"079";"40";"8";"28079040_8_8";"2025";"05";"01";"9";"V";"14";"V";"15";"V";"8";"V";"9";"V";"13";"V";"11";"V";"16";"V";"15";"V";"19";"V";"10";"V";"8";"V";"10";"V";"8";"V";"10";"V";"6";"V";"5";"V";"7";"V";"9";"V";"9";"V";"12";"V";"21";"V";"24";"V";"16";"V"
"28";"079";"40";"8";"28079040_8_8";"2025";"05";"02";"8";"V";"8";"V";"6";"V";"3";"V";"4";"V";"9";"V";"11";"V";"17";"V";"6";"V";"5";"V";"18";"V";"15";"V";"10";"V";"11";"V";"8";"V";"5";"V";"7";"V";"12";"V";"11";"V";"11";"V";"16";"V";"27";"V";"30";"V";"33";"V"
"28";"079";"40";"8";"28079040_8_8";"2025";"05";"03";"40";"V";"17";"V";"17";"V";"22";"V";"14";"V";"11";"V";"33";"V";"19";"V";"16";"V";"14";"V";"11";"V";"7";"V";"6";"V";"6";"V";"6";"V";"5";"V";"6";"V";"5";"V";"7";"V";"8";"V";"11";"V";"14";"V";"10";"V";"9";"V"
"28";"079";"40";"8";"28079040_8_8";"2025";"05";"04";"13";"V";"10";"V";"10";"V";"10";"V";"10";"V";"9";"V";"7";"V";"11";"V";"8";"V";"12";"V";"10";"V";"6";"V";"6";"V";"8";"V";"7";"V";"7";"V";"5";"V";"4";"V";"6";"V";"5";"V";"8";"V";"12";"V";"9";"V";"10";"V"
"28";"079";"40";"8";"28079040_8_8";"2025";"05";"05";"8";"V";"5";"V";"4";"V";"3";"V";"5";"V";"6";"V";"15";"V";"27";"V";"29";"V";"24";"V";"17";"V";"12";"V";"15";"V";"22";"V";"26";"V";"31";"V";"20";"V";"31";"V";"28";"V";"39";"V";"0";"N";"0";"N";"0";"N";"0";"N"
"28";"079";"47";"10";"28079047_10_47";"2025";"04";"28";"3";"V";"6";"V";"3";"V";"3";"V";"3";"V";"6";"V";"2";"V";"1";"V";"6";"V";"8";"V";"9";"V";"5";"V";"0";"N";"0";"N";"0";"N";"0";"N";"0";"N";"0";"N";"0";"N";"0";"N";"0";"N";"0";"N";"0";"N";"0";"N"
"28";"079";"47";"10";"28079047_10_47";"2025";"04";"29";"3";"V";"5";"V";"3";"V";"3";"V";"1";"V";"2";"V";"3";"V";"4";"V";"5";"V";"6";"V";"3";"V";"13";"V";"11";"V";"9";"V";"7";"V";"8";"V";"8";"V";"10";"V";"10";"V";"7";"V";"8";"V";"8";"V";"3";"V";"4";"V"
"28";"079";"47";"10";"28079047_10_47";"2025";"04";"30";"3";"V";"0";"V";"3";"V";"3";"V";"3";"V";"4";"V";"6";"V";"6";"V";"9";"V";"7";"V";"11";"V";"4";"V";"9";"V";"8";"V";"4";"V";"9";"V";"11";"V";"11";"V";"14";"V";"12";"V";"11";"V";"11";"V";"2";"V";"10";"V"
"28";"079";"47";"10";"28079047_10_47";"2025";"05";"01";"2";"V";"6";"V";"13";"V";"13";"V";"3";"V";"0";"V";"6";"V";"8";"V";"6";"V";"5";"V";"6";"V";"7";"V";"8";"V";"3";"V";"10";"V";"13";"V";"15";"V";"16";"V";"10";"V";"15";"V";"14";"V";"15";"V";"13";"V";"15";"V"
"28";"079";"47";"10";"28079047_10_47";"2025";"05";"02";"9";"V";"7";"V";"11";"V";"10";"V";"3";"V";"3";"V";"1";"V";"14";"V";"27";"V";"9";"V";"9";"V";"7";"V";"2";"V";"4";"V";"12";"V";"2";"V";"4";"V";"1";"V";"2";"V";"4";"V";"2";"V";"6";"V";"5";"V";"6";"V"
"28";"079";"47";"10";"28079047_10_47";"2025";"05";"03";"5";"V";"4";"V";"3";"V";"3";"V";"6";"V";"4";"V";"3";"V";"5";"V";"3";"V";"5";"V";"10";"V";"20";"V";"13";"V";"2";"V";"8";"V";"12";"V";"7";"V";"3";"V";"1";"V";"0";"V";"1";"V";"4";"V";"6";"V";"1";"V"
"28";"079";"47";"10";"28079047_10_47";"2025";"05";"04";"7";"V";"4";"V";"6";"V";"4";"V";"6";"V";"3";"V";"3";"V";"2";"V";"2";"V";"2";"V";"1";"V";"2";"V";"2";"V";"2";"V";"3";"V";"3";"V";"1";"V";"1";"V";"4";"V";"2";"V";"5";"V";"2";"V";"0";"V";"1";"V"
"28";"079";"47";"10";"28079047_10_47";"2025";"05";"05";"2";"V";"1";"V";"4";"V";"1";"V";"0";"V";"0";"V";"1";"V";"3";"V";"0";"V";"3";"V";"4";"V";"5";"V";"2";"V";"5";"V";"3";"V";"5";"V";"6";"V";"8";"V";"3";"V";"1";"V";"0";"N";"0";"N";"0";"N";"0";"N"
"28";"079";"47";"12";"28079047_12_8";"2025";"04";"28";"11";"V";"7";"V";"4";"V";"3";"V";"4";"V";"5";"V";"11";"V";"32";"V";"44";"V";"55";"V";"24";"V";"20";"V";"0";"N";"0";"N";"0";"N";"0";"N";"0";"N";"0";"N";"0";"N";"0";"N";"0";"N";"0";"N";"17";"V";"10";"V"
"28";"079";"47";"12";"28079047_12_8";"2025";"04";"29";"7";"V";"5";"V";"5";"V";"4";"V";"4";"V";"5";"V";"13";"V";"28";"V";"36";"V";"24";"V";"16";"V";"10";"V";"8";"V";"7";"V";"7";"V";"6";"V";"6";"V";"6";"V";"9";"V";"8";"V";"10";"V";"13";"V";"11";"V";"8";"V"
"28";"079";"47";"12";"28079047_12_8";"2025";"04";"30";"6";"V";"4";"V";"3";"V";"3";"V";"4";"V";"6";"V";"17";"V";"41";"V";"56";"V";"33";"V";"22";"V";"22";"V";"16";"V";"7";"V";"10";"V";"10";"V";"9";"V";"11";"V";"10";"V";"12";"V";"11";"V";"11";"V";"7";"V";"6";"V"
"28";"079";"47";"12";"28079047_12_8";"2025";"05";"01";"8";"V";"10";"V";"12";"V";"9";"V";"7";"V";"8";"V";"12";"V";"14";"V";"18";"V";"23";"V";"13";"V";"7";"V";"6";"V";"4";"V";"5";"V";"4";"V";"3";"V";"3";"V";"4";"V";"6";"V";"7";"V";"19";"V";"23";"V";"14";"V"
"28";"079";"47";"12";"28079047_12_8";"2025";"05";"02";"10";"V";"8";"V";"8";"V";"5";"V";"7";"V";"6";"V";"14";"V";"12";"V";"7";"V";"5";"V";"13";"V";"19";"V";"22";"V";"7";"V";"7";"V";"5";"V";"5";"V";"6";"V";"8";"V";"6";"V";"9";"V";"14";"V";"26";"V";"22";"V"
"28";"079";"47";"12";"28079047_12_8";"2025";"05";"03";"21";"V";"21";"V";"14";"V";"19";"V";"38";"V";"44";"V";"37";"V";"36";"V";"31";"V";"23";"V";"17";"V";"7";"V";"4";"V";"3";"V";"3";"V";"2";"V";"2";"V";"3";"V";"3";"V";"4";"V";"8";"V";"7";"V";"7";"V";"8";"V"
"28";"079";"47";"12";"28079047_12_8";"2025";"05";"04";"12";"V";"16";"V";"15";"V";"16";"V";"18";"V";"18";"V";"14";"V";"14";"V";"6";"V";"5";"V";"5";"V";"4";"V";"3";"V";"4";"V";"4";"V";"4";"V";"3";"V";"2";"V";"3";"V";"4";"V";"7";"V";"7";"V";"10";"V";"7";"V"
"28";"079";"47";"12";"28079047_12_8";"2025";"05";"05";"4";"V";"3";"V";"2";"V";"2";"V";"4";"V";"5";"V";"6";"V";"12";"V";"23";"V";"17";"V";"10";"V";"11";"V";"12";"V";"14";"V";"23";"V";"38";"V";"18";"V";"18";"V";"31";"V";"26";"V";"0";"N";"0";"N";"0";"N";"0";"N"
"28";"079";"47";"7";"28079047_7_8";"2025";"04";"28";"0";"V";"0";"V";"0";"V";"0";"V";"0";"V";"0";"V";"0";"V";"2";"V";"6";"V";"12";"V";"5";"V";"5";"V";"0";"N";"0";"N";"0";"N";"0";"N";"0";"N";"0";"N";"0";"N";"0";"N";"0";"N";"0";"N";"1";"V";"1";"V"
"28";"079";"47";"7";"28079047_7_8";"2025";"04";"29";"0";"V";"0";"V";"1";"V";"1";"V";"1";"V";"0";"V";"0";"V";"1";"V";"3";"V";"3";"V";"3";"V";"2";"V";"1";"V";"1";"V";"2";"V";"1";"V";"1";"V";"1";"V";"1";"V";"1";"V";"1";"V";"1";"V";"0";"V";"1";"V"
"28";"079";"47";"7";"28079047_7_8";"2025";"04";"30";"0";"V";"0";"V";"0";"V";"0";"V";"0";"V";"0";"V";"0";"V";"2";"V";"6";"V";"4";"V";"3";"V";"3";"V";"3";"V";"2";"V";"2";"V";"1";"V";"1";"V";"1";"V";"1";"V";"1";"V";"1";"V";"1";"V";"1";"V";"1";"V"
"28";"079";"47";"7";"28079047_7_8";"2025";"05";"01";"0";"V";"0";"V";"0";"V";"0";"V";"0";"V";"0";"V";"0";"V";"1";"V";"1";"V";"2";"V";"1";"V";"1";"V";"1";"V";"1";"V";"1";"V";"1";"V";"1";"V";"1";"V";"1";"V";"1";"V";"1";"V";"1";"V";"0";"V";"0";"V"
"28";"079";"47";"7";"28079047_7_8";"2025";"05";"02";"1";"V";"0";"V";"0";"V";"0";"V";"1";"V";"0";"V";"1";"V";"0";"V";"1";"V";"1";"V";"0";"V";"3";"V";"4";"V";"1";"V";"1";"V";"1";"V";"1";"V";"1";"V";"1";"V";"1";"V";"1";"V";"1";"V";"0";"V";"0";"V"
"28";"079";"47";"7";"28079047_7_8";"2025";"05";"03";"1";"V";"1";"V";"0";"V";"0";"V";"0";"V";"0";"V";"1";"V";"1";"V";"2";"V";"3";"V";"3";"V";"1";"V";"1";"V";"1";"V";"1";"V";"1";"V";"1";"V";"1";"V";"1";"V";"1";"V";"1";"V";"1";"V";"0";"V";"1";"V"
"28";"079";"47";"7";"28079047_7_8";"2025";"05";"04";"0";"V";"0";"V";"0";"V";"1";"V";"1";"V";"0";"V";"0";"V";"1";"V";"0";"V";"0";"V";"0";"V";"1";"V";"1";"V";"1";"V";"1";"V";"1";"V";"1";"V";"1";"V";"1";"V";"1";"V";"1";"V";"1";"V";"0";"V";"0";"V"
"28";"079";"47";"7";"28079047_7_8";"2025";"05";"05";"0";"V";"1";"V";"0";"V";"0";"V";"0";"V";"0";"V";"0";"V";"0";"V";"2";"V";"2";"V";"2";"V";"2";"V";"2";"V";"1";"V";"3";"V";"6";"V";"3";"V";"1";"V";"3";"V";"2";"V";"0";"N";"0";"N";"0";"N";"0";"N"
"28";"079";"47";"8";"28079047_8_8";"2025";"04";"28";"10";"V";"6";"V";"4";"V";"3";"V";"4";"V";"5";"V";"11";"V";"29";"V";"34";"V";"36";"V";"17";"V";"13";"V";"0";"N";"0";"N";"0";"N";"0";"N";"0";"N";"0";"N";"0";"N";"0";"N";"0";"N";"0";"N";"16";"V";"9";"V"
"28";"079";"47";"8";"28079047_8_8";"2025";"04";"29";"6";"V";"5";"V";"4";"V";"3";"V";"3";"V";"4";"V";"13";"V";"26";"V";"32";"V";"18";"V";"11";"V";"7";"V";"6";"V";"5";"V";"4";"V";"4";"V";"4";"V";"5";"V";"7";"V";"6";"V";"9";"V";"12";"V";"11";"V";"7";"V"
"28";"079";"47";"8";"28079047_8_8";"2025";"04";"30";"6";"V";"4";"V";"3";"V";"2";"V";"3";"V";"6";"V";"17";"V";"39";"V";"46";"V";"26";"V";"17";"V";"17";"V";"11";"V";"5";"V";"7";"V";"8";"V";"7";"V";"9";"V";"9";"V";"11";"V";"10";"V";"9";"V";"6";"V";"5";"V"
"28";"079";"47";"8";"28079047_8_8";"2025";"05";"01";"7";"V";"10";"V";"11";"V";"9";"V";"6";"V";"8";"V";"11";"V";"13";"V";"17";"V";"20";"V";"11";"V";"5";"V";"4";"V";"3";"V";"3";"V";"2";"V";"2";"V";"2";"V";"3";"V";"5";"V";"6";"V";"18";"V";"22";"V";"13";"V"
"28";"079";"47";"8";"28079047_8_8";"2025";"05";"02";"9";"V";"8";"V";"7";"V";"5";"V";"6";"V";"6";"V";"13";"V";"12";"V";"6";"V";"5";"V";"12";"V";"14";"V";"15";"V";"5";"V";"5";"V";"3";"V";"3";"V";"5";"V";"6";"V";"5";"V";"8";"V";"13";"V";"25";"V";"21";"V"
"28";"079";"47";"8";"28079047_8_8";"2025";"05";"03";"20";"V";"20";"V";"13";"V";"19";"V";"38";"V";"43";"V";"36";"V";"34";"V";"28";"V";"18";"V";"13";"V";"5";"V";"3";"V";"2";"V";"1";"V";"1";"V";"1";"V";"1";"V";"2";"V";"3";"V";"7";"V";"6";"V";"6";"V";"7";"V"
"28";"079";"47";"8";"28079047_8_8";"2025";"05";"04";"12";"V";"15";"V";"14";"V";"15";"V";"17";"V";"18";"V";"13";"V";"14";"V";"5";"V";"5";"V";"5";"V";"2";"V";"2";"V";"2";"V";"3";"V";"2";"V";"2";"V";"1";"V";"2";"V";"3";"V";"6";"V";"6";"V";"9";"V";"6";"V"
"28";"079";"47";"8";"28079047_8_8";"2025";"05";"05";"3";"V";"2";"V";"2";"V";"2";"V";"4";"V";"4";"V";"6";"V";"12";"V";"20";"V";"13";"V";"7";"V";"8";"V";"10";"V";"12";"V";"19";"V";"29";"V";"13";"V";"16";"V";"26";"V";"24";"V";"0";"N";"0";"N";"0";"N";"0";"N"
"28";"079";"47";"9";"28079047_9_47";"2025";"04";"28";"3";"V";"5";"V";"3";"V";"2";"V";"3";"V";"6";"V";"2";"V";"3";"V";"7";"V";"7";"V";"9";"V";"5";"V";"0";"N";"0";"N";"0";"N";"0";"N";"0";"N";"0";"N";"0";"N";"0";"N";"0";"N";"0";"N";"0";"N";"0";"N"
"28";"079";"47";"9";"28079047_9_47";"2025";"04";"29";"2";"V";"5";"V";"3";"V";"3";"V";"2";"V";"3";"V";"3";"V";"5";"V";"4";"V";"5";"V";"3";"V";"13";"V";"9";"V";"9";"V";"6";"V";"7";"V";"7";"V";"9";"V";"9";"V";"6";"V";"8";"V";"7";"V";"3";"V";"4";"V"
"28";"079";"47";"9";"28079047_9_47";"2025";"04";"30";"3";"V";"0";"V";"3";"V";"3";"V";"3";"V";"3";"V";"6";"V";"7";"V";"9";"V";"6";"V";"11";"V";"4";"V";"9";"V";"8";"V";"4";"V";"8";"V";"9";"V";"9";"V";"11";"V";"9";"V";"8";"V";"9";"V";"2";"V";"10";"V"
"28";"079";"47";"9";"28079047_9_47";"2025";"05";"01";"2";"V";"6";"V";"12";"V";"12";"V";"2";"V";"0";"V";"6";"V";"8";"V";"5";"V";"4";"V";"6";"V";"6";"V";"6";"V";"2";"V";"8";"V";"10";"V";"11";"V";"13";"V";"7";"V";"13";"V";"12";"V";"14";"V";"13";"V";"14";"V"
"28";"079";"47";"9";"28079047_9_47";"2025";"05";"02";"7";"V";"6";"V";"9";"V";"9";"V";"2";"V";"2";"V";"1";"V";"14";"V";"25";"V";"8";"V";"7";"V";"5";"V";"1";"V";"0";"V";"5";"V";"1";"V";"3";"V";"1";"V";"0";"V";"0";"V";"1";"V";"3";"V";"3";"V";"3";"V"
"28";"079";"47";"9";"28079047_9_47";"2025";"05";"03";"4";"V";"2";"V";"2";"V";"2";"V";"5";"V";"3";"V";"3";"V";"4";"V";"2";"V";"4";"V";"7";"V";"14";"V";"7";"V";"1";"V";"2";"V";"4";"V";"2";"V";"2";"V";"0";"V";"0";"V";"1";"V";"1";"V";"4";"V";"1";"V"
"28";"079";"47";"9";"28079047_9_47";"2025";"05";"04";"6";"V";"3";"V";"6";"V";"3";"V";"6";"V";"3";"V";"3";"V";"2";"V";"1";"V";"2";"V";"1";"V";"1";"V";"1";"V";"2";"V";"1";"V";"3";"V";"1";"V";"0";"V";"3";"V";"1";"V";"1";"V";"0";"V";"0";"V";"0";"V"
"28";"079";"47";"9";"28079047_9_47";"2025";"05";"05";"1";"V";"1";"V";"2";"V";"1";"V";"0";"V";"0";"V";"0";"V";"2";"V";"0";"V";"2";"V";"4";"V";"4";"V";"1";"V";"3";"V";"3";"V";"4";"V";"4";"V";"2";"V";"3";"V";"1";"V";"0";"N";"0";"N";"0";"N";"0";"N"
"28";"079";"48";"10";"28079048_10_47";"2025";"04";"28";"10";"V";"7";"V";"10";"V";"11";"V";"7";"V";"5";"V";"2";"V";"6";"V";"11";"V";"9";"V";"11";"V";"11";"V";"0";"N";"0";"N";"0";"N";"0";"N";"0";"N";"0";"N";"0";"N";"0";"N";"0";"N";"0";"N";"0";"N";"0";"N"
"28";"079";"48";"10";"28079048_10_47";"2025";"04";"29";"0";"N";"14";"V";"11";"V";"6";"V";"5";"V";"7";"V";"6";"V";"5";"V";"8";"V";"15";"V";"13";"V";"10";"V";"13";"V";"23";"V";"27";"V";"0";"N";"0";"N";"0";"N";"31";"V";"27";"V";"18";"V";"20";"V";"13";"V";"13";"V"
"28";"079";"48";"10";"28079048_10_47";"2025";"04";"30";"13";"V";"13";"V";"12";"V";"11";"V";"12";"V";"8";"V";"9";"V";"8";"V";"9";"V";"17";"V";"18";"V";"12";"V";"17";"V";"14";"V";"11";"V";"9";"V";"37";"V";"48";"V";"32";"V";"23";"V";"44";"V";"30";"V";"28";"V";"26";"V"
"28";"079";"48";"10";"28079048_10_47";"2025";"05";"01";"11";"V";"11";"V";"15";"V";"22";"V";"17";"V";"11";"V";"9";"V";"13";"V";"22";"V";"17";"V";"15";"V";"22";"V";"22";"V";"25";"V";"30";"V";"28";"V";"36";"V";"30";"V";"27";"V";"24";"V";"33";"V";"34";"V";"35";"V";"39";"V"
"28";"079";"48";"10";"28079048_10_47";"2025";"05";"02";"34";"V";"27";"V";"31";"V";"25";"V";"21";"V";"24";"V";"15";"V";"25";"V";"52";"V";"17";"V";"15";"V";"16";"V";"11";"V";"1";"V";"16";"V";"18";"V";"3";"V";"11";"V";"15";"V";"5";"V";"10";"V";"17";"V";"13";"V";"17";"V"
"28";"079";"48";"10";"28079048_10_47";"2025";"05";"03";"15";"V";"15";"V";"19";"V";"15";"V";"10";"V";"14";"V";"13";"V";"13";"V";"14";"V";"15";"V";"10";"V";"12";"V";"6";"V";"14";"V";"13";"V";"9";"V";"0";"N";"2";"V";"18";"V";"19";"V";"11";"V";"12";"V";"11";"V";"12";"V"
"28";"079";"48";"10";"28079048_10_47";"2025";"05";"04";"11";"V";"8";"V";"11";"V";"11";"V";"12";"V";"14";"V";"12";"V";"15";"V";"12";"V";"13";"V";"11";"V";"13";"V";"7";"V";"8";"V";"9";"V";"4";"V";"7";"V";"3";"V";"8";"V";"7";"V";"11";"V";"9";"V";"9";"V";"7";"V"
"28";"079";"48";"10";"28079048_10_47";"2025";"05";"05";"8";"V";"8";"V";"8";"V";"5";"V";"7";"V";"10";"V";"7";"V";"11";"V";"17";"V";"14";"V";"14";"V";"14";"V";"15";"V";"10";"V";"18";"V";"15";"V";"23";"V";"15";"V";"8";"V";"11";"V";"0";"N";"0";"N";"0";"N";"0";"N"
"28";"079";"48";"12";"28079048_12_8";"2025";"04";"28";"6";"V";"5";"V";"3";"V";"3";"V";"3";"V";"4";"V";"12";"V";"19";"V";"30";"V";"25";"V";"20";"V";"17";"V";"0";"N";"0";"N";"0";"N";"0";"N";"0";"N";"0";"N";"0";"N";"0";"N";"0";"N";"0";"N";"0";"N";"14";"V"
"28";"079";"48";"12";"28079048_12_8";"2025";"04";"29";"7";"V";"5";"V";"4";"V";"4";"V";"3";"V";"9";"V";"11";"V";"19";"V";"29";"V";"15";"V";"14";"V";"12";"V";"11";"V";"9";"V";"10";"V";"7";"V";"9";"V";"12";"V";"11";"V";"12";"V";"13";"V";"15";"V";"12";"V";"10";"V"
"28";"079";"48";"12";"28079048_12_8";"2025";"04";"30";"5";"V";"5";"V";"3";"V";"3";"V";"4";"V";"6";"V";"8";"V";"22";"V";"34";"V";"19";"V";"14";"V";"16";"V";"13";"V";"10";"V";"12";"V";"15";"V";"18";"V";"14";"V";"16";"V";"15";"V";"15";"V";"14";"V";"10";"V";"9";"V"
"28";"079";"48";"12";"28079048_12_8";"2025";"05";"01";"7";"V";"11";"V";"10";"V";"7";"V";"6";"V";"5";"V";"6";"V";"13";"V";"15";"V";"15";"V";"14";"V";"15";"V";"11";"V";"10";"V";"8";"V";"6";"V";"5";"V";"6";"V";"7";"V";"6";"V";"6";"V";"12";"V";"24";"V";"11";"V"
"28";"079";"48";"12";"28079048_12_8";"2025";"05";"02";"9";"V";"18";"V";"10";"V";"5";"V";"4";"V";"5";"V";"10";"V";"11";"V";"5";"V";"5";"V";"11";"V";"13";"V";"9";"V";"9";"V";"9";"V";"9";"V";"7";"V";"10";"V";"12";"V";"10";"V";"12";"V";"18";"V";"18";"V";"10";"V"
"28";"079";"48";"12";"28079048_12_8";"2025";"05";"03";"13";"V";"12";"V";"10";"V";"6";"V";"11";"V";"15";"V";"18";"V";"18";"V";"18";"V";"21";"V";"15";"V";"14";"V";"12";"V";"10";"V";"8";"V";"6";"V";"6";"V";"7";"V";"10";"V";"9";"V";"12";"V";"13";"V";"7";"V";"8";"V"
"28";"079";"48";"12";"28079048_12_8";"2025";"05";"04";"13";"V";"16";"V";"14";"V";"7";"V";"7";"V";"9";"V";"10";"V";"8";"V";"8";"V";"7";"V";"8";"V";"7";"V";"6";"V";"8";"V";"6";"V";"7";"V";"8";"V";"9";"V";"9";"V";"8";"V";"8";"V";"10";"V";"10";"V";"6";"V"
"28";"079";"48";"12";"28079048_12_8";"2025";"05";"05";"4";"V";"3";"V";"3";"V";"3";"V";"4";"V";"4";"V";"7";"V";"34";"V";"47";"V";"31";"V";"22";"V";"14";"V";"17";"V";"35";"V";"37";"V";"28";"V";"21";"V";"21";"V";"23";"V";"26";"V";"0";"N";"0";"N";"0";"N";"0";"N"
"28";"079";"48";"7";"28079048_7_8";"2025";"04";"28";"0";"V";"0";"V";"0";"V";"0";"V";"0";"V";"0";"V";"0";"V";"0";"V";"2";"V";"4";"V";"2";"V";"2";"V";"0";"N";"0";"N";"0";"N";"0";"N";"0";"N";"0";"N";"0";"N";"0";"N";"0";"N";"0";"N";"0";"N";"0";"V"
"28";"079";"48";"7";"28079048_7_8";"2025";"04";"29";"0";"V";"0";"V";"0";"V";"0";"V";"0";"V";"0";"V";"0";"V";"0";"V";"1";"V";"1";"V";"1";"V";"1";"V";"1";"V";"1";"V";"1";"V";"1";"V";"1";"V";"1";"V";"1";"V";"1";"V";"0";"V";"0";"V";"0";"V";"0";"V"
"28";"079";"48";"7";"28079048_7_8";"2025";"04";"30";"0";"V";"0";"V";"0";"V";"0";"V";"0";"V";"0";"V";"0";"V";"0";"V";"2";"V";"1";"V";"1";"V";"1";"V";"1";"V";"1";"V";"1";"V";"1";"V";"1";"V";"1";"V";"1";"V";"1";"V";"1";"V";"0";"V";"0";"V";"1";"V"
"28";"079";"48";"7";"28079048_7_8";"2025";"05";"01";"0";"V";"0";"V";"0";"V";"0";"V";"0";"V";"0";"V";"0";"V";"0";"V";"0";"V";"1";"V";"1";"V";"1";"V";"1";"V";"1";"V";"1";"V";"1";"V";"1";"V";"1";"V";"1";"V";"1";"V";"0";"V";"0";"V";"1";"V";"0";"V"
"28";"079";"48";"7";"28079048_7_8";"2025";"05";"02";"0";"V";"0";"V";"0";"V";"0";"V";"0";"V";"0";"V";"0";"V";"0";"V";"0";"V";"0";"V";"0";"V";"0";"V";"0";"V";"1";"V";"1";"V";"1";"V";"1";"V";"0";"V";"1";"V";"1";"V";"0";"V";"0";"V";"0";"V";"0";"V"
"28";"079";"48";"7";"28079048_7_8";"2025";"05";"03";"0";"V";"0";"V";"0";"V";"0";"V";"0";"V";"0";"V";"0";"V";"1";"V";"1";"V";"2";"V";"2";"V";"1";"V";"1";"V";"1";"V";"1";"V";"1";"V";"1";"V";"1";"V";"1";"V";"0";"V";"0";"V";"0";"V";"0";"V";"0";"V"
"28";"079";"48";"7";"28079048_7_8";"2025";"05";"04";"0";"V";"0";"V";"0";"V";"0";"V";"0";"V";"0";"V";"0";"V";"0";"V";"0";"V";"0";"V";"0";"V";"1";"V";"1";"V";"1";"V";"1";"V";"1";"V";"1";"V";"1";"V";"1";"V";"1";"V";"0";"V";"0";"V";"0";"V";"0";"V"
"28";"079";"48";"7";"28079048_7_8";"2025";"05";"05";"0";"V";"0";"V";"0";"V";"0";"V";"0";"V";"0";"V";"0";"V";"7";"V";"12";"V";"7";"V";"4";"V";"2";"V";"1";"V";"6";"V";"6";"V";"4";"V";"3";"V";"1";"V";"2";"V";"1";"V";"0";"N";"0";"N";"0";"N";"0";"N"
"28";"079";"48";"8";"28079048_8_8";"2025";"04";"28";"6";"V";"4";"V";"3";"V";"3";"V";"3";"V";"4";"V";"11";"V";"18";"V";"27";"V";"19";"V";"17";"V";"14";"V";"0";"N";"0";"N";"0";"N";"0";"N";"0";"N";"0";"N";"0";"N";"0";"N";"0";"N";"0";"N";"0";"N";"14";"V"
"28";"079";"48";"8";"28079048_8_8";"2025";"04";"29";"7";"V";"5";"V";"4";"V";"3";"V";"3";"V";"9";"V";"11";"V";"18";"V";"27";"V";"13";"V";"12";"V";"10";"V";"9";"V";"7";"V";"8";"V";"6";"V";"8";"V";"11";"V";"10";"V";"11";"V";"13";"V";"14";"V";"12";"V";"10";"V"
"28";"079";"48";"8";"28079048_8_8";"2025";"04";"30";"5";"V";"5";"V";"3";"V";"3";"V";"4";"V";"5";"V";"8";"V";"21";"V";"31";"V";"17";"V";"13";"V";"14";"V";"11";"V";"8";"V";"9";"V";"13";"V";"16";"V";"12";"V";"14";"V";"14";"V";"14";"V";"13";"V";"10";"V";"8";"V"
"28";"079";"48";"8";"28079048_8_8";"2025";"05";"01";"7";"V";"10";"V";"10";"V";"7";"V";"6";"V";"5";"V";"6";"V";"12";"V";"14";"V";"14";"V";"13";"V";"13";"V";"10";"V";"8";"V";"7";"V";"5";"V";"4";"V";"5";"V";"6";"V";"5";"V";"5";"V";"12";"V";"24";"V";"10";"V"
"28";"079";"48";"8";"28079048_8_8";"2025";"05";"02";"9";"V";"18";"V";"10";"V";"5";"V";"4";"V";"5";"V";"10";"V";"11";"V";"5";"V";"5";"V";"10";"V";"13";"V";"8";"V";"7";"V";"8";"V";"7";"V";"6";"V";"9";"V";"11";"V";"9";"V";"12";"V";"18";"V";"18";"V";"10";"V"
"28";"079";"48";"8";"28079048_8_8";"2025";"05";"03";"13";"V";"12";"V";"10";"V";"6";"V";"11";"V";"15";"V";"18";"V";"17";"V";"17";"V";"18";"V";"13";"V";"12";"V";"10";"V";"9";"V";"6";"V";"5";"V";"5";"V";"6";"V";"9";"V";"8";"V";"11";"V";"12";"V";"7";"V";"8";"V"
"28";"079";"48";"8";"28079048_8_8";"2025";"05";"04";"13";"V";"16";"V";"14";"V";"7";"V";"7";"V";"9";"V";"10";"V";"8";"V";"8";"V";"7";"V";"7";"V";"6";"V";"5";"V";"7";"V";"5";"V";"6";"V";"7";"V";"7";"V";"7";"V";"7";"V";"8";"V";"9";"V";"9";"V";"5";"V"
"28";"079";"48";"8";"28079048_8_8";"2025";"05";"05";"4";"V";"3";"V";"3";"V";"3";"V";"4";"V";"4";"V";"7";"V";"23";"V";"29";"V";"21";"V";"16";"V";"11";"V";"16";"V";"26";"V";"27";"V";"21";"V";"16";"V";"19";"V";"21";"V";"24";"V";"0";"N";"0";"N";"0";"N";"0";"N"
"28";"079";"48";"9";"28079048_9_47";"2025";"04";"28";"7";"V";"4";"V";"6";"V";"6";"V";"6";"V";"3";"V";"1";"V";"4";"V";"6";"V";"4";"V";"6";"V";"5";"V";"0";"N";"0";"N";"0";"N";"0";"N";"0";"N";"0";"N";"0";"N";"0";"N";"0";"N";"0";"N";"0";"N";"0";"N"
"28";"079";"48";"9";"28079048_9_47";"2025";"04";"29";"0";"N";"8";"V";"6";"V";"3";"V";"2";"V";"6";"V";"4";"V";"5";"V";"5";"V";"10";"V";"7";"V";"4";"V";"7";"V";"10";"V";"10";"V";"0";"N";"0";"N";"0";"N";"9";"V";"9";"V";"13";"V";"11";"V";"5";"V";"4";"V"
"28";"079";"48";"9";"28079048_9_47";"2025";"04";"30";"7";"V";"7";"V";"8";"V";"7";"V";"6";"V";"5";"V";"7";"V";"6";"V";"5";"V";"9";"V";"10";"V";"5";"V";"10";"V";"4";"V";"7";"V";"7";"V";"13";"V";"16";"V";"15";"V";"12";"V";"13";"V";"10";"V";"10";"V";"15";"V"
"28";"079";"48";"9";"28079048_9_47";"2025";"05";"01";"9";"V";"5";"V";"13";"V";"19";"V";"9";"V";"4";"V";"8";"V";"9";"V";"10";"V";"8";"V";"7";"V";"11";"V";"11";"V";"9";"V";"14";"V";"9";"V";"16";"V";"11";"V";"7";"V";"7";"V";"13";"V";"16";"V";"16";"V";"18";"V"
"28";"079";"48";"9";"28079048_9_47";"2025";"05";"02";"16";"V";"11";"V";"14";"V";"11";"V";"5";"V";"7";"V";"5";"V";"18";"V";"42";"V";"12";"V";"12";"V";"10";"V";"10";"V";"1";"V";"13";"V";"14";"V";"2";"V";"7";"V";"8";"V";"3";"V";"6";"V";"11";"V";"8";"V";"10";"V"
"28";"079";"48";"9";"28079048_9_47";"2025";"05";"03";"7";"V";"10";"V";"8";"V";"10";"V";"8";"V";"7";"V";"9";"V";"7";"V";"9";"V";"10";"V";"7";"V";"6";"V";"3";"V";"10";"V";"11";"V";"5";"V";"0";"N";"1";"V";"5";"V";"6";"V";"6";"V";"9";"V";"8";"V";"7";"V"
"28";"079";"48";"9";"28079048_9_47";"2025";"05";"04";"9";"V";"4";"V";"7";"V";"7";"V";"7";"V";"6";"V";"7";"V";"10";"V";"8";"V";"7";"V";"8";"V";"10";"V";"6";"V";"5";"V";"5";"V";"1";"V";"3";"V";"0";"V";"3";"V";"4";"V";"7";"V";"4";"V";"6";"V";"6";"V"
"28";"079";"48";"9";"28079048_9_47";"2025";"05";"05";"5";"V";"4";"V";"5";"V";"6";"V";"5";"V";"6";"V";"5";"V";"7";"V";"9";"V";"9";"V";"9";"V";"9";"V";"11";"V";"8";"V";"12";"V";"8";"V";"14";"V";"9";"V";"4";"V";"6";"V";"0";"N";"0";"N";"0";"N";"0";"N"
"28";"079";"49";"12";"28079049_12_8";"2025";"04";"28";"7";"V";"4";"V";"3";"V";"3";"V";"5";"V";"7";"V";"12";"V";"22";"V";"30";"V";"34";"V";"21";"V";"14";"V";"0";"N";"0";"N";"0";"N";"0";"N";"0";"N";"0";"N";"0";"N";"0";"N";"0";"N";"0";"N";"0";"N";"0";"N"
"28";"079";"49";"12";"28079049_12_8";"2025";"04";"29";"4";"V";"2";"V";"2";"V";"2";"V";"2";"V";"3";"V";"7";"V";"18";"V";"25";"V";"18";"V";"11";"V";"6";"V";"5";"V";"4";"V";"4";"V";"3";"V";"3";"V";"4";"V";"6";"V";"5";"V";"7";"V";"9";"V";"8";"V";"7";"V"
"28";"079";"49";"12";"28079049_12_8";"2025";"04";"30";"4";"V";"3";"V";"3";"V";"1";"V";"2";"V";"4";"V";"9";"V";"18";"V";"35";"V";"21";"V";"14";"V";"17";"V";"12";"V";"5";"V";"4";"V";"7";"V";"7";"V";"8";"V";"7";"V";"10";"V";"8";"V";"8";"V";"5";"V";"4";"V"
"28";"079";"49";"12";"28079049_12_8";"2025";"05";"01";"5";"V";"10";"V";"10";"V";"9";"V";"7";"V";"6";"V";"8";"V";"8";"V";"10";"V";"13";"V";"10";"V";"6";"V";"5";"V";"4";"V";"4";"V";"3";"V";"2";"V";"3";"V";"4";"V";"4";"V";"5";"V";"8";"V";"11";"V";"9";"V"
"28";"079";"49";"12";"28079049_12_8";"2025";"05";"02";"7";"V";"6";"V";"4";"V";"2";"V";"2";"V";"3";"V";"6";"V";"9";"V";"2";"V";"3";"V";"5";"V";"9";"V";"8";"V";"5";"V";"6";"V";"4";"V";"3";"V";"5";"V";"7";"V";"4";"V";"4";"V";"7";"V";"11";"V";"14";"V"
"28";"079";"49";"12";"28079049_12_8";"2025";"05";"03";"8";"V";"10";"V";"11";"V";"5";"V";"7";"V";"11";"V";"12";"V";"14";"V";"14";"V";"16";"V";"12";"V";"6";"V";"3";"V";"2";"V";"2";"V";"1";"V";"1";"V";"2";"V";"2";"V";"2";"V";"5";"V";"5";"V";"5";"V";"6";"V"
"28";"079";"49";"12";"28079049_12_8";"2025";"05";"04";"6";"V";"8";"V";"9";"V";"8";"V";"9";"V";"9";"V";"9";"V";"10";"V";"4";"V";"4";"V";"3";"V";"2";"V";"2";"V";"3";"V";"2";"V";"3";"V";"2";"V";"2";"V";"3";"V";"3";"V";"3";"V";"4";"V";"8";"V";"5";"V"
"28";"079";"49";"12";"28079049_12_8";"2025";"05";"05";"3";"V";"3";"V";"2";"V";"1";"V";"1";"V";"2";"V";"5";"V";"9";"V";"16";"V";"18";"V";"11";"V";"6";"V";"5";"V";"9";"V";"20";"V";"31";"V";"12";"V";"12";"V";"20";"V";"25";"V";"0";"N";"0";"N";"0";"N";"0";"N"
"28";"079";"49";"14";"28079049_14_6";"2025";"04";"28";"73";"V";"76";"V";"75";"V";"73";"V";"70";"V";"67";"V";"59";"V";"45";"V";"38";"V";"40";"V";"61";"V";"68";"V";"0";"N";"0";"N";"0";"N";"0";"N";"0";"N";"0";"N";"0";"N";"0";"N";"0";"N";"0";"N";"0";"N";"83";"V"
"28";"079";"49";"14";"28079049_14_6";"2025";"04";"29";"84";"V";"85";"V";"85";"V";"82";"V";"80";"V";"80";"V";"77";"V";"62";"V";"55";"V";"70";"V";"78";"V";"85";"V";"90";"V";"97";"V";"97";"V";"100";"V";"99";"V";"100";"V";"103";"V";"102";"V";"96";"V";"88";"V";"89";"V";"86";"V"
"28";"079";"49";"14";"28079049_14_6";"2025";"04";"30";"87";"V";"82";"V";"80";"V";"88";"V";"81";"V";"75";"V";"62";"V";"57";"V";"45";"V";"67";"V";"72";"V";"68";"V";"75";"V";"85";"V";"88";"V";"89";"V";"91";"V";"91";"V";"89";"V";"86";"V";"90";"V";"89";"V";"82";"V";"74";"V"
"28";"079";"49";"14";"28079049_14_6";"2025";"05";"01";"63";"V";"48";"V";"49";"V";"55";"V";"65";"V";"65";"V";"59";"V";"47";"V";"37";"V";"41";"V";"53";"V";"64";"V";"68";"V";"76";"V";"84";"V";"87";"V";"92";"V";"91";"V";"88";"V";"83";"V";"65";"V";"48";"V";"40";"V";"55";"V"
"28";"079";"49";"14";"28079049_14_6";"2025";"05";"02";"56";"V";"54";"V";"76";"V";"76";"V";"63";"V";"50";"V";"47";"V";"54";"V";"79";"V";"75";"V";"61";"V";"65";"V";"86";"V";"96";"V";"98";"V";"105";"V";"99";"V";"82";"V";"68";"V";"78";"V";"58";"V";"48";"V";"26";"V";"30";"V"
"28";"079";"49";"14";"28079049_14_6";"2025";"05";"03";"33";"V";"34";"V";"34";"V";"40";"V";"27";"V";"19";"V";"22";"V";"23";"V";"29";"V";"54";"V";"66";"V";"78";"V";"87";"V";"92";"V";"96";"V";"96";"V";"97";"V";"97";"V";"97";"V";"91";"V";"83";"V";"79";"V";"78";"V";"64";"V"
"28";"079";"49";"14";"28079049_14_6";"2025";"05";"04";"50";"V";"49";"V";"44";"V";"39";"V";"34";"V";"41";"V";"42";"V";"47";"V";"61";"V";"66";"V";"74";"V";"78";"V";"81";"V";"81";"V";"85";"V";"79";"V";"81";"V";"84";"V";"80";"V";"79";"V";"78";"V";"76";"V";"68";"V";"65";"V"
"28";"079";"49";"14";"28079049_14_6";"2025";"05";"05";"62";"V";"60";"V";"58";"V";"47";"V";"49";"V";"43";"V";"45";"V";"40";"V";"36";"V";"39";"V";"51";"V";"66";"V";"61";"V";"48";"V";"55";"V";"46";"V";"72";"V";"65";"V";"63";"V";"45";"V";"0";"N";"0";"N";"0";"N";"0";"N"
"28";"079";"49";"7";"28079049_7_8";"2025";"04";"28";"0";"V";"0";"V";"0";"V";"0";"V";"0";"V";"0";"V";"0";"V";"1";"V";"3";"V";"4";"V";"3";"V";"1";"V";"0";"N";"0";"N";"0";"N";"0";"N";"0";"N";"0";"N";"0";"N";"0";"N";"0";"N";"0";"N";"0";"N";"0";"N"
"28";"079";"49";"7";"28079049_7_8";"2025";"04";"29";"0";"V";"0";"V";"0";"V";"0";"V";"0";"V";"0";"V";"0";"V";"0";"V";"1";"V";"1";"V";"1";"V";"0";"V";"0";"V";"0";"V";"0";"V";"0";"V";"0";"V";"0";"V";"0";"V";"0";"V";"0";"V";"0";"V";"0";"V";"0";"V"
"28";"079";"49";"7";"28079049_7_8";"2025";"04";"30";"0";"V";"0";"V";"0";"V";"0";"V";"0";"V";"0";"V";"0";"V";"0";"V";"2";"V";"2";"V";"1";"V";"1";"V";"1";"V";"0";"V";"0";"V";"0";"V";"0";"V";"0";"V";"0";"V";"0";"V";"0";"V";"0";"V";"0";"V";"0";"V"
"28";"079";"49";"7";"28079049_7_8";"2025";"05";"01";"0";"V";"0";"V";"0";"V";"0";"V";"0";"V";"0";"V";"0";"V";"0";"V";"0";"V";"0";"V";"0";"V";"0";"V";"0";"V";"0";"V";"0";"V";"0";"V";"0";"V";"0";"V";"0";"V";"0";"V";"0";"V";"0";"V";"0";"V";"0";"V"
"28";"079";"49";"7";"28079049_7_8";"2025";"05";"02";"0";"V";"0";"V";"0";"V";"0";"V";"0";"V";"0";"V";"0";"V";"0";"V";"0";"V";"0";"V";"0";"V";"0";"V";"0";"V";"0";"V";"0";"V";"0";"V";"0";"V";"0";"V";"0";"V";"0";"V";"0";"V";"0";"V";"0";"V";"0";"V"
"28";"079";"49";"7";"28079049_7_8";"2025";"05";"03";"0";"V";"0";"V";"0";"V";"0";"V";"0";"V";"0";"V";"0";"V";"0";"V";"1";"V";"1";"V";"1";"V";"0";"V";"0";"V";"0";"V";"0";"V";"0";"V";"0";"V";"0";"V";"0";"V";"0";"V";"0";"V";"0";"V";"0";"V";"0";"V"
"28";"079";"49";"7";"28079049_7_8";"2025";"05";"04";"0";"V";"0";"V";"0";"V";"0";"V";"0";"V";"0";"V";"0";"V";"0";"V";"0";"V";"0";"V";"0";"V";"0";"V";"0";"V";"0";"V";"0";"V";"0";"V";"0";"V";"0";"V";"0";"V";"0";"V";"0";"V";"0";"V";"0";"V";"0";"V"
"28";"079";"49";"7";"28079049_7_8";"2025";"05";"05";"0";"V";"0";"V";"0";"V";"0";"V";"0";"V";"0";"V";"0";"V";"0";"V";"1";"V";"2";"V";"1";"V";"1";"V";"0";"V";"0";"V";"2";"V";"3";"V";"1";"V";"0";"V";"1";"V";"1";"V";"0";"N";"0";"N";"0";"N";"0";"N"
"28";"079";"49";"8";"28079049_8_8";"2025";"04";"28";"7";"V";"4";"V";"3";"V";"3";"V";"4";"V";"7";"V";"11";"V";"21";"V";"25";"V";"27";"V";"16";"V";"12";"V";"0";"N";"0";"N";"0";"N";"0";"N";"0";"N";"0";"N";"0";"N";"0";"N";"0";"N";"0";"N";"0";"N";"0";"N"
"28";"079";"49";"8";"28079049_8_8";"2025";"04";"29";"3";"V";"2";"V";"1";"V";"2";"V";"2";"V";"3";"V";"7";"V";"18";"V";"24";"V";"16";"V";"9";"V";"5";"V";"4";"V";"4";"V";"4";"V";"3";"V";"3";"V";"4";"V";"5";"V";"5";"V";"7";"V";"9";"V";"8";"V";"7";"V"
"28";"079";"49";"8";"28079049_8_8";"2025";"04";"30";"4";"V";"3";"V";"3";"V";"1";"V";"2";"V";"4";"V";"9";"V";"17";"V";"33";"V";"19";"V";"13";"V";"16";"V";"10";"V";"4";"V";"4";"V";"6";"V";"7";"V";"8";"V";"7";"V";"10";"V";"7";"V";"8";"V";"5";"V";"4";"V"
"28";"079";"49";"8";"28079049_8_8";"2025";"05";"01";"5";"V";"10";"V";"10";"V";"8";"V";"7";"V";"6";"V";"8";"V";"8";"V";"10";"V";"12";"V";"10";"V";"6";"V";"5";"V";"4";"V";"3";"V";"3";"V";"2";"V";"3";"V";"4";"V";"4";"V";"5";"V";"8";"V";"11";"V";"9";"V"
"28";"079";"49";"8";"28079049_8_8";"2025";"05";"02";"6";"V";"5";"V";"4";"V";"2";"V";"2";"V";"3";"V";"6";"V";"9";"V";"2";"V";"3";"V";"5";"V";"9";"V";"7";"V";"4";"V";"6";"V";"4";"V";"3";"V";"5";"V";"7";"V";"4";"V";"4";"V";"7";"V";"11";"V";"14";"V"
"28";"079";"49";"8";"28079049_8_8";"2025";"05";"03";"8";"V";"9";"V";"10";"V";"5";"V";"6";"V";"11";"V";"12";"V";"14";"V";"13";"V";"14";"V";"10";"V";"5";"V";"3";"V";"2";"V";"2";"V";"1";"V";"1";"V";"2";"V";"1";"V";"2";"V";"5";"V";"5";"V";"4";"V";"6";"V"
"28";"079";"49";"8";"28079049_8_8";"2025";"05";"04";"6";"V";"8";"V";"9";"V";"8";"V";"9";"V";"8";"V";"9";"V";"9";"V";"4";"V";"3";"V";"3";"V";"2";"V";"1";"V";"3";"V";"2";"V";"3";"V";"2";"V";"2";"V";"2";"V";"2";"V";"2";"V";"3";"V";"8";"V";"5";"V"
"28";"079";"49";"8";"28079049_8_8";"2025";"05";"05";"2";"V";"3";"V";"1";"V";"1";"V";"1";"V";"2";"V";"5";"V";"9";"V";"14";"V";"15";"V";"9";"V";"5";"V";"5";"V";"9";"V";"18";"V";"27";"V";"11";"V";"11";"V";"19";"V";"24";"V";"0";"N";"0";"N";"0";"N";"0";"N"
"28";"079";"50";"10";"28079050_10_47";"2025";"04";"28";"5";"V";"6";"V";"7";"V";"5";"V";"5";"V";"6";"V";"6";"V";"9";"V";"15";"V";"14";"V";"8";"V";"6";"V";"0";"N";"0";"N";"0";"N";"0";"N";"0";"N";"0";"N";"0";"N";"0";"N";"0";"N";"0";"N";"0";"N";"0";"N"
"28";"079";"50";"10";"28079050_10_47";"2025";"04";"29";"0";"N";"6";"V";"7";"V";"6";"V";"4";"V";"5";"V";"7";"V";"7";"V";"7";"V";"9";"V";"7";"V";"12";"V";"10";"V";"13";"V";"16";"V";"6";"V";"9";"V";"14";"V";"8";"V";"13";"V";"14";"V";"12";"V";"15";"V";"13";"V"
"28";"079";"50";"10";"28079050_10_47";"2025";"04";"30";"10";"V";"7";"V";"8";"V";"9";"V";"5";"V";"7";"V";"10";"V";"11";"V";"12";"V";"9";"V";"15";"V";"19";"V";"17";"V";"15";"V";"11";"V";"14";"V";"27";"V";"35";"V";"28";"V";"29";"V";"27";"V";"25";"V";"22";"V";"7";"V"
"28";"079";"50";"10";"28079050_10_47";"2025";"05";"01";"2";"V";"8";"V";"0";"V";"1";"V";"0";"N";"5";"V";"7";"V";"5";"V";"11";"V";"13";"V";"17";"V";"18";"V";"28";"V";"32";"V";"32";"V";"42";"V";"30";"V";"27";"V";"24";"V";"33";"V";"33";"V";"33";"V";"40";"V";"33";"V"
"28";"079";"50";"10";"28079050_10_47";"2025";"05";"02";"28";"V";"30";"V";"28";"V";"28";"V";"24";"V";"26";"V";"26";"V";"15";"V";"0";"V";"0";"V";"4";"V";"6";"V";"8";"V";"23";"V";"3";"V";"5";"V";"8";"V";"5";"V";"4";"V";"0";"V";"4";"V";"17";"V";"2";"V";"11";"V"
"28";"079";"50";"10";"28079050_10_47";"2025";"05";"03";"9";"V";"7";"V";"9";"V";"10";"V";"10";"V";"12";"V";"15";"V";"18";"V";"20";"V";"13";"V";"8";"V";"0";"V";"1";"V";"11";"V";"9";"V";"4";"V";"17";"V";"16";"V";"9";"V";"9";"V";"7";"V";"10";"V";"7";"V";"2";"V"
"28";"079";"50";"10";"28079050_10_47";"2025";"05";"04";"7";"V";"8";"V";"5";"V";"5";"V";"8";"V";"7";"V";"11";"V";"10";"V";"8";"V";"7";"V";"8";"V";"13";"V";"7";"V";"1";"V";"4";"V";"10";"V";"5";"V";"9";"V";"6";"V";"5";"V";"8";"V";"7";"V";"8";"V";"2";"V"
"28";"079";"50";"10";"28079050_10_47";"2025";"05";"05";"6";"V";"5";"V";"6";"V";"5";"V";"3";"V";"4";"V";"7";"V";"8";"V";"13";"V";"11";"V";"12";"V";"8";"V";"7";"V";"6";"V";"10";"V";"22";"V";"9";"V";"9";"V";"6";"V";"14";"V";"0";"N";"0";"N";"0";"N";"0";"N"
"28";"079";"50";"12";"28079050_12_8";"2025";"04";"28";"8";"V";"6";"V";"5";"V";"5";"V";"6";"V";"14";"V";"14";"V";"26";"V";"38";"V";"17";"V";"19";"V";"12";"V";"0";"N";"0";"N";"0";"N";"0";"N";"0";"N";"0";"N";"0";"N";"0";"N";"0";"N";"0";"N";"0";"N";"0";"N"
"28";"079";"50";"12";"28079050_12_8";"2025";"04";"29";"6";"V";"4";"V";"3";"V";"3";"V";"7";"V";"7";"V";"13";"V";"21";"V";"31";"V";"17";"V";"12";"V";"9";"V";"5";"V";"5";"V";"5";"V";"4";"V";"4";"V";"5";"V";"6";"V";"7";"V";"9";"V";"10";"V";"8";"V";"7";"V"
"28";"079";"50";"12";"28079050_12_8";"2025";"04";"30";"5";"V";"7";"V";"5";"V";"4";"V";"7";"V";"8";"V";"12";"V";"22";"V";"30";"V";"0";"N";"13";"V";"17";"V";"10";"V";"11";"V";"10";"V";"13";"V";"11";"V";"7";"V";"8";"V";"10";"V";"8";"V";"8";"V";"10";"V";"16";"V"
"28";"079";"50";"12";"28079050_12_8";"2025";"05";"01";"12";"V";"20";"V";"8";"V";"6";"V";"6";"V";"5";"V";"6";"V";"11";"V";"14";"V";"13";"V";"15";"V";"15";"V";"13";"V";"22";"V";"12";"V";"4";"V";"4";"V";"4";"V";"5";"V";"3";"V";"5";"V";"19";"V";"35";"V";"18";"V"
"28";"079";"50";"12";"28079050_12_8";"2025";"05";"02";"13";"V";"18";"V";"11";"V";"3";"V";"3";"V";"5";"V";"10";"V";"12";"V";"11";"V";"15";"V";"18";"V";"19";"V";"20";"V";"8";"V";"10";"V";"8";"V";"5";"V";"12";"V";"18";"V";"22";"V";"21";"V";"20";"V";"23";"V";"22";"V"
"28";"079";"50";"12";"28079050_12_8";"2025";"05";"03";"15";"V";"13";"V";"10";"V";"7";"V";"9";"V";"12";"V";"14";"V";"16";"V";"16";"V";"15";"V";"10";"V";"12";"V";"87";"V";"58";"V";"69";"V";"26";"V";"9";"V";"28";"V";"21";"V";"19";"V";"25";"V";"21";"V";"16";"V";"19";"V"
"28";"079";"50";"12";"28079050_12_8";"2025";"05";"04";"29";"V";"13";"V";"18";"V";"8";"V";"6";"V";"8";"V";"8";"V";"14";"V";"16";"V";"13";"V";"15";"V";"16";"V";"18";"V";"16";"V";"20";"V";"13";"V";"18";"V";"16";"V";"16";"V";"13";"V";"17";"V";"23";"V";"19";"V";"17";"V"
"28";"079";"50";"12";"28079050_12_8";"2025";"05";"05";"10";"V";"9";"V";"7";"V";"4";"V";"4";"V";"11";"V";"31";"V";"100";"V";"0";"N";"73";"V";"60";"V";"37";"V";"22";"V";"46";"V";"50";"V";"36";"V";"31";"V";"32";"V";"26";"V";"33";"V";"0";"N";"0";"N";"0";"N";"0";"N"
"28";"079";"50";"7";"28079050_7_8";"2025";"04";"28";"0";"V";"0";"V";"0";"V";"0";"V";"0";"V";"1";"V";"0";"V";"2";"V";"6";"V";"3";"V";"4";"V";"2";"V";"0";"N";"0";"N";"0";"N";"0";"N";"0";"N";"0";"N";"0";"N";"0";"N";"0";"N";"0";"N";"0";"N";"0";"N"
"28";"079";"50";"7";"28079050_7_8";"2025";"04";"29";"0";"V";"0";"V";"0";"V";"0";"V";"0";"V";"0";"V";"0";"V";"1";"V";"3";"V";"2";"V";"2";"V";"1";"V";"0";"V";"0";"V";"1";"V";"0";"V";"0";"V";"0";"V";"0";"V";"0";"V";"0";"V";"0";"V";"0";"V";"0";"V"
"28";"079";"50";"7";"28079050_7_8";"2025";"04";"30";"0";"V";"0";"V";"0";"V";"0";"V";"0";"V";"0";"V";"0";"V";"1";"V";"3";"V";"0";"N";"1";"V";"2";"V";"2";"V";"2";"V";"1";"V";"1";"V";"1";"V";"0";"V";"0";"V";"0";"V";"0";"V";"0";"V";"1";"V";"4";"V"
"28";"079";"50";"7";"28079050_7_8";"2025";"05";"01";"2";"V";"6";"V";"1";"V";"0";"V";"0";"V";"0";"V";"0";"V";"0";"V";"1";"V";"0";"V";"1";"V";"1";"V";"1";"V";"5";"V";"2";"V";"0";"V";"0";"V";"0";"V";"0";"V";"0";"V";"0";"V";"0";"V";"0";"V";"0";"V"
"28";"079";"50";"7";"28079050_7_8";"2025";"05";"02";"0";"V";"0";"V";"0";"V";"0";"V";"0";"V";"0";"V";"1";"V";"2";"V";"3";"V";"5";"V";"4";"V";"3";"V";"4";"V";"1";"V";"2";"V";"1";"V";"0";"V";"2";"V";"4";"V";"5";"V";"3";"V";"1";"V";"2";"V";"4";"V"
"28";"079";"50";"7";"28079050_7_8";"2025";"05";"03";"1";"V";"1";"V";"0";"V";"0";"V";"0";"V";"0";"V";"0";"V";"0";"V";"1";"V";"2";"V";"1";"V";"2";"V";"40";"V";"25";"V";"32";"V";"10";"V";"2";"V";"9";"V";"6";"V";"5";"V";"5";"V";"3";"V";"3";"V";"4";"V"
"28";"079";"50";"7";"28079050_7_8";"2025";"05";"04";"8";"V";"0";"V";"2";"V";"0";"V";"0";"V";"0";"V";"0";"V";"3";"V";"4";"V";"3";"V";"5";"V";"5";"V";"6";"V";"5";"V";"7";"V";"4";"V";"6";"V";"5";"V";"5";"V";"4";"V";"5";"V";"6";"V";"5";"V";"5";"V"
"28";"079";"50";"7";"28079050_7_8";"2025";"05";"05";"1";"V";"0";"V";"1";"V";"0";"V";"1";"V";"3";"V";"11";"V";"43";"V";"0";"N";"28";"V";"22";"V";"12";"V";"5";"V";"11";"V";"14";"V";"8";"V";"7";"V";"6";"V";"3";"V";"2";"V";"0";"N";"0";"N";"0";"N";"0";"N"
"28";"079";"50";"8";"28079050_8_8";"2025";"04";"28";"8";"V";"6";"V";"5";"V";"5";"V";"6";"V";"11";"V";"14";"V";"23";"V";"28";"V";"12";"V";"13";"V";"9";"V";"0";"N";"0";"N";"0";"N";"0";"N";"0";"N";"0";"N";"0";"N";"0";"N";"0";"N";"0";"N";"0";"N";"0";"N"
"28";"079";"50";"8";"28079050_8_8";"2025";"04";"29";"5";"V";"4";"V";"3";"V";"3";"V";"7";"V";"6";"V";"12";"V";"20";"V";"26";"V";"13";"V";"9";"V";"7";"V";"5";"V";"5";"V";"4";"V";"3";"V";"3";"V";"5";"V";"5";"V";"7";"V";"9";"V";"10";"V";"8";"V";"7";"V"
"28";"079";"50";"8";"28079050_8_8";"2025";"04";"30";"5";"V";"6";"V";"5";"V";"4";"V";"7";"V";"7";"V";"12";"V";"21";"V";"26";"V";"0";"N";"11";"V";"14";"V";"8";"V";"8";"V";"8";"V";"12";"V";"9";"V";"7";"V";"8";"V";"10";"V";"8";"V";"8";"V";"8";"V";"9";"V"
"28";"079";"50";"8";"28079050_8_8";"2025";"05";"01";"9";"V";"11";"V";"7";"V";"6";"V";"6";"V";"5";"V";"6";"V";"11";"V";"13";"V";"12";"V";"13";"V";"13";"V";"10";"V";"14";"V";"9";"V";"3";"V";"3";"V";"3";"V";"4";"V";"3";"V";"5";"V";"18";"V";"35";"V";"18";"V"
"28";"079";"50";"8";"28079050_8_8";"2025";"05";"02";"13";"V";"18";"V";"11";"V";"3";"V";"3";"V";"5";"V";"9";"V";"9";"V";"6";"V";"8";"V";"13";"V";"14";"V";"14";"V";"6";"V";"7";"V";"7";"V";"4";"V";"9";"V";"12";"V";"15";"V";"16";"V";"19";"V";"20";"V";"16";"V"
"28";"079";"50";"8";"28079050_8_8";"2025";"05";"03";"14";"V";"12";"V";"10";"V";"7";"V";"9";"V";"12";"V";"14";"V";"16";"V";"15";"V";"13";"V";"8";"V";"10";"V";"25";"V";"18";"V";"19";"V";"11";"V";"7";"V";"14";"V";"12";"V";"12";"V";"17";"V";"16";"V";"11";"V";"13";"V"
"28";"079";"50";"8";"28079050_8_8";"2025";"05";"04";"17";"V";"12";"V";"15";"V";"8";"V";"5";"V";"8";"V";"8";"V";"9";"V";"9";"V";"8";"V";"8";"V";"9";"V";"9";"V";"8";"V";"10";"V";"7";"V";"8";"V";"8";"V";"8";"V";"7";"V";"10";"V";"14";"V";"11";"V";"10";"V"
"28";"079";"50";"8";"28079050_8_8";"2025";"05";"05";"8";"V";"8";"V";"6";"V";"4";"V";"4";"V";"6";"V";"14";"V";"34";"V";"0";"N";"31";"V";"26";"V";"18";"V";"15";"V";"29";"V";"28";"V";"23";"V";"21";"V";"23";"V";"22";"V";"30";"V";"0";"N";"0";"N";"0";"N";"0";"N"
"28";"079";"50";"9";"28079050_9_47";"2025";"04";"28";"3";"V";"4";"V";"4";"V";"3";"V";"4";"V";"3";"V";"2";"V";"4";"V";"7";"V";"6";"V";"1";"V";"2";"V";"0";"N";"0";"N";"0";"N";"0";"N";"0";"N";"0";"N";"0";"N";"0";"N";"0";"N";"0";"N";"0";"N";"0";"N"
"28";"079";"50";"9";"28079050_9_47";"2025";"04";"29";"0";"N";"3";"V";"2";"V";"2";"V";"2";"V";"3";"V";"4";"V";"3";"V";"2";"V";"3";"V";"3";"V";"6";"V";"6";"V";"6";"V";"6";"V";"1";"V";"3";"V";"4";"V";"2";"V";"5";"V";"6";"V";"4";"V";"8";"V";"7";"V"
"28";"079";"50";"9";"28079050_9_47";"2025";"04";"30";"4";"V";"3";"V";"4";"V";"6";"V";"3";"V";"5";"V";"6";"V";"7";"V";"6";"V";"2";"V";"6";"V";"11";"V";"8";"V";"6";"V";"6";"V";"6";"V";"11";"V";"13";"V";"8";"V";"10";"V";"9";"V";"8";"V";"8";"V";"2";"V"
"28";"079";"50";"9";"28079050_9_47";"2025";"05";"01";"2";"V";"6";"V";"0";"V";"0";"V";"0";"N";"5";"V";"6";"V";"4";"V";"6";"V";"7";"V";"8";"V";"9";"V";"14";"V";"14";"V";"17";"V";"18";"V";"10";"V";"7";"V";"4";"V";"12";"V";"11";"V";"10";"V";"14";"V";"9";"V"
"28";"079";"50";"9";"28079050_9_47";"2025";"05";"02";"9";"V";"12";"V";"9";"V";"11";"V";"17";"V";"18";"V";"15";"V";"9";"V";"0";"V";"0";"V";"2";"V";"2";"V";"4";"V";"9";"V";"3";"V";"4";"V";"4";"V";"1";"V";"4";"V";"0";"V";"1";"V";"9";"V";"2";"V";"5";"V"
"28";"079";"50";"9";"28079050_9_47";"2025";"05";"03";"5";"V";"2";"V";"4";"V";"4";"V";"5";"V";"5";"V";"8";"V";"9";"V";"10";"V";"7";"V";"4";"V";"0";"V";"0";"V";"6";"V";"5";"V";"1";"V";"7";"V";"7";"V";"4";"V";"5";"V";"3";"V";"4";"V";"2";"V";"1";"V"
"28";"079";"50";"9";"28079050_9_47";"2025";"05";"04";"3";"V";"5";"V";"2";"V";"2";"V";"4";"V";"3";"V";"6";"V";"4";"V";"4";"V";"4";"V";"5";"V";"6";"V";"3";"V";"0";"V";"3";"V";"5";"V";"3";"V";"4";"V";"2";"V";"3";"V";"5";"V";"3";"V";"3";"V";"0";"V"
"28";"079";"50";"9";"28079050_9_47";"2025";"05";"05";"2";"V";"1";"V";"3";"V";"3";"V";"1";"V";"2";"V";"3";"V";"2";"V";"5";"V";"5";"V";"4";"V";"2";"V";"2";"V";"5";"V";"6";"V";"11";"V";"5";"V";"5";"V";"3";"V";"7";"V";"0";"N";"0";"N";"0";"N";"0";"N"
"28";"079";"54";"12";"28079054_12_8";"2025";"04";"28";"10";"V";"12";"V";"5";"V";"5";"V";"12";"V";"19";"V";"26";"V";"65";"V";"82";"V";"62";"V";"33";"V";"22";"V";"0";"N";"0";"N";"0";"N";"0";"N";"0";"N";"0";"N";"0";"N";"0";"N";"0";"N";"0";"N";"0";"N";"7";"V"
"28";"079";"54";"12";"28079054_12_8";"2025";"04";"29";"5";"V";"3";"V";"3";"V";"5";"V";"4";"V";"6";"V";"20";"V";"52";"V";"72";"V";"53";"V";"24";"V";"18";"V";"14";"V";"14";"V";"15";"V";"18";"V";"15";"V";"16";"V";"17";"V";"20";"V";"18";"V";"17";"V";"13";"V";"9";"V"
"28";"079";"54";"12";"28079054_12_8";"2025";"04";"30";"7";"V";"5";"V";"4";"V";"3";"V";"6";"V";"12";"V";"36";"V";"84";"V";"91";"V";"59";"V";"31";"V";"24";"V";"19";"V";"16";"V";"15";"V";"19";"V";"19";"V";"22";"V";"19";"V";"23";"V";"16";"V";"13";"V";"11";"V";"10";"V"
"28";"079";"54";"12";"28079054_12_8";"2025";"05";"01";"13";"V";"12";"V";"11";"V";"9";"V";"10";"V";"10";"V";"12";"V";"12";"V";"15";"V";"17";"V";"16";"V";"10";"V";"10";"V";"10";"V";"7";"V";"5";"V";"5";"V";"7";"V";"7";"V";"10";"V";"13";"V";"31";"V";"33";"V";"21";"V"
"28";"079";"54";"12";"28079054_12_8";"2025";"05";"02";"10";"V";"7";"V";"7";"V";"4";"V";"5";"V";"7";"V";"10";"V";"13";"V";"7";"V";"7";"V";"16";"V";"19";"V";"16";"V";"15";"V";"9";"V";"6";"V";"7";"V";"13";"V";"8";"V";"19";"V";"20";"V";"34";"V";"32";"V";"57";"V"
"28";"079";"54";"12";"28079054_12_8";"2025";"05";"03";"20";"V";"13";"V";"19";"V";"22";"V";"13";"V";"9";"V";"11";"V";"13";"V";"18";"V";"12";"V";"12";"V";"10";"V";"7";"V";"6";"V";"6";"V";"4";"V";"4";"V";"4";"V";"4";"V";"7";"V";"10";"V";"14";"V";"9";"V";"10";"V"
"28";"079";"54";"12";"28079054_12_8";"2025";"05";"04";"12";"V";"11";"V";"13";"V";"11";"V";"9";"V";"10";"V";"16";"V";"10";"V";"8";"V";"8";"V";"8";"V";"7";"V";"5";"V";"8";"V";"6";"V";"4";"V";"4";"V";"3";"V";"5";"V";"5";"V";"6";"V";"7";"V";"10";"V";"8";"V"
"28";"079";"54";"12";"28079054_12_8";"2025";"05";"05";"7";"V";"7";"V";"8";"V";"8";"V";"11";"V";"11";"V";"25";"V";"41";"V";"54";"V";"29";"V";"30";"V";"21";"V";"15";"V";"21";"V";"23";"V";"27";"V";"33";"V";"23";"V";"59";"V";"61";"V";"0";"N";"0";"N";"0";"N";"0";"N"
"28";"079";"54";"14";"28079054_14_6";"2025";"04";"28";"73";"V";"69";"V";"73";"V";"72";"V";"65";"V";"55";"V";"48";"V";"22";"V";"24";"V";"35";"V";"57";"V";"74";"V";"0";"N";"0";"N";"0";"N";"0";"N";"0";"N";"0";"N";"0";"N";"0";"N";"0";"N";"0";"N";"0";"N";"84";"V"
"28";"079";"54";"14";"28079054_14_6";"2025";"04";"29";"86";"V";"88";"V";"89";"V";"85";"V";"84";"V";"82";"V";"71";"V";"42";"V";"36";"V";"54";"V";"76";"V";"84";"V";"92";"V";"96";"V";"97";"V";"96";"V";"98";"V";"100";"V";"104";"V";"99";"V";"95";"V";"88";"V";"92";"V";"91";"V"
"28";"079";"54";"14";"28079054_14_6";"2025";"04";"30";"91";"V";"89";"V";"90";"V";"90";"V";"85";"V";"78";"V";"54";"V";"19";"V";"29";"V";"51";"V";"67";"V";"70";"V";"80";"V";"82";"V";"87";"V";"90";"V";"92";"V";"90";"V";"89";"V";"87";"V";"91";"V";"91";"V";"82";"V";"75";"V"
"28";"079";"54";"14";"28079054_14_6";"2025";"05";"01";"71";"V";"69";"V";"70";"V";"67";"V";"67";"V";"69";"V";"60";"V";"51";"V";"50";"V";"55";"V";"63";"V";"68";"V";"79";"V";"84";"V";"89";"V";"92";"V";"94";"V";"92";"V";"90";"V";"87";"V";"80";"V";"55";"V";"50";"V";"62";"V"
"28";"079";"54";"14";"28079054_14_6";"2025";"05";"02";"75";"V";"82";"V";"84";"V";"85";"V";"77";"V";"67";"V";"66";"V";"66";"V";"84";"V";"85";"V";"70";"V";"76";"V";"95";"V";"102";"V";"110";"V";"111";"V";"105";"V";"90";"V";"87";"V";"74";"V";"69";"V";"45";"V";"46";"V";"20";"V"
"28";"079";"54";"14";"28079054_14_6";"2025";"05";"03";"59";"V";"66";"V";"48";"V";"48";"V";"56";"V";"54";"V";"54";"V";"53";"V";"54";"V";"62";"V";"70";"V";"76";"V";"88";"V";"95";"V";"98";"V";"101";"V";"102";"V";"101";"V";"99";"V";"93";"V";"83";"V";"75";"V";"85";"V";"83";"V"
"28";"079";"54";"14";"28079054_14_6";"2025";"05";"04";"75";"V";"70";"V";"67";"V";"60";"V";"54";"V";"53";"V";"48";"V";"54";"V";"59";"V";"62";"V";"74";"V";"80";"V";"86";"V";"82";"V";"85";"V";"85";"V";"84";"V";"87";"V";"84";"V";"82";"V";"81";"V";"79";"V";"69";"V";"68";"V"
"28";"079";"54";"14";"28079054_14_6";"2025";"05";"05";"67";"V";"65";"V";"59";"V";"55";"V";"49";"V";"47";"V";"35";"V";"25";"V";"23";"V";"43";"V";"46";"V";"58";"V";"69";"V";"65";"V";"69";"V";"61";"V";"69";"V";"71";"V";"55";"V";"46";"V";"0";"N";"0";"N";"0";"N";"0";"N"
"28";"079";"54";"7";"28079054_7_8";"2025";"04";"28";"0";"V";"0";"V";"0";"V";"0";"V";"0";"V";"0";"V";"2";"V";"11";"V";"22";"V";"17";"V";"8";"V";"5";"V";"0";"N";"0";"N";"0";"N";"0";"N";"0";"N";"0";"N";"0";"N";"0";"N";"0";"N";"0";"N";"0";"N";"0";"V"
"28";"079";"54";"7";"28079054_7_8";"2025";"04";"29";"0";"V";"0";"V";"0";"V";"0";"V";"0";"V";"0";"V";"1";"V";"5";"V";"13";"V";"12";"V";"6";"V";"4";"V";"3";"V";"3";"V";"3";"V";"4";"V";"3";"V";"3";"V";"4";"V";"4";"V";"3";"V";"2";"V";"1";"V";"1";"V"
"28";"079";"54";"7";"28079054_7_8";"2025";"04";"30";"0";"V";"0";"V";"0";"V";"0";"V";"0";"V";"0";"V";"2";"V";"13";"V";"21";"V";"13";"V";"6";"V";"4";"V";"5";"V";"4";"V";"3";"V";"4";"V";"3";"V";"4";"V";"4";"V";"5";"V";"3";"V";"1";"V";"1";"V";"0";"V"
"28";"079";"54";"7";"28079054_7_8";"2025";"05";"01";"0";"V";"0";"V";"0";"V";"0";"V";"0";"V";"0";"V";"0";"V";"0";"V";"1";"V";"1";"V";"2";"V";"1";"V";"1";"V";"1";"V";"1";"V";"1";"V";"1";"V";"1";"V";"1";"V";"1";"V";"1";"V";"1";"V";"2";"V";"1";"V"
"28";"079";"54";"7";"28079054_7_8";"2025";"05";"02";"0";"V";"0";"V";"0";"V";"0";"V";"0";"V";"0";"V";"0";"V";"0";"V";"0";"V";"0";"V";"1";"V";"2";"V";"3";"V";"2";"V";"1";"V";"1";"V";"1";"V";"1";"V";"1";"V";"2";"V";"2";"V";"3";"V";"1";"V";"4";"V"
"28";"079";"54";"7";"28079054_7_8";"2025";"05";"03";"0";"V";"0";"V";"0";"V";"0";"V";"0";"V";"0";"V";"0";"V";"0";"V";"2";"V";"2";"V";"2";"V";"1";"V";"1";"V";"1";"V";"1";"V";"0";"V";"1";"V";"0";"V";"0";"V";"0";"V";"0";"V";"0";"V";"0";"V";"1";"V"
"28";"079";"54";"7";"28079054_7_8";"2025";"05";"04";"0";"V";"0";"V";"0";"V";"0";"V";"0";"V";"0";"V";"0";"V";"0";"V";"0";"V";"0";"V";"0";"V";"1";"V";"1";"V";"1";"V";"1";"V";"0";"V";"0";"V";"0";"V";"1";"V";"1";"V";"0";"V";"0";"V";"0";"V";"0";"V"
"28";"079";"54";"7";"28079054_7_8";"2025";"05";"05";"0";"V";"0";"V";"0";"V";"0";"V";"0";"V";"0";"V";"1";"V";"3";"V";"8";"V";"4";"V";"5";"V";"4";"V";"2";"V";"1";"V";"3";"V";"3";"V";"7";"V";"2";"V";"10";"V";"9";"V";"0";"N";"0";"N";"0";"N";"0";"N"
"28";"079";"54";"8";"28079054_8_8";"2025";"04";"28";"10";"V";"12";"V";"5";"V";"5";"V";"11";"V";"18";"V";"23";"V";"48";"V";"48";"V";"35";"V";"20";"V";"14";"V";"0";"N";"0";"N";"0";"N";"0";"N";"0";"N";"0";"N";"0";"N";"0";"N";"0";"N";"0";"N";"0";"N";"6";"V"
"28";"079";"54";"8";"28079054_8_8";"2025";"04";"29";"5";"V";"3";"V";"3";"V";"5";"V";"4";"V";"6";"V";"18";"V";"44";"V";"51";"V";"35";"V";"16";"V";"13";"V";"10";"V";"10";"V";"9";"V";"11";"V";"10";"V";"10";"V";"12";"V";"14";"V";"14";"V";"15";"V";"12";"V";"9";"V"
"28";"079";"54";"8";"28079054_8_8";"2025";"04";"30";"6";"V";"5";"V";"4";"V";"3";"V";"6";"V";"12";"V";"32";"V";"65";"V";"59";"V";"38";"V";"21";"V";"18";"V";"12";"V";"10";"V";"10";"V";"13";"V";"14";"V";"15";"V";"13";"V";"16";"V";"12";"V";"11";"V";"10";"V";"9";"V"
"28";"079";"54";"8";"28079054_8_8";"2025";"05";"01";"13";"V";"12";"V";"11";"V";"9";"V";"9";"V";"10";"V";"11";"V";"12";"V";"13";"V";"16";"V";"13";"V";"8";"V";"8";"V";"8";"V";"6";"V";"4";"V";"4";"V";"5";"V";"6";"V";"7";"V";"11";"V";"29";"V";"31";"V";"19";"V"
"28";"079";"54";"8";"28079054_8_8";"2025";"05";"02";"10";"V";"7";"V";"6";"V";"4";"V";"5";"V";"6";"V";"10";"V";"13";"V";"7";"V";"7";"V";"14";"V";"17";"V";"12";"V";"11";"V";"7";"V";"5";"V";"6";"V";"12";"V";"7";"V";"16";"V";"18";"V";"30";"V";"31";"V";"50";"V"
"28";"079";"54";"8";"28079054_8_8";"2025";"05";"03";"20";"V";"13";"V";"19";"V";"21";"V";"12";"V";"9";"V";"11";"V";"13";"V";"16";"V";"10";"V";"9";"V";"8";"V";"5";"V";"5";"V";"4";"V";"3";"V";"3";"V";"3";"V";"3";"V";"6";"V";"10";"V";"14";"V";"9";"V";"9";"V"
"28";"079";"54";"8";"28079054_8_8";"2025";"05";"04";"12";"V";"11";"V";"12";"V";"11";"V";"9";"V";"10";"V";"16";"V";"10";"V";"8";"V";"7";"V";"7";"V";"5";"V";"4";"V";"6";"V";"5";"V";"3";"V";"4";"V";"3";"V";"4";"V";"4";"V";"5";"V";"7";"V";"10";"V";"8";"V"
"28";"079";"54";"8";"28079054_8_8";"2025";"05";"05";"7";"V";"7";"V";"8";"V";"8";"V";"11";"V";"11";"V";"24";"V";"37";"V";"42";"V";"23";"V";"22";"V";"15";"V";"11";"V";"20";"V";"17";"V";"22";"V";"22";"V";"20";"V";"43";"V";"47";"V";"0";"N";"0";"N";"0";"N";"0";"N"
"28";"079";"55";"10";"28079055_10_47";"2025";"04";"28";"6";"V";"7";"V";"4";"V";"6";"V";"4";"V";"6";"V";"8";"V";"9";"V";"10";"V";"9";"V";"5";"V";"11";"V";"0";"N";"0";"N";"0";"N";"0";"N";"0";"N";"0";"N";"0";"N";"0";"N";"0";"N";"0";"N";"0";"N";"0";"N"
"28";"079";"55";"10";"28079055_10_47";"2025";"04";"29";"0";"N";"0";"N";"0";"N";"0";"N";"0";"N";"0";"N";"0";"N";"0";"N";"12";"V";"17";"V";"12";"V";"9";"V";"18";"V";"25";"V";"22";"V";"22";"V";"13";"V";"16";"V";"18";"V";"17";"V";"14";"V";"12";"V";"9";"V";"5";"V"
"28";"079";"55";"10";"28079055_10_47";"2025";"04";"30";"10";"V";"11";"V";"10";"V";"8";"V";"9";"V";"10";"V";"11";"V";"14";"V";"14";"V";"12";"V";"6";"V";"12";"V";"17";"V";"17";"V";"11";"V";"17";"V";"30";"V";"39";"V";"27";"V";"29";"V";"25";"V";"25";"V";"21";"V";"16";"V"
"28";"079";"55";"10";"28079055_10_47";"2025";"05";"01";"5";"V";"5";"V";"2";"V";"3";"V";"6";"V";"6";"V";"5";"V";"6";"V";"10";"V";"10";"V";"2";"V";"12";"V";"26";"V";"40";"V";"34";"V";"28";"V";"16";"V";"20";"V";"42";"V";"30";"V";"27";"V";"33";"V";"36";"V";"39";"V"
"28";"079";"55";"10";"28079055_10_47";"2025";"05";"02";"33";"V";"35";"V";"26";"V";"25";"V";"31";"V";"28";"V";"27";"V";"30";"V";"8";"V";"5";"V";"8";"V";"15";"V";"24";"V";"19";"V";"12";"V";"28";"V";"13";"V";"13";"V";"0";"V";"9";"V";"12";"V";"12";"V";"11";"V";"12";"V"
"28";"079";"55";"10";"28079055_10_47";"2025";"05";"03";"13";"V";"14";"V";"13";"V";"15";"V";"15";"V";"14";"V";"13";"V";"15";"V";"13";"V";"12";"V";"6";"V";"7";"V";"13";"V";"5";"V";"29";"V";"6";"V";"7";"V";"6";"V";"0";"V";"6";"V";"13";"V";"9";"V";"8";"V";"7";"V"
"28";"079";"55";"10";"28079055_10_47";"2025";"05";"04";"8";"V";"8";"V";"10";"V";"8";"V";"8";"V";"9";"V";"9";"V";"9";"V";"6";"V";"6";"V";"1";"V";"4";"V";"9";"V";"16";"V";"10";"V";"1";"V";"1";"V";"7";"V";"2";"V";"16";"V";"5";"V";"2";"V";"1";"V";"4";"V"
"28";"079";"55";"10";"28079055_10_47";"2025";"05";"05";"5";"V";"5";"V";"7";"V";"7";"V";"7";"V";"5";"V";"2";"V";"7";"V";"11";"V";"8";"V";"6";"V";"15";"V";"13";"V";"10";"V";"9";"V";"10";"V";"1";"V";"2";"V";"1";"V";"15";"V";"0";"N";"0";"N";"0";"N";"0";"N"
"28";"079";"55";"12";"28079055_12_8";"2025";"04";"28";"67";"V";"25";"V";"27";"V";"21";"V";"30";"V";"20";"V";"47";"V";"96";"V";"0";"N";"0";"N";"22";"V";"20";"V";"0";"N";"0";"N";"0";"N";"0";"N";"0";"N";"0";"N";"0";"N";"0";"N";"0";"N";"0";"N";"0";"N";"10";"V"
"28";"079";"55";"12";"28079055_12_8";"2025";"04";"29";"5";"V";"4";"V";"4";"V";"9";"V";"14";"V";"20";"V";"41";"V";"100";"V";"91";"V";"47";"V";"11";"V";"15";"V";"15";"V";"15";"V";"15";"V";"18";"V";"12";"V";"10";"V";"10";"V";"12";"V";"12";"V";"11";"V";"18";"V";"11";"V"
"28";"079";"55";"12";"28079055_12_8";"2025";"04";"30";"13";"V";"11";"V";"10";"V";"8";"V";"15";"V";"26";"V";"74";"V";"105";"V";"91";"V";"49";"V";"15";"V";"23";"V";"14";"V";"14";"V";"13";"V";"22";"V";"11";"V";"14";"V";"15";"V";"12";"V";"11";"V";"10";"V";"8";"V";"6";"V"
"28";"079";"55";"12";"28079055_12_8";"2025";"05";"01";"7";"V";"12";"V";"12";"V";"6";"V";"11";"V";"11";"V";"22";"V";"18";"V";"18";"V";"19";"V";"15";"V";"15";"V";"10";"V";"8";"V";"6";"V";"6";"V";"5";"V";"6";"V";"9";"V";"11";"V";"15";"V";"41";"V";"44";"V";"36";"V"
"28";"079";"55";"12";"28079055_12_8";"2025";"05";"02";"107";"V";"54";"V";"38";"V";"7";"V";"9";"V";"14";"V";"21";"V";"16";"V";"6";"V";"7";"V";"12";"V";"19";"V";"35";"V";"13";"V";"11";"V";"9";"V";"9";"V";"11";"V";"8";"V";"17";"V";"21";"V";"31";"V";"38";"V";"44";"V"
"28";"079";"55";"12";"28079055_12_8";"2025";"05";"03";"43";"V";"43";"V";"45";"V";"41";"V";"34";"V";"24";"V";"44";"V";"47";"V";"31";"V";"27";"V";"12";"V";"7";"V";"8";"V";"6";"V";"5";"V";"5";"V";"4";"V";"5";"V";"5";"V";"11";"V";"12";"V";"15";"V";"6";"V";"9";"V"
"28";"079";"55";"12";"28079055_12_8";"2025";"05";"04";"13";"V";"15";"V";"10";"V";"11";"V";"13";"V";"14";"V";"12";"V";"12";"V";"11";"V";"9";"V";"11";"V";"7";"V";"5";"V";"7";"V";"7";"V";"5";"V";"5";"V";"6";"V";"6";"V";"7";"V";"8";"V";"6";"V";"9";"V";"6";"V"
"28";"079";"55";"12";"28079055_12_8";"2025";"05";"05";"4";"V";"4";"V";"3";"V";"4";"V";"4";"V";"6";"V";"11";"V";"49";"V";"44";"V";"58";"V";"43";"V";"39";"V";"41";"V";"25";"V";"28";"V";"25";"V";"26";"V";"24";"V";"42";"V";"37";"V";"0";"N";"0";"N";"0";"N";"0";"N"
"28";"079";"55";"20";"28079055_20_59";"2025";"04";"28";"0.5";"V";"0.4";"V";"0.4";"V";"0.4";"V";"0.5";"V";"0.6";"V";"0.5";"V";"0.9";"V";"1.2";"V";"0";"N";"0";"N";"0.9";"V";"0";"N";"0";"N";"0";"N";"0";"N";"0";"N";"0";"N";"0";"N";"0";"N";"0";"N";"0";"N";"0";"N";"0.7";"V"
"28";"079";"55";"20";"28079055_20_59";"2025";"04";"29";"0.5";"V";"0.4";"V";"0.5";"V";"0.4";"V";"0.4";"V";"0.5";"V";"0.7";"V";"1.1";"V";"1.4";"V";"2.2";"V";"1.3";"V";"0.8";"V";"0";"N";"0.6";"V";"0.7";"V";"0.6";"V";"0.7";"V";"0.8";"V";"0.6";"V";"0.7";"V";"0.7";"V";"0.7";"V";"0.9";"V";"0.9";"V"
"28";"079";"55";"20";"28079055_20_59";"2025";"04";"30";"0.7";"V";"0.6";"V";"0.5";"V";"0.4";"V";"0.6";"V";"0.9";"V";"1";"V";"1.3";"V";"1.9";"V";"1.4";"V";"1.5";"V";"1";"V";"1.2";"V";"0.8";"V";"0.7";"V";"0.7";"V";"0.9";"V";"1";"V";"1";"V";"1";"V";"0.8";"V";"0.7";"V";"0.6";"V";"0.7";"V"
"28";"079";"55";"20";"28079055_20_59";"2025";"05";"01";"0.8";"V";"0.9";"V";"1";"V";"0.9";"V";"0.6";"V";"0.4";"V";"0.5";"V";"0.9";"V";"1";"V";"1.2";"V";"0.8";"V";"1";"V";"1.2";"V";"1.2";"V";"0.9";"V";"1";"V";"0.9";"V";"1.2";"V";"0.7";"V";"0.7";"V";"0.7";"V";"0.9";"V";"1.2";"V";"1.9";"V"
"28";"079";"55";"20";"28079055_20_59";"2025";"05";"02";"2.3";"V";"1.3";"V";"1.4";"V";"1";"V";"0.8";"V";"1";"V";"1.1";"V";"1.4";"V";"1";"V";"0.4";"V";"0.7";"V";"0.9";"V";"0.9";"V";"0.6";"V";"0.5";"V";"0.6";"V";"0.6";"V";"0.8";"V";"1.4";"V";"0.9";"V";"1.4";"V";"2.3";"V";"2.2";"V";"2.8";"V"
"28";"079";"55";"20";"28079055_20_59";"2025";"05";"03";"2.1";"V";"2.6";"V";"2.7";"V";"3.6";"V";"3.5";"V";"2";"V";"2.2";"V";"2.4";"V";"1.3";"V";"1.6";"V";"1.1";"V";"0.7";"V";"1.4";"V";"2";"V";"1";"V";"0.6";"V";"0.6";"V";"0.4";"V";"0.6";"V";"0.5";"V";"0.7";"V";"0.8";"V";"0.7";"V";"0.7";"V"
"28";"079";"55";"20";"28079055_20_59";"2025";"05";"04";"0.8";"V";"1.1";"V";"0.8";"V";"1";"V";"1.3";"V";"1.5";"V";"1.4";"V";"1";"V";"1";"V";"0.9";"V";"0.9";"V";"1";"V";"0.5";"V";"0.6";"V";"0.6";"V";"0.6";"V";"0.5";"V";"0.4";"V";"0.5";"V";"0.7";"V";"0.6";"V";"0.5";"V";"0.6";"V";"0.6";"V"
"28";"079";"55";"20";"28079055_20_59";"2025";"05";"05";"0.3";"V";"0.4";"V";"0.5";"V";"0.7";"V";"0.7";"V";"0.8";"V";"0.6";"V";"1";"V";"2";"V";"1.9";"V";"2.4";"V";"1.7";"V";"1.4";"V";"1.6";"V";"2.1";"V";"1.6";"V";"1.6";"V";"1.6";"V";"1.9";"V";"2";"V";"0";"N";"0";"N";"0";"N";"0";"N"
"28";"079";"55";"30";"28079055_30_59";"2025";"04";"28";"0.3";"V";"0.3";"V";"0.3";"V";"0.2";"V";"0.3";"V";"0.3";"V";"0.3";"V";"0.6";"V";"0.8";"V";"0";"N";"0";"N";"0.4";"V";"0";"N";"0";"N";"0";"N";"0";"N";"0";"N";"0";"N";"0";"N";"0";"N";"0";"N";"0";"N";"0";"N";"0.3";"V"
"28";"079";"55";"30";"28079055_30_59";"2025";"04";"29";"0.2";"V";"0.2";"V";"0.2";"V";"0.2";"V";"0.2";"V";"0.3";"V";"0.3";"V";"0.6";"V";"0.8";"V";"0.8";"V";"0.4";"V";"0.3";"V";"0";"N";"0.3";"V";"0.3";"V";"0.3";"V";"0.3";"V";"0.4";"V";"0.3";"V";"0.2";"V";"0.3";"V";"0.3";"V";"0.3";"V";"0.2";"V"
"28";"079";"55";"30";"28079055_30_59";"2025";"04";"30";"0.3";"V";"0.4";"V";"0.3";"V";"0.2";"V";"0.3";"V";"0.4";"V";"0.4";"V";"0.8";"V";"1";"V";"0.7";"V";"0.4";"V";"0.3";"V";"0.3";"V";"0.3";"V";"0.2";"V";"0.3";"V";"0.4";"V";"0.4";"V";"0.4";"V";"0.3";"V";"0.2";"V";"0.3";"V";"0.2";"V";"0.2";"V"
"28";"079";"55";"30";"28079055_30_59";"2025";"05";"01";"0.3";"V";"0.3";"V";"0.3";"V";"0.3";"V";"0.2";"V";"0.2";"V";"0.2";"V";"0.4";"V";"0.3";"V";"0.4";"V";"0.3";"V";"0.4";"V";"0.4";"V";"0.3";"V";"0.3";"V";"0.3";"V";"0.2";"V";"0.3";"V";"0.3";"V";"0.3";"V";"0.3";"V";"0.4";"V";"0.8";"V";"0.7";"V"
"28";"079";"55";"30";"28079055_30_59";"2025";"05";"02";"1";"V";"0.6";"V";"0.5";"V";"0.4";"V";"0.3";"V";"0.3";"V";"0.3";"V";"0.4";"V";"0.3";"V";"0.2";"V";"0.2";"V";"0.3";"V";"0.4";"V";"0.3";"V";"0.3";"V";"0.2";"V";"0.3";"V";"0.3";"V";"0.3";"V";"0.3";"V";"0.5";"V";"0.6";"V";"0.6";"V";"0.8";"V"
"28";"079";"55";"30";"28079055_30_59";"2025";"05";"03";"0.6";"V";"0.8";"V";"0.9";"V";"0.8";"V";"0.9";"V";"0.6";"V";"0.7";"V";"0.7";"V";"0.4";"V";"0.5";"V";"0.4";"V";"0.3";"V";"0.4";"V";"0.3";"V";"0.2";"V";"0.2";"V";"0.2";"V";"0.2";"V";"0.2";"V";"0.2";"V";"0.3";"V";"0.3";"V";"0.3";"V";"0.3";"V"
"28";"079";"55";"30";"28079055_30_59";"2025";"05";"04";"0.3";"V";"0.4";"V";"0.4";"V";"0.4";"V";"0.4";"V";"0.5";"V";"0.5";"V";"0.3";"V";"0.3";"V";"0.3";"V";"0.3";"V";"0.4";"V";"0.2";"V";"0.2";"V";"0.3";"V";"0.2";"V";"0.2";"V";"0.2";"V";"0.2";"V";"0.3";"V";"0.3";"V";"0.2";"V";"0.3";"V";"0.3";"V"
"28";"079";"55";"30";"28079055_30_59";"2025";"05";"05";"0.2";"V";"0.2";"V";"0.2";"V";"0.2";"V";"0.2";"V";"0.2";"V";"0.2";"V";"0.3";"V";"0.7";"V";"0.9";"V";"0.9";"V";"0.6";"V";"0.5";"V";"0.5";"V";"0.4";"V";"0.5";"V";"0.4";"V";"0.4";"V";"0.6";"V";"0.5";"V";"0";"N";"0";"N";"0";"N";"0";"N"
"28";"079";"55";"35";"28079055_35_59";"2025";"04";"28";"0";"V";"0";"V";"0";"V";"0";"V";"0";"V";"0";"V";"0";"V";"0";"V";"0.1";"V";"0";"N";"0";"N";"0.4";"V";"0";"N";"0";"N";"0";"N";"0";"N";"0";"N";"0";"N";"0";"N";"0";"N";"0";"N";"0";"N";"0";"N";"0";"V"
"28";"079";"55";"35";"28079055_35_59";"2025";"04";"29";"0.1";"V";"0";"V";"0";"V";"0";"V";"0";"V";"0";"V";"0";"V";"0.1";"V";"0.1";"V";"0.3";"V";"0.2";"V";"0";"V";"0";"N";"0";"V";"0";"V";"0.1";"V";"0";"V";"0.1";"V";"0";"V";"0";"V";"0.1";"V";"0.3";"V";"0.3";"V";"0.1";"V"
"28";"079";"55";"35";"28079055_35_59";"2025";"04";"30";"0.1";"V";"0";"V";"0";"V";"0";"V";"0";"V";"0.1";"V";"0.1";"V";"0.2";"V";"0.2";"V";"0.2";"V";"0.2";"V";"0.1";"V";"0.1";"V";"0";"V";"0.1";"V";"0";"V";"0.1";"V";"0";"V";"0.2";"V";"0.3";"V";"0.1";"V";"0.1";"V";"0.1";"V";"0";"V"
"28";"079";"55";"35";"28079055_35_59";"2025";"05";"01";"0";"V";"0";"V";"0";"V";"0.1";"V";"0";"V";"0";"V";"0";"V";"0";"V";"0";"V";"0.1";"V";"0";"V";"0.2";"V";"0.1";"V";"0.1";"V";"0";"V";"0";"V";"0";"V";"0";"V";"0";"V";"0";"V";"0";"V";"0";"V";"0.2";"V";"0.2";"V"
"28";"079";"55";"35";"28079055_35_59";"2025";"05";"02";"0.3";"V";"0.1";"V";"0.2";"V";"0.1";"V";"0";"V";"0";"V";"0.1";"V";"0.1";"V";"0.1";"V";"0";"V";"0";"V";"0";"V";"0";"V";"0.1";"V";"0";"V";"0";"V";"0";"V";"0";"V";"0";"V";"0.1";"V";"0.1";"V";"0.2";"V";"0.1";"V";"0.3";"V"
"28";"079";"55";"35";"28079055_35_59";"2025";"05";"03";"0.2";"V";"0.2";"V";"0.3";"V";"0.4";"V";"0.4";"V";"0.3";"V";"0.3";"V";"0.3";"V";"0.1";"V";"0.2";"V";"0";"V";"0";"V";"0.2";"V";"0";"V";"0";"V";"0";"V";"0";"V";"0";"V";"0";"V";"0";"V";"0";"V";"0";"V";"0";"V";"0";"V"
"28";"079";"55";"35";"28079055_35_59";"2025";"05";"04";"0.1";"V";"0";"V";"0";"V";"0";"V";"0.1";"V";"0.1";"V";"0.1";"V";"0";"V";"0.1";"V";"0.1";"V";"0.1";"V";"0.1";"V";"0";"V";"0";"V";"0";"V";"0";"V";"0";"V";"0";"V";"0";"V";"0.1";"V";"0";"V";"0";"V";"0";"V";"0";"V"
"28";"079";"55";"35";"28079055_35_59";"2025";"05";"05";"0";"V";"0";"V";"0";"V";"0.1";"V";"0.1";"V";"0";"V";"0.1";"V";"0.1";"V";"0.2";"V";"0.1";"V";"0.2";"V";"0.2";"V";"0.1";"V";"0.2";"V";"0.2";"V";"0.1";"V";"0.2";"V";"0.1";"V";"0.2";"V";"0.4";"V";"0";"N";"0";"N";"0";"N";"0";"N"
"28";"079";"55";"7";"28079055_7_8";"2025";"04";"28";"5";"V";"0";"V";"0";"V";"0";"V";"0";"V";"0";"V";"5";"V";"21";"V";"0";"N";"0";"N";"3";"V";"2";"V";"0";"N";"0";"N";"0";"N";"0";"N";"0";"N";"0";"N";"0";"N";"0";"N";"0";"N";"0";"N";"0";"N";"0";"V"
"28";"079";"55";"7";"28079055_7_8";"2025";"04";"29";"0";"V";"0";"V";"0";"V";"0";"V";"0";"V";"0";"V";"2";"V";"22";"V";"20";"V";"9";"V";"0";"V";"1";"V";"1";"V";"1";"V";"1";"V";"1";"V";"1";"V";"0";"V";"0";"V";"0";"V";"0";"V";"0";"V";"1";"V";"0";"V"
"28";"079";"55";"7";"28079055_7_8";"2025";"04";"30";"0";"V";"0";"V";"0";"V";"0";"V";"0";"V";"0";"V";"6";"V";"23";"V";"19";"V";"9";"V";"1";"V";"1";"V";"1";"V";"1";"V";"0";"V";"0";"V";"0";"V";"0";"V";"0";"V";"0";"V";"0";"V";"0";"V";"0";"V";"0";"V"
"28";"079";"55";"7";"28079055_7_8";"2025";"05";"01";"0";"V";"0";"V";"0";"V";"0";"V";"0";"V";"0";"V";"0";"V";"0";"V";"0";"V";"0";"V";"0";"V";"0";"V";"0";"V";"0";"V";"0";"V";"0";"V";"0";"V";"0";"V";"0";"V";"0";"V";"0";"V";"0";"V";"0";"V";"0";"V"
"28";"079";"55";"7";"28079055_7_8";"2025";"05";"02";"24";"V";"6";"V";"1";"V";"0";"V";"0";"V";"0";"V";"0";"V";"0";"V";"0";"V";"0";"V";"0";"V";"1";"V";"5";"V";"0";"V";"0";"V";"0";"V";"0";"V";"0";"V";"0";"V";"0";"V";"0";"V";"0";"V";"0";"V";"1";"V"
"28";"079";"55";"7";"28079055_7_8";"2025";"05";"03";"0";"V";"0";"V";"2";"V";"2";"V";"1";"V";"0";"V";"2";"V";"3";"V";"2";"V";"3";"V";"0";"V";"0";"V";"1";"V";"0";"V";"0";"V";"0";"V";"0";"V";"0";"V";"0";"V";"0";"V";"0";"V";"0";"V";"0";"V";"0";"V"
"28";"079";"55";"7";"28079055_7_8";"2025";"05";"04";"0";"V";"0";"V";"0";"V";"0";"V";"0";"V";"0";"V";"0";"V";"0";"V";"0";"V";"0";"V";"0";"V";"0";"V";"0";"V";"0";"V";"0";"V";"0";"V";"0";"V";"0";"V";"0";"V";"0";"V";"0";"V";"0";"V";"0";"V";"0";"V"
"28";"079";"55";"7";"28079055_7_8";"2025";"05";"05";"0";"V";"0";"V";"0";"V";"0";"V";"0";"V";"0";"V";"0";"V";"9";"V";"7";"V";"12";"V";"7";"V";"7";"V";"7";"V";"2";"V";"5";"V";"3";"V";"3";"V";"1";"V";"3";"V";"1";"V";"0";"N";"0";"N";"0";"N";"0";"N"
"28";"079";"55";"8";"28079055_8_8";"2025";"04";"28";"60";"V";"25";"V";"27";"V";"21";"V";"30";"V";"20";"V";"39";"V";"64";"V";"0";"N";"0";"N";"18";"V";"16";"V";"0";"N";"0";"N";"0";"N";"0";"N";"0";"N";"0";"N";"0";"N";"0";"N";"0";"N";"0";"N";"0";"N";"10";"V"
"28";"079";"55";"8";"28079055_8_8";"2025";"04";"29";"5";"V";"4";"V";"4";"V";"9";"V";"14";"V";"20";"V";"39";"V";"66";"V";"60";"V";"33";"V";"11";"V";"14";"V";"14";"V";"14";"V";"14";"V";"16";"V";"11";"V";"10";"V";"10";"V";"11";"V";"12";"V";"11";"V";"15";"V";"11";"V"
"28";"079";"55";"8";"28079055_8_8";"2025";"04";"30";"13";"V";"11";"V";"10";"V";"8";"V";"15";"V";"26";"V";"64";"V";"69";"V";"62";"V";"34";"V";"14";"V";"21";"V";"12";"V";"13";"V";"12";"V";"21";"V";"11";"V";"14";"V";"15";"V";"12";"V";"11";"V";"10";"V";"8";"V";"6";"V"
"28";"079";"55";"8";"28079055_8_8";"2025";"05";"01";"7";"V";"12";"V";"12";"V";"6";"V";"11";"V";"11";"V";"22";"V";"18";"V";"18";"V";"18";"V";"15";"V";"14";"V";"9";"V";"8";"V";"6";"V";"6";"V";"5";"V";"6";"V";"9";"V";"11";"V";"15";"V";"41";"V";"44";"V";"36";"V"
"28";"079";"55";"8";"28079055_8_8";"2025";"05";"02";"70";"V";"46";"V";"37";"V";"7";"V";"9";"V";"14";"V";"21";"V";"16";"V";"6";"V";"7";"V";"12";"V";"18";"V";"27";"V";"12";"V";"11";"V";"9";"V";"9";"V";"11";"V";"8";"V";"17";"V";"20";"V";"31";"V";"38";"V";"43";"V"
"28";"079";"55";"8";"28079055_8_8";"2025";"05";"03";"43";"V";"42";"V";"42";"V";"38";"V";"33";"V";"24";"V";"41";"V";"42";"V";"28";"V";"22";"V";"12";"V";"7";"V";"7";"V";"6";"V";"5";"V";"5";"V";"4";"V";"5";"V";"5";"V";"11";"V";"12";"V";"15";"V";"6";"V";"9";"V"
"28";"079";"55";"8";"28079055_8_8";"2025";"05";"04";"13";"V";"15";"V";"10";"V";"11";"V";"13";"V";"14";"V";"12";"V";"12";"V";"11";"V";"9";"V";"11";"V";"7";"V";"5";"V";"6";"V";"6";"V";"5";"V";"5";"V";"5";"V";"6";"V";"6";"V";"7";"V";"6";"V";"8";"V";"6";"V"
"28";"079";"55";"8";"28079055_8_8";"2025";"05";"05";"4";"V";"4";"V";"3";"V";"4";"V";"4";"V";"6";"V";"11";"V";"35";"V";"33";"V";"39";"V";"32";"V";"28";"V";"30";"V";"22";"V";"21";"V";"20";"V";"21";"V";"23";"V";"37";"V";"35";"V";"0";"N";"0";"N";"0";"N";"0";"N"
"28";"079";"56";"10";"28079056_10_47";"2025";"04";"28";"5";"V";"2";"V";"6";"V";"3";"V";"4";"V";"7";"V";"6";"V";"10";"V";"11";"V";"14";"V";"16";"V";"7";"V";"0";"N";"0";"N";"0";"N";"0";"N";"0";"N";"0";"N";"0";"N";"0";"N";"0";"N";"0";"N";"0";"N";"14";"V"
"28";"079";"56";"10";"28079056_10_47";"2025";"04";"29";"12";"V";"11";"V";"11";"V";"12";"V";"9";"V";"8";"V";"9";"V";"5";"V";"6";"V";"9";"V";"15";"V";"14";"V";"8";"V";"0";"N";"0";"N";"0";"N";"0";"N";"19";"V";"11";"V";"19";"V";"13";"V";"4";"V";"8";"V";"13";"V"
"28";"079";"56";"10";"28079056_10_47";"2025";"04";"30";"9";"V";"7";"V";"3";"V";"4";"V";"5";"V";"5";"V";"6";"V";"7";"V";"9";"V";"14";"V";"14";"V";"10";"V";"10";"V";"10";"V";"11";"V";"10";"V";"15";"V";"18";"V";"15";"V";"15";"V";"15";"V";"9";"V";"9";"V";"6";"V"
"28";"079";"56";"10";"28079056_10_47";"2025";"05";"01";"5";"V";"18";"V";"12";"V";"11";"V";"6";"V";"0";"V";"4";"V";"12";"V";"12";"V";"9";"V";"7";"V";"5";"V";"11";"V";"14";"V";"12";"V";"13";"V";"13";"V";"16";"V";"24";"V";"21";"V";"19";"V";"16";"V";"26";"V";"16";"V"
"28";"079";"56";"10";"28079056_10_47";"2025";"05";"02";"13";"V";"12";"V";"12";"V";"13";"V";"17";"V";"10";"V";"3";"V";"17";"V";"18";"V";"1";"V";"5";"V";"8";"V";"6";"V";"11";"V";"3";"V";"6";"V";"4";"V";"5";"V";"0";"N";"0";"N";"1";"V";"1";"V";"0";"V";"5";"V"
"28";"079";"56";"10";"28079056_10_47";"2025";"05";"03";"0";"N";"11";"V";"15";"V";"3";"V";"11";"V";"0";"N";"0";"N";"8";"V";"8";"V";"4";"V";"6";"V";"1";"V";"6";"V";"7";"V";"3";"V";"2";"V";"2";"V";"18";"V";"11";"V";"10";"V";"7";"V";"8";"V";"5";"V";"4";"V"
"28";"079";"56";"10";"28079056_10_47";"2025";"05";"04";"7";"V";"7";"V";"9";"V";"7";"V";"6";"V";"6";"V";"5";"V";"5";"V";"1";"V";"1";"V";"1";"V";"3";"V";"2";"V";"18";"V";"2";"V";"7";"V";"0";"N";"4";"V";"2";"V";"9";"V";"3";"V";"7";"V";"3";"V";"3";"V"
"28";"079";"56";"10";"28079056_10_47";"2025";"05";"05";"4";"V";"3";"V";"0";"V";"3";"V";"4";"V";"2";"V";"2";"V";"3";"V";"4";"V";"6";"V";"4";"V";"4";"V";"1";"V";"8";"V";"6";"V";"2";"V";"8";"V";"7";"V";"4";"V";"7";"V";"0";"N";"0";"N";"0";"N";"0";"N"
"28";"079";"56";"12";"28079056_12_8";"2025";"04";"28";"20";"V";"10";"V";"8";"V";"9";"V";"9";"V";"16";"V";"33";"V";"63";"V";"69";"V";"63";"V";"37";"V";"31";"V";"0";"N";"0";"N";"0";"N";"0";"N";"0";"N";"0";"N";"0";"N";"0";"N";"0";"N";"0";"N";"46";"V";"21";"V"
"28";"079";"56";"12";"28079056_12_8";"2025";"04";"29";"13";"V";"12";"V";"11";"V";"12";"V";"6";"V";"10";"V";"25";"V";"57";"V";"59";"V";"37";"V";"31";"V";"24";"V";"20";"V";"24";"V";"21";"V";"23";"V";"23";"V";"25";"V";"28";"V";"36";"V";"35";"V";"37";"V";"41";"V";"31";"V"
"28";"079";"56";"12";"28079056_12_8";"2025";"04";"30";"18";"V";"15";"V";"14";"V";"15";"V";"13";"V";"19";"V";"38";"V";"64";"V";"77";"V";"53";"V";"42";"V";"50";"V";"34";"V";"30";"V";"31";"V";"37";"V";"37";"V";"30";"V";"38";"V";"36";"V";"32";"V";"28";"V";"18";"V";"15";"V"
"28";"079";"56";"12";"28079056_12_8";"2025";"05";"01";"30";"V";"26";"V";"25";"V";"18";"V";"13";"V";"18";"V";"26";"V";"35";"V";"37";"V";"41";"V";"51";"V";"53";"V";"27";"V";"18";"V";"22";"V";"20";"V";"14";"V";"17";"V";"21";"V";"19";"V";"33";"V";"55";"V";"81";"V";"33";"V"
"28";"079";"56";"12";"28079056_12_8";"2025";"05";"02";"45";"V";"31";"V";"29";"V";"13";"V";"17";"V";"21";"V";"23";"V";"22";"V";"11";"V";"17";"V";"27";"V";"35";"V";"33";"V";"22";"V";"16";"V";"17";"V";"19";"V";"22";"V";"25";"V";"17";"V";"29";"V";"54";"V";"60";"V";"48";"V"
"28";"079";"56";"12";"28079056_12_8";"2025";"05";"03";"51";"V";"45";"V";"37";"V";"25";"V";"52";"V";"44";"V";"58";"V";"104";"V";"48";"V";"44";"V";"31";"V";"25";"V";"18";"V";"16";"V";"12";"V";"13";"V";"12";"V";"12";"V";"12";"V";"17";"V";"26";"V";"21";"V";"21";"V";"30";"V"
"28";"079";"56";"12";"28079056_12_8";"2025";"05";"04";"46";"V";"33";"V";"23";"V";"25";"V";"21";"V";"14";"V";"15";"V";"19";"V";"16";"V";"12";"V";"11";"V";"13";"V";"11";"V";"13";"V";"13";"V";"12";"V";"12";"V";"12";"V";"13";"V";"12";"V";"16";"V";"21";"V";"24";"V";"16";"V"
"28";"079";"56";"12";"28079056_12_8";"2025";"05";"05";"13";"V";"8";"V";"9";"V";"10";"V";"13";"V";"12";"V";"26";"V";"37";"V";"32";"V";"37";"V";"21";"V";"21";"V";"32";"V";"50";"V";"59";"V";"50";"V";"37";"V";"38";"V";"68";"V";"68";"V";"0";"N";"0";"N";"0";"N";"0";"N"
"28";"079";"56";"6";"28079056_6_48";"2025";"04";"28";"0.2";"V";"0.1";"V";"0.1";"V";"0.1";"V";"0.2";"V";"0.2";"V";"0.2";"V";"0.3";"V";"0.3";"V";"0.3";"V";"0.2";"V";"0.1";"V";"0";"N";"0";"N";"0";"N";"0";"N";"0";"N";"0";"N";"0";"N";"0";"N";"0";"N";"0.2";"V";"0.2";"V";"0.1";"V"
"28";"079";"56";"6";"28079056_6_48";"2025";"04";"29";"0.1";"V";"0.1";"V";"0.1";"V";"0.1";"V";"0.1";"V";"0.1";"V";"0.2";"V";"0.3";"V";"0.3";"V";"0.2";"V";"0.2";"V";"0.1";"V";"0.2";"V";"0.1";"V";"0.1";"V";"0.1";"V";"0.1";"V";"0.1";"V";"0.2";"V";"0.2";"V";"0.2";"V";"0.2";"V";"0.2";"V";"0.2";"V"
"28";"079";"56";"6";"28079056_6_48";"2025";"04";"30";"0.1";"V";"0.1";"V";"0.1";"V";"0.1";"V";"0.1";"V";"0.1";"V";"0.2";"V";"0.3";"V";"0.3";"V";"0.2";"V";"0.2";"V";"0.2";"V";"0.2";"V";"0.2";"V";"0.2";"V";"0.2";"V";"0.2";"V";"0.1";"V";"0.2";"V";"0.2";"V";"0.1";"V";"0.1";"V";"0.1";"V";"0.1";"V"
"28";"079";"56";"6";"28079056_6_48";"2025";"05";"01";"0.2";"V";"0.2";"V";"0.2";"V";"0.1";"V";"0.1";"V";"0.1";"V";"0.1";"V";"0.2";"V";"0.2";"V";"0.2";"V";"0.2";"V";"0.2";"V";"0.2";"V";"0.1";"V";"0.1";"V";"0.1";"V";"0.1";"V";"0.2";"V";"0.2";"V";"0.1";"V";"0.2";"V";"0.3";"V";"0.3";"V";"0.2";"V"
"28";"079";"56";"6";"28079056_6_48";"2025";"05";"02";"0.2";"V";"0.2";"V";"0.2";"V";"0.1";"V";"0.1";"V";"0.1";"V";"0.1";"V";"0.1";"V";"0.1";"V";"0.1";"V";"0.2";"V";"0.2";"V";"0.2";"V";"0.2";"V";"0.1";"V";"0.1";"V";"0.1";"V";"0.1";"V";"0.1";"V";"0.1";"V";"0.2";"V";"0.3";"V";"0.2";"V";"0.3";"V"
"28";"079";"56";"6";"28079056_6_48";"2025";"05";"03";"0.2";"V";"0.2";"V";"0.2";"V";"0.1";"V";"0.2";"V";"0.2";"V";"0.2";"V";"0";"N";"0.2";"V";"0.2";"V";"0.1";"V";"0.1";"V";"0.1";"V";"0.1";"V";"0.1";"V";"0.1";"V";"0.1";"V";"0.1";"V";"0.1";"V";"0.1";"V";"0.2";"V";"0.2";"V";"0.1";"V";"0.2";"V"
"28";"079";"56";"6";"28079056_6_48";"2025";"05";"04";"0.2";"V";"0.2";"V";"0.1";"V";"0.1";"V";"0.1";"V";"0.1";"V";"0.1";"V";"0.1";"V";"0.1";"V";"0.1";"V";"0.1";"V";"0.1";"V";"0.1";"V";"0.1";"V";"0.1";"V";"0.1";"V";"0.1";"V";"0.1";"V";"0.1";"V";"0.1";"V";"0.1";"V";"0.1";"V";"0.1";"V";"0.1";"V"
"28";"079";"56";"6";"28079056_6_48";"2025";"05";"05";"0.1";"V";"0.1";"V";"0.1";"V";"0.1";"V";"0.1";"V";"0.1";"V";"0.2";"V";"0.2";"V";"0.2";"V";"0.2";"V";"0.1";"V";"0.1";"V";"0.2";"V";"0.2";"V";"0.2";"V";"0.2";"V";"0.1";"V";"0.2";"V";"0.2";"V";"0.2";"V";"0";"N";"0";"N";"0";"N";"0";"N"
"28";"079";"56";"7";"28079056_7_8";"2025";"04";"28";"0";"V";"0";"V";"0";"V";"0";"V";"0";"V";"0";"V";"3";"V";"10";"V";"16";"V";"16";"V";"8";"V";"8";"V";"0";"N";"0";"N";"0";"N";"0";"N";"0";"N";"0";"N";"0";"N";"0";"N";"0";"N";"0";"N";"2";"V";"0";"V"
"28";"079";"56";"7";"28079056_7_8";"2025";"04";"29";"0";"V";"0";"V";"0";"V";"0";"V";"0";"V";"1";"V";"4";"V";"11";"V";"11";"V";"7";"V";"7";"V";"5";"V";"4";"V";"5";"V";"4";"V";"5";"V";"5";"V";"6";"V";"6";"V";"8";"V";"6";"V";"5";"V";"6";"V";"4";"V"
"28";"079";"56";"7";"28079056_7_8";"2025";"04";"30";"3";"V";"3";"V";"3";"V";"4";"V";"3";"V";"4";"V";"6";"V";"12";"V";"17";"V";"12";"V";"10";"V";"12";"V";"9";"V";"9";"V";"7";"V";"8";"V";"8";"V";"7";"V";"8";"V";"7";"V";"6";"V";"5";"V";"4";"V";"3";"V"
"28";"079";"56";"7";"28079056_7_8";"2025";"05";"01";"4";"V";"3";"V";"3";"V";"3";"V";"3";"V";"3";"V";"3";"V";"7";"V";"8";"V";"9";"V";"13";"V";"16";"V";"8";"V";"5";"V";"6";"V";"5";"V";"4";"V";"4";"V";"5";"V";"4";"V";"5";"V";"8";"V";"16";"V";"5";"V"
"28";"079";"56";"7";"28079056_7_8";"2025";"05";"02";"5";"V";"4";"V";"3";"V";"3";"V";"5";"V";"3";"V";"4";"V";"4";"V";"3";"V";"4";"V";"5";"V";"6";"V";"8";"V";"6";"V";"4";"V";"5";"V";"4";"V";"4";"V";"7";"V";"4";"V";"5";"V";"9";"V";"10";"V";"7";"V"
"28";"079";"56";"7";"28079056_7_8";"2025";"05";"03";"9";"V";"9";"V";"5";"V";"3";"V";"13";"V";"6";"V";"8";"V";"32";"V";"9";"V";"10";"V";"8";"V";"7";"V";"5";"V";"4";"V";"3";"V";"4";"V";"3";"V";"2";"V";"3";"V";"4";"V";"5";"V";"4";"V";"5";"V";"4";"V"
"28";"079";"56";"7";"28079056_7_8";"2025";"05";"04";"5";"V";"3";"V";"3";"V";"3";"V";"3";"V";"3";"V";"3";"V";"3";"V";"4";"V";"3";"V";"3";"V";"5";"V";"4";"V";"4";"V";"4";"V";"4";"V";"4";"V";"4";"V";"4";"V";"3";"V";"4";"V";"4";"V";"5";"V";"4";"V"
"28";"079";"56";"7";"28079056_7_8";"2025";"05";"05";"4";"V";"3";"V";"3";"V";"3";"V";"4";"V";"3";"V";"6";"V";"9";"V";"8";"V";"12";"V";"6";"V";"6";"V";"7";"V";"12";"V";"16";"V";"12";"V";"11";"V";"8";"V";"16";"V";"13";"V";"0";"N";"0";"N";"0";"N";"0";"N"
"28";"079";"56";"8";"28079056_8_8";"2025";"04";"28";"19";"V";"10";"V";"8";"V";"9";"V";"9";"V";"16";"V";"29";"V";"47";"V";"45";"V";"39";"V";"24";"V";"19";"V";"0";"N";"0";"N";"0";"N";"0";"N";"0";"N";"0";"N";"0";"N";"0";"N";"0";"N";"0";"N";"42";"V";"21";"V"
"28";"079";"56";"8";"28079056_8_8";"2025";"04";"29";"13";"V";"12";"V";"11";"V";"12";"V";"6";"V";"8";"V";"19";"V";"40";"V";"41";"V";"26";"V";"20";"V";"16";"V";"15";"V";"16";"V";"16";"V";"16";"V";"15";"V";"16";"V";"19";"V";"24";"V";"26";"V";"29";"V";"32";"V";"24";"V"
"28";"079";"56";"8";"28079056_8_8";"2025";"04";"30";"13";"V";"10";"V";"10";"V";"9";"V";"9";"V";"13";"V";"29";"V";"46";"V";"50";"V";"35";"V";"27";"V";"32";"V";"20";"V";"17";"V";"20";"V";"25";"V";"25";"V";"19";"V";"26";"V";"25";"V";"22";"V";"20";"V";"12";"V";"10";"V"
"28";"079";"56";"8";"28079056_8_8";"2025";"05";"01";"25";"V";"21";"V";"20";"V";"14";"V";"9";"V";"14";"V";"21";"V";"24";"V";"24";"V";"27";"V";"31";"V";"28";"V";"15";"V";"11";"V";"12";"V";"12";"V";"8";"V";"11";"V";"13";"V";"13";"V";"26";"V";"42";"V";"56";"V";"26";"V"
"28";"079";"56";"8";"28079056_8_8";"2025";"05";"02";"38";"V";"24";"V";"24";"V";"8";"V";"10";"V";"16";"V";"18";"V";"17";"V";"6";"V";"11";"V";"19";"V";"25";"V";"22";"V";"13";"V";"10";"V";"10";"V";"12";"V";"16";"V";"14";"V";"10";"V";"21";"V";"40";"V";"45";"V";"37";"V"
"28";"079";"56";"8";"28079056_8_8";"2025";"05";"03";"37";"V";"31";"V";"29";"V";"20";"V";"32";"V";"35";"V";"45";"V";"54";"V";"34";"V";"28";"V";"20";"V";"15";"V";"11";"V";"10";"V";"7";"V";"7";"V";"7";"V";"8";"V";"8";"V";"10";"V";"19";"V";"14";"V";"14";"V";"24";"V"
"28";"079";"56";"8";"28079056_8_8";"2025";"05";"04";"37";"V";"28";"V";"19";"V";"21";"V";"17";"V";"10";"V";"11";"V";"14";"V";"10";"V";"7";"V";"6";"V";"6";"V";"6";"V";"7";"V";"7";"V";"6";"V";"6";"V";"6";"V";"6";"V";"7";"V";"9";"V";"14";"V";"17";"V";"10";"V"
"28";"079";"56";"8";"28079056_8_8";"2025";"05";"05";"7";"V";"4";"V";"4";"V";"6";"V";"8";"V";"8";"V";"17";"V";"23";"V";"20";"V";"19";"V";"12";"V";"11";"V";"21";"V";"31";"V";"35";"V";"32";"V";"20";"V";"26";"V";"43";"V";"48";"V";"0";"N";"0";"N";"0";"N";"0";"N"
"28";"079";"56";"9";"28079056_9_47";"2025";"04";"28";"5";"V";"2";"V";"5";"V";"2";"V";"3";"V";"7";"V";"6";"V";"9";"V";"10";"V";"13";"V";"16";"V";"7";"V";"0";"N";"0";"N";"0";"N";"0";"N";"0";"N";"0";"N";"0";"N";"0";"N";"0";"N";"0";"N";"0";"N";"13";"V"
"28";"079";"56";"9";"28079056_9_47";"2025";"04";"29";"12";"V";"10";"V";"10";"V";"11";"V";"8";"V";"8";"V";"8";"V";"4";"V";"6";"V";"8";"V";"15";"V";"14";"V";"8";"V";"0";"N";"0";"N";"0";"N";"0";"N";"18";"V";"11";"V";"18";"V";"12";"V";"3";"V";"7";"V";"12";"V"
"28";"079";"56";"9";"28079056_9_47";"2025";"04";"30";"8";"V";"7";"V";"3";"V";"4";"V";"5";"V";"5";"V";"5";"V";"7";"V";"9";"V";"11";"V";"13";"V";"9";"V";"8";"V";"9";"V";"9";"V";"9";"V";"14";"V";"16";"V";"14";"V";"13";"V";"13";"V";"7";"V";"7";"V";"4";"V"
"28";"079";"56";"9";"28079056_9_47";"2025";"05";"01";"4";"V";"17";"V";"12";"V";"10";"V";"5";"V";"1";"V";"4";"V";"13";"V";"12";"V";"10";"V";"7";"V";"5";"V";"10";"V";"14";"V";"11";"V";"12";"V";"11";"V";"14";"V";"22";"V";"20";"V";"18";"V";"14";"V";"25";"V";"15";"V"
"28";"079";"56";"9";"28079056_9_47";"2025";"05";"02";"11";"V";"11";"V";"11";"V";"11";"V";"17";"V";"10";"V";"4";"V";"17";"V";"18";"V";"1";"V";"4";"V";"7";"V";"6";"V";"9";"V";"2";"V";"6";"V";"5";"V";"5";"V";"0";"N";"0";"N";"1";"V";"1";"V";"1";"V";"5";"V"
"28";"079";"56";"9";"28079056_9_47";"2025";"05";"03";"0";"N";"11";"V";"15";"V";"4";"V";"11";"V";"0";"N";"0";"N";"7";"V";"7";"V";"4";"V";"5";"V";"2";"V";"6";"V";"6";"V";"3";"V";"3";"V";"2";"V";"17";"V";"10";"V";"10";"V";"7";"V";"7";"V";"5";"V";"4";"V"
"28";"079";"56";"9";"28079056_9_47";"2025";"05";"04";"7";"V";"6";"V";"9";"V";"7";"V";"6";"V";"5";"V";"5";"V";"5";"V";"1";"V";"1";"V";"1";"V";"2";"V";"2";"V";"17";"V";"3";"V";"7";"V";"0";"N";"3";"V";"2";"V";"9";"V";"3";"V";"7";"V";"3";"V";"3";"V"
"28";"079";"56";"9";"28079056_9_47";"2025";"05";"05";"4";"V";"3";"V";"1";"V";"2";"V";"3";"V";"2";"V";"2";"V";"3";"V";"3";"V";"6";"V";"4";"V";"3";"V";"1";"V";"8";"V";"5";"V";"2";"V";"7";"V";"6";"V";"5";"V";"7";"V";"0";"N";"0";"N";"0";"N";"0";"N"
"28";"079";"57";"10";"28079057_10_47";"2025";"04";"28";"4";"V";"3";"V";"4";"V";"4";"V";"4";"V";"6";"V";"3";"V";"7";"V";"6";"V";"10";"V";"10";"V";"5";"V";"0";"N";"0";"N";"0";"N";"0";"N";"0";"N";"0";"N";"0";"N";"0";"N";"0";"N";"0";"N";"0";"N";"0";"N"
"28";"079";"57";"10";"28079057_10_47";"2025";"04";"29";"7";"V";"6";"V";"6";"V";"5";"V";"2";"V";"3";"V";"3";"V";"6";"V";"10";"V";"12";"V";"8";"V";"7";"V";"5";"V";"6";"V";"9";"V";"8";"V";"10";"V";"13";"V";"13";"V";"12";"V";"13";"V";"7";"V";"10";"V";"8";"V"
"28";"079";"57";"10";"28079057_10_47";"2025";"04";"30";"7";"V";"9";"V";"9";"V";"11";"V";"8";"V";"8";"V";"7";"V";"9";"V";"14";"V";"13";"V";"11";"V";"15";"V";"15";"V";"14";"V";"10";"V";"10";"V";"21";"V";"29";"V";"31";"V";"28";"V";"34";"V";"28";"V";"24";"V";"10";"V"
"28";"079";"57";"10";"28079057_10_47";"2025";"05";"01";"2";"V";"1";"V";"4";"V";"2";"V";"1";"V";"0";"V";"4";"V";"7";"V";"10";"V";"14";"V";"18";"V";"15";"V";"16";"V";"19";"V";"22";"V";"23";"V";"43";"V";"41";"V";"24";"V";"15";"V";"19";"V";"34";"V";"30";"V";"31";"V"
"28";"079";"57";"10";"28079057_10_47";"2025";"05";"02";"34";"V";"31";"V";"26";"V";"24";"V";"14";"V";"15";"V";"24";"V";"36";"V";"15";"V";"2";"V";"7";"V";"5";"V";"2";"V";"0";"V";"4";"V";"19";"V";"19";"V";"19";"V";"6";"V";"5";"V";"7";"V";"8";"V";"10";"V";"9";"V"
"28";"079";"57";"10";"28079057_10_47";"2025";"05";"03";"7";"V";"7";"V";"8";"V";"6";"V";"6";"V";"14";"V";"14";"V";"10";"V";"12";"V";"10";"V";"9";"V";"7";"V";"7";"V";"8";"V";"2";"V";"1";"V";"8";"V";"7";"V";"7";"V";"8";"V";"7";"V";"6";"V";"5";"V";"5";"V"
"28";"079";"57";"10";"28079057_10_47";"2025";"05";"04";"5";"V";"6";"V";"6";"V";"5";"V";"2";"V";"7";"V";"6";"V";"7";"V";"6";"V";"3";"V";"1";"V";"2";"V";"5";"V";"0";"V";"0";"V";"0";"V";"0";"V";"3";"V";"3";"V";"2";"V";"8";"V";"2";"V";"2";"V";"3";"V"
"28";"079";"57";"10";"28079057_10_47";"2025";"05";"05";"5";"V";"6";"V";"4";"V";"5";"V";"1";"V";"3";"V";"4";"V";"5";"V";"8";"V";"7";"V";"6";"V";"3";"V";"8";"V";"10";"V";"4";"V";"7";"V";"11";"V";"2";"V";"7";"V";"6";"V";"0";"N";"0";"N";"0";"N";"0";"N"
"28";"079";"57";"12";"28079057_12_8";"2025";"04";"28";"5";"V";"3";"V";"3";"V";"3";"V";"3";"V";"4";"V";"9";"V";"21";"V";"33";"V";"18";"V";"16";"V";"13";"V";"0";"N";"0";"N";"0";"N";"0";"N";"0";"N";"0";"N";"0";"N";"0";"N";"0";"N";"0";"N";"30";"V";"10";"V"
"28";"079";"57";"12";"28079057_12_8";"2025";"04";"29";"5";"V";"4";"V";"3";"V";"3";"V";"5";"V";"7";"V";"9";"V";"25";"V";"0";"N";"0";"N";"13";"V";"10";"V";"8";"V";"7";"V";"8";"V";"6";"V";"5";"V";"6";"V";"7";"V";"8";"V";"10";"V";"13";"V";"9";"V";"9";"V"
"28";"079";"57";"12";"28079057_12_8";"2025";"04";"30";"8";"V";"5";"V";"5";"V";"10";"V";"7";"V";"6";"V";"12";"V";"29";"V";"40";"V";"15";"V";"12";"V";"12";"V";"10";"V";"13";"V";"10";"V";"15";"V";"8";"V";"8";"V";"9";"V";"10";"V";"9";"V";"9";"V";"7";"V";"6";"V"
"28";"079";"57";"12";"28079057_12_8";"2025";"05";"01";"7";"V";"10";"V";"5";"V";"3";"V";"3";"V";"5";"V";"3";"V";"9";"V";"11";"V";"13";"V";"12";"V";"11";"V";"18";"V";"23";"V";"15";"V";"4";"V";"4";"V";"4";"V";"5";"V";"4";"V";"9";"V";"17";"V";"33";"V";"35";"V"
"28";"079";"57";"12";"28079057_12_8";"2025";"05";"02";"32";"V";"14";"V";"9";"V";"6";"V";"3";"V";"5";"V";"7";"V";"7";"V";"4";"V";"4";"V";"9";"V";"12";"V";"17";"V";"10";"V";"6";"V";"7";"V";"5";"V";"7";"V";"14";"V";"12";"V";"12";"V";"23";"V";"26";"V";"12";"V"
"28";"079";"57";"12";"28079057_12_8";"2025";"05";"03";"23";"V";"18";"V";"12";"V";"15";"V";"6";"V";"11";"V";"12";"V";"15";"V";"20";"V";"17";"V";"9";"V";"13";"V";"12";"V";"9";"V";"7";"V";"4";"V";"3";"V";"5";"V";"6";"V";"8";"V";"12";"V";"15";"V";"8";"V";"7";"V"
"28";"079";"57";"12";"28079057_12_8";"2025";"05";"04";"8";"V";"9";"V";"11";"V";"7";"V";"4";"V";"5";"V";"8";"V";"6";"V";"7";"V";"8";"V";"6";"V";"4";"V";"5";"V";"7";"V";"5";"V";"4";"V";"4";"V";"4";"V";"5";"V";"6";"V";"9";"V";"7";"V";"6";"V";"6";"V"
"28";"079";"57";"12";"28079057_12_8";"2025";"05";"05";"4";"V";"5";"V";"3";"V";"3";"V";"4";"V";"4";"V";"12";"V";"20";"V";"41";"V";"31";"V";"31";"V";"19";"V";"37";"V";"26";"V";"24";"V";"23";"V";"21";"V";"22";"V";"24";"V";"35";"V";"0";"N";"0";"N";"0";"N";"0";"N"
"28";"079";"57";"7";"28079057_7_8";"2025";"04";"28";"0";"V";"0";"V";"0";"V";"0";"V";"0";"V";"0";"V";"1";"V";"2";"V";"7";"V";"5";"V";"4";"V";"3";"V";"0";"N";"0";"N";"0";"N";"0";"N";"0";"N";"0";"N";"0";"N";"0";"N";"0";"N";"0";"N";"1";"V";"1";"V"
"28";"079";"57";"7";"28079057_7_8";"2025";"04";"29";"0";"V";"0";"V";"0";"V";"0";"V";"0";"V";"0";"V";"1";"V";"2";"V";"0";"N";"0";"N";"4";"V";"2";"V";"2";"V";"2";"V";"2";"V";"2";"V";"1";"V";"1";"V";"1";"V";"1";"V";"1";"V";"1";"V";"0";"V";"1";"V"
"28";"079";"57";"7";"28079057_7_8";"2025";"04";"30";"1";"V";"0";"V";"0";"V";"0";"V";"0";"V";"0";"V";"1";"V";"3";"V";"8";"V";"3";"V";"3";"V";"3";"V";"3";"V";"4";"V";"2";"V";"3";"V";"1";"V";"2";"V";"1";"V";"1";"V";"1";"V";"1";"V";"1";"V";"1";"V"
"28";"079";"57";"7";"28079057_7_8";"2025";"05";"01";"1";"V";"1";"V";"0";"V";"0";"V";"0";"V";"1";"V";"0";"V";"1";"V";"1";"V";"1";"V";"1";"V";"1";"V";"3";"V";"4";"V";"3";"V";"1";"V";"1";"V";"1";"V";"1";"V";"1";"V";"1";"V";"1";"V";"2";"V";"2";"V"
"28";"079";"57";"7";"28079057_7_8";"2025";"05";"02";"1";"V";"1";"V";"1";"V";"0";"V";"0";"V";"0";"V";"1";"V";"0";"V";"0";"V";"1";"V";"1";"V";"1";"V";"4";"V";"3";"V";"1";"V";"1";"V";"1";"V";"1";"V";"3";"V";"2";"V";"1";"V";"1";"V";"1";"V";"1";"V"
"28";"079";"57";"7";"28079057_7_8";"2025";"05";"03";"1";"V";"1";"V";"1";"V";"0";"V";"0";"V";"0";"V";"0";"V";"1";"V";"2";"V";"2";"V";"2";"V";"4";"V";"2";"V";"2";"V";"2";"V";"1";"V";"1";"V";"1";"V";"1";"V";"1";"V";"2";"V";"2";"V";"1";"V";"1";"V"
"28";"079";"57";"7";"28079057_7_8";"2025";"05";"04";"0";"V";"1";"V";"1";"V";"0";"V";"0";"V";"0";"V";"1";"V";"1";"V";"1";"V";"3";"V";"1";"V";"1";"V";"2";"V";"2";"V";"1";"V";"1";"V";"1";"V";"1";"V";"1";"V";"1";"V";"2";"V";"1";"V";"1";"V";"1";"V"
"28";"079";"57";"7";"28079057_7_8";"2025";"05";"05";"0";"V";"0";"V";"0";"V";"1";"V";"0";"V";"0";"V";"1";"V";"2";"V";"10";"V";"7";"V";"7";"V";"5";"V";"11";"V";"5";"V";"6";"V";"6";"V";"4";"V";"3";"V";"4";"V";"4";"V";"0";"N";"0";"N";"0";"N";"0";"N"
"28";"079";"57";"8";"28079057_8_8";"2025";"04";"28";"4";"V";"3";"V";"2";"V";"2";"V";"3";"V";"3";"V";"8";"V";"19";"V";"22";"V";"11";"V";"9";"V";"8";"V";"0";"N";"0";"N";"0";"N";"0";"N";"0";"N";"0";"N";"0";"N";"0";"N";"0";"N";"0";"N";"29";"V";"9";"V"
"28";"079";"57";"8";"28079057_8_8";"2025";"04";"29";"4";"V";"3";"V";"3";"V";"3";"V";"5";"V";"6";"V";"8";"V";"21";"V";"0";"N";"0";"N";"8";"V";"7";"V";"5";"V";"5";"V";"5";"V";"4";"V";"3";"V";"4";"V";"5";"V";"6";"V";"9";"V";"12";"V";"8";"V";"8";"V"
"28";"079";"57";"8";"28079057_8_8";"2025";"04";"30";"7";"V";"4";"V";"4";"V";"10";"V";"7";"V";"5";"V";"11";"V";"25";"V";"28";"V";"10";"V";"8";"V";"8";"V";"6";"V";"7";"V";"6";"V";"11";"V";"7";"V";"6";"V";"7";"V";"9";"V";"8";"V";"8";"V";"6";"V";"5";"V"
"28";"079";"57";"8";"28079057_8_8";"2025";"05";"01";"6";"V";"8";"V";"4";"V";"3";"V";"2";"V";"4";"V";"3";"V";"8";"V";"9";"V";"11";"V";"10";"V";"8";"V";"14";"V";"16";"V";"11";"V";"3";"V";"2";"V";"2";"V";"3";"V";"3";"V";"7";"V";"15";"V";"30";"V";"33";"V"
"28";"079";"57";"8";"28079057_8_8";"2025";"05";"02";"31";"V";"14";"V";"8";"V";"5";"V";"3";"V";"5";"V";"6";"V";"7";"V";"3";"V";"3";"V";"7";"V";"11";"V";"11";"V";"6";"V";"5";"V";"5";"V";"4";"V";"6";"V";"10";"V";"9";"V";"10";"V";"22";"V";"25";"V";"11";"V"
"28";"079";"57";"8";"28079057_8_8";"2025";"05";"03";"21";"V";"17";"V";"11";"V";"14";"V";"6";"V";"10";"V";"11";"V";"14";"V";"17";"V";"13";"V";"7";"V";"7";"V";"8";"V";"5";"V";"4";"V";"3";"V";"2";"V";"3";"V";"5";"V";"6";"V";"9";"V";"12";"V";"6";"V";"6";"V"
"28";"079";"57";"8";"28079057_8_8";"2025";"05";"04";"8";"V";"8";"V";"10";"V";"6";"V";"3";"V";"4";"V";"7";"V";"5";"V";"6";"V";"4";"V";"4";"V";"3";"V";"2";"V";"4";"V";"3";"V";"2";"V";"2";"V";"2";"V";"3";"V";"4";"V";"7";"V";"6";"V";"5";"V";"5";"V"
"28";"079";"57";"8";"28079057_8_8";"2025";"05";"05";"4";"V";"4";"V";"3";"V";"3";"V";"3";"V";"4";"V";"11";"V";"17";"V";"26";"V";"20";"V";"20";"V";"11";"V";"20";"V";"18";"V";"14";"V";"14";"V";"14";"V";"16";"V";"18";"V";"28";"V";"0";"N";"0";"N";"0";"N";"0";"N"
"28";"079";"57";"9";"28079057_9_A";"2025";"04";"28";"3";"V";"2";"V";"3";"V";"4";"V";"3";"V";"5";"V";"2";"V";"4";"V";"2";"V";"5";"V";"5";"V";"2";"V";"0";"N";"0";"N";"0";"N";"0";"N";"0";"N";"0";"N";"0";"N";"0";"N";"0";"N";"0";"N";"0";"N";"0";"N"
"28";"079";"57";"9";"28079057_9_A";"2025";"04";"29";"3";"V";"3";"V";"3";"V";"3";"V";"1";"V";"1";"V";"1";"V";"3";"V";"6";"V";"7";"V";"5";"V";"4";"V";"2";"V";"3";"V";"4";"V";"4";"V";"6";"V";"7";"V";"6";"V";"6";"V";"7";"V";"2";"V";"5";"V";"4";"V"
"28";"079";"57";"9";"28079057_9_A";"2025";"04";"30";"3";"V";"5";"V";"7";"V";"9";"V";"5";"V";"6";"V";"5";"V";"6";"V";"8";"V";"6";"V";"8";"V";"10";"V";"9";"V";"8";"V";"6";"V";"5";"V";"9";"V";"9";"V";"11";"V";"9";"V";"14";"V";"11";"V";"10";"V";"2";"V"
"28";"079";"57";"9";"28079057_9_A";"2025";"05";"01";"1";"V";"0";"V";"3";"V";"1";"V";"0";"V";"0";"V";"3";"V";"5";"V";"7";"V";"9";"V";"10";"V";"6";"V";"7";"V";"10";"V";"11";"V";"9";"V";"21";"V";"18";"V";"5";"V";"0";"V";"1";"V";"13";"V";"10";"V";"12";"V"
"28";"079";"57";"9";"28079057_9_A";"2025";"05";"02";"15";"V";"13";"V";"10";"V";"9";"V";"4";"V";"6";"V";"13";"V";"24";"V";"10";"V";"1";"V";"5";"V";"3";"V";"1";"V";"0";"V";"3";"V";"15";"V";"15";"V";"14";"V";"4";"V";"4";"V";"4";"V";"4";"V";"6";"V";"5";"V"
"28";"079";"57";"9";"28079057_9_A";"2025";"05";"03";"4";"V";"3";"V";"5";"V";"3";"V";"2";"V";"9";"V";"9";"V";"5";"V";"7";"V";"5";"V";"5";"V";"4";"V";"4";"V";"5";"V";"0";"V";"0";"V";"6";"V";"5";"V";"5";"V";"6";"V";"5";"V";"4";"V";"2";"V";"3";"V"
"28";"079";"57";"9";"28079057_9_A";"2025";"05";"04";"4";"V";"4";"V";"4";"V";"3";"V";"0";"V";"5";"V";"3";"V";"4";"V";"3";"V";"2";"V";"0";"V";"1";"V";"3";"V";"0";"V";"0";"V";"0";"V";"0";"V";"2";"V";"2";"V";"1";"V";"6";"V";"1";"V";"2";"V";"2";"V"
"28";"079";"57";"9";"28079057_9_A";"2025";"05";"05";"4";"V";"5";"V";"3";"V";"3";"V";"1";"V";"1";"V";"2";"V";"3";"V";"5";"V";"3";"V";"2";"V";"1";"V";"4";"V";"6";"V";"2";"V";"4";"V";"6";"V";"0";"V";"5";"V";"4";"V";"0";"N";"0";"N";"0";"N";"0";"N"
"28";"079";"58";"12";"28079058_12_8";"2025";"04";"28";"5";"V";"2";"V";"1";"V";"1";"V";"0";"V";"2";"V";"17";"V";"33";"V";"27";"V";"7";"V";"4";"V";"8";"V";"0";"N";"0";"N";"0";"N";"0";"N";"0";"N";"0";"N";"0";"N";"0";"N";"0";"N";"16";"V";"15";"V";"6";"V"
"28";"079";"58";"12";"28079058_12_8";"2025";"04";"29";"3";"V";"2";"V";"2";"V";"2";"V";"1";"V";"5";"V";"17";"V";"36";"V";"13";"V";"3";"V";"4";"V";"6";"V";"4";"V";"4";"V";"4";"V";"2";"V";"2";"V";"3";"V";"2";"V";"3";"V";"5";"V";"6";"V";"6";"V";"7";"V"
"28";"079";"58";"12";"28079058_12_8";"2025";"04";"30";"3";"V";"4";"V";"8";"V";"5";"V";"3";"V";"5";"V";"12";"V";"19";"V";"27";"V";"3";"V";"11";"V";"4";"V";"2";"V";"4";"V";"4";"V";"5";"V";"7";"V";"4";"V";"4";"V";"5";"V";"4";"V";"5";"V";"2";"V";"1";"V"
"28";"079";"58";"12";"28079058_12_8";"2025";"05";"01";"3";"V";"2";"V";"2";"V";"1";"V";"1";"V";"1";"V";"1";"V";"2";"V";"3";"V";"3";"V";"4";"V";"6";"V";"5";"V";"6";"V";"5";"V";"6";"V";"2";"V";"2";"V";"3";"V";"3";"V";"8";"V";"11";"V";"10";"V";"7";"V"
"28";"079";"58";"12";"28079058_12_8";"2025";"05";"02";"9";"V";"7";"V";"4";"V";"3";"V";"1";"V";"1";"V";"2";"V";"3";"V";"1";"V";"0";"V";"3";"V";"4";"V";"1";"V";"0";"V";"1";"V";"3";"V";"3";"V";"2";"V";"1";"V";"3";"V";"4";"V";"7";"V";"6";"V";"6";"V"
"28";"079";"58";"12";"28079058_12_8";"2025";"05";"03";"3";"V";"3";"V";"2";"V";"1";"V";"1";"V";"1";"V";"10";"V";"21";"V";"13";"V";"11";"V";"7";"V";"5";"V";"2";"V";"1";"V";"1";"V";"0";"V";"1";"V";"1";"V";"1";"V";"2";"V";"4";"V";"3";"V";"3";"V";"3";"V"
"28";"079";"58";"12";"28079058_12_8";"2025";"05";"04";"4";"V";"2";"V";"2";"V";"3";"V";"3";"V";"2";"V";"1";"V";"0";"V";"1";"V";"1";"V";"0";"V";"0";"V";"0";"V";"0";"V";"1";"V";"0";"V";"0";"V";"0";"V";"0";"V";"0";"V";"1";"V";"1";"V";"2";"V";"3";"V"
"28";"079";"58";"12";"28079058_12_8";"2025";"05";"05";"1";"V";"0";"V";"0";"V";"0";"V";"1";"V";"2";"V";"8";"V";"28";"V";"22";"V";"7";"V";"5";"V";"6";"V";"6";"V";"5";"V";"7";"V";"5";"V";"7";"V";"5";"V";"8";"V";"16";"V";"0";"N";"0";"N";"0";"N";"0";"N"
"28";"079";"58";"14";"28079058_14_6";"2025";"04";"28";"55";"V";"57";"V";"61";"V";"62";"V";"56";"V";"54";"V";"35";"V";"18";"V";"23";"V";"62";"V";"79";"V";"81";"V";"0";"N";"0";"N";"0";"N";"0";"N";"0";"N";"0";"N";"0";"N";"0";"N";"0";"N";"55";"V";"47";"V";"80";"V"
"28";"079";"58";"14";"28079058_14_6";"2025";"04";"29";"91";"V";"90";"V";"77";"V";"75";"V";"73";"V";"57";"V";"39";"V";"22";"V";"48";"V";"85";"V";"91";"V";"92";"V";"96";"V";"103";"V";"104";"V";"108";"V";"109";"V";"108";"V";"111";"V";"112";"V";"106";"V";"98";"V";"94";"V";"87";"V"
"28";"079";"58";"14";"28079058_14_6";"2025";"04";"30";"87";"V";"69";"V";"58";"V";"49";"V";"44";"V";"40";"V";"29";"V";"27";"V";"31";"V";"86";"V";"84";"V";"88";"V";"92";"V";"92";"V";"95";"V";"91";"V";"91";"V";"102";"V";"100";"V";"96";"V";"98";"V";"96";"V";"92";"V";"82";"V"
"28";"079";"58";"14";"28079058_14_6";"2025";"05";"01";"69";"V";"65";"V";"59";"V";"62";"V";"67";"V";"65";"V";"66";"V";"55";"V";"48";"V";"47";"V";"48";"V";"63";"V";"67";"V";"61";"V";"80";"V";"86";"V";"102";"V";"101";"V";"98";"V";"95";"V";"76";"V";"50";"V";"36";"V";"33";"V"
"28";"079";"58";"14";"28079058_14_6";"2025";"05";"02";"24";"V";"24";"V";"22";"V";"62";"V";"72";"V";"50";"V";"46";"V";"65";"V";"85";"V";"80";"V";"67";"V";"64";"V";"86";"V";"109";"V";"115";"V";"119";"V";"112";"V";"94";"V";"85";"V";"76";"V";"64";"V";"38";"V";"29";"V";"33";"V"
"28";"079";"58";"14";"28079058_14_6";"2025";"05";"03";"27";"V";"24";"V";"26";"V";"13";"V";"13";"V";"7";"V";"14";"V";"14";"V";"23";"V";"46";"V";"71";"V";"80";"V";"91";"V";"86";"V";"93";"V";"102";"V";"103";"V";"100";"V";"101";"V";"96";"V";"87";"V";"74";"V";"76";"V";"65";"V"
"28";"079";"58";"14";"28079058_14_6";"2025";"05";"04";"41";"V";"44";"V";"39";"V";"29";"V";"23";"V";"12";"V";"49";"V";"74";"V";"60";"V";"71";"V";"76";"V";"81";"V";"88";"V";"87";"V";"87";"V";"88";"V";"85";"V";"88";"V";"87";"V";"85";"V";"80";"V";"71";"V";"55";"V";"54";"V"
"28";"079";"58";"14";"28079058_14_6";"2025";"05";"05";"63";"V";"56";"V";"49";"V";"41";"V";"34";"V";"24";"V";"8";"V";"4";"V";"10";"V";"26";"V";"48";"V";"67";"V";"68";"V";"69";"V";"65";"V";"77";"V";"78";"V";"74";"V";"71";"V";"60";"V";"0";"N";"0";"N";"0";"N";"0";"N"
"28";"079";"58";"7";"28079058_7_8";"2025";"04";"28";"0";"V";"0";"V";"0";"V";"0";"V";"0";"V";"0";"V";"1";"V";"6";"V";"6";"V";"0";"V";"0";"V";"0";"V";"0";"N";"0";"N";"0";"N";"0";"N";"0";"N";"0";"N";"0";"N";"0";"N";"0";"N";"0";"V";"0";"V";"0";"V"
"28";"079";"58";"7";"28079058_7_8";"2025";"04";"29";"0";"V";"0";"V";"0";"V";"0";"V";"0";"V";"0";"V";"1";"V";"5";"V";"1";"V";"0";"V";"0";"V";"0";"V";"0";"V";"0";"V";"0";"V";"0";"V";"0";"V";"0";"V";"0";"V";"0";"V";"0";"V";"0";"V";"0";"V";"0";"V"
"28";"079";"58";"7";"28079058_7_8";"2025";"04";"30";"0";"V";"0";"V";"0";"V";"0";"V";"0";"V";"0";"V";"0";"V";"3";"V";"5";"V";"0";"V";"1";"V";"0";"V";"0";"V";"0";"V";"0";"V";"0";"V";"0";"V";"0";"V";"0";"V";"0";"V";"0";"V";"0";"V";"0";"V";"0";"V"
"28";"079";"58";"7";"28079058_7_8";"2025";"05";"01";"0";"V";"0";"V";"0";"V";"0";"V";"0";"V";"0";"V";"0";"V";"0";"V";"0";"V";"0";"V";"0";"V";"0";"V";"0";"V";"0";"V";"0";"V";"0";"V";"0";"V";"0";"V";"0";"V";"0";"V";"0";"V";"0";"V";"0";"V";"0";"V"
"28";"079";"58";"7";"28079058_7_8";"2025";"05";"02";"0";"V";"0";"V";"0";"V";"0";"V";"0";"V";"0";"V";"0";"V";"0";"V";"0";"V";"0";"V";"0";"V";"0";"V";"0";"V";"0";"V";"0";"V";"0";"V";"0";"V";"0";"V";"0";"V";"0";"V";"0";"V";"0";"V";"0";"V";"0";"V"
"28";"079";"58";"7";"28079058_7_8";"2025";"05";"03";"0";"V";"0";"V";"0";"V";"0";"V";"0";"V";"0";"V";"0";"V";"3";"V";"0";"V";"0";"V";"0";"V";"0";"V";"0";"V";"0";"V";"0";"V";"0";"V";"0";"V";"0";"V";"0";"V";"0";"V";"0";"V";"0";"V";"0";"V";"0";"V"
"28";"079";"58";"7";"28079058_7_8";"2025";"05";"04";"0";"V";"0";"V";"0";"V";"0";"V";"0";"V";"0";"V";"0";"V";"0";"V";"0";"V";"0";"V";"0";"V";"0";"V";"0";"V";"0";"V";"0";"V";"0";"V";"0";"V";"0";"V";"0";"V";"0";"V";"0";"V";"0";"V";"0";"V";"0";"V"
"28";"079";"58";"7";"28079058_7_8";"2025";"05";"05";"0";"V";"0";"V";"0";"V";"0";"V";"0";"V";"0";"V";"2";"V";"12";"V";"8";"V";"0";"V";"0";"V";"0";"V";"0";"V";"0";"V";"0";"V";"0";"V";"0";"V";"0";"V";"0";"V";"0";"V";"0";"N";"0";"N";"0";"N";"0";"N"
"28";"079";"58";"8";"28079058_8_8";"2025";"04";"28";"5";"V";"2";"V";"1";"V";"1";"V";"0";"V";"2";"V";"16";"V";"24";"V";"18";"V";"7";"V";"4";"V";"7";"V";"0";"N";"0";"N";"0";"N";"0";"N";"0";"N";"0";"N";"0";"N";"0";"N";"0";"N";"16";"V";"15";"V";"6";"V"
"28";"079";"58";"8";"28079058_8_8";"2025";"04";"29";"3";"V";"2";"V";"2";"V";"2";"V";"1";"V";"5";"V";"16";"V";"28";"V";"12";"V";"3";"V";"4";"V";"6";"V";"4";"V";"4";"V";"4";"V";"2";"V";"2";"V";"3";"V";"2";"V";"3";"V";"5";"V";"6";"V";"6";"V";"7";"V"
"28";"079";"58";"8";"28079058_8_8";"2025";"04";"30";"3";"V";"4";"V";"8";"V";"5";"V";"3";"V";"5";"V";"12";"V";"14";"V";"19";"V";"3";"V";"10";"V";"4";"V";"2";"V";"4";"V";"4";"V";"5";"V";"7";"V";"4";"V";"4";"V";"5";"V";"4";"V";"5";"V";"2";"V";"1";"V"
"28";"079";"58";"8";"28079058_8_8";"2025";"05";"01";"3";"V";"2";"V";"2";"V";"1";"V";"1";"V";"1";"V";"1";"V";"2";"V";"3";"V";"3";"V";"4";"V";"6";"V";"5";"V";"6";"V";"5";"V";"6";"V";"2";"V";"2";"V";"3";"V";"3";"V";"8";"V";"11";"V";"10";"V";"7";"V"
"28";"079";"58";"8";"28079058_8_8";"2025";"05";"02";"9";"V";"7";"V";"4";"V";"3";"V";"1";"V";"1";"V";"2";"V";"3";"V";"1";"V";"0";"V";"3";"V";"4";"V";"1";"V";"0";"V";"1";"V";"3";"V";"3";"V";"2";"V";"1";"V";"3";"V";"4";"V";"7";"V";"6";"V";"6";"V"
"28";"079";"58";"8";"28079058_8_8";"2025";"05";"03";"3";"V";"3";"V";"2";"V";"1";"V";"1";"V";"1";"V";"10";"V";"17";"V";"13";"V";"11";"V";"7";"V";"5";"V";"2";"V";"1";"V";"1";"V";"0";"V";"1";"V";"1";"V";"1";"V";"2";"V";"4";"V";"3";"V";"3";"V";"3";"V"
"28";"079";"58";"8";"28079058_8_8";"2025";"05";"04";"4";"V";"2";"V";"2";"V";"3";"V";"3";"V";"2";"V";"1";"V";"0";"V";"1";"V";"1";"V";"0";"V";"0";"V";"0";"V";"0";"V";"1";"V";"0";"V";"0";"V";"0";"V";"0";"V";"0";"V";"1";"V";"1";"V";"2";"V";"3";"V"
"28";"079";"58";"8";"28079058_8_8";"2025";"05";"05";"1";"V";"0";"V";"0";"V";"0";"V";"1";"V";"2";"V";"5";"V";"8";"V";"9";"V";"7";"V";"5";"V";"5";"V";"6";"V";"5";"V";"7";"V";"5";"V";"7";"V";"5";"V";"8";"V";"16";"V";"0";"N";"0";"N";"0";"N";"0";"N"
"28";"079";"59";"12";"28079059_12_8";"2025";"04";"28";"9";"V";"5";"V";"4";"V";"3";"V";"3";"V";"5";"V";"11";"V";"18";"V";"33";"V";"39";"V";"23";"V";"13";"V";"0";"N";"0";"N";"0";"N";"0";"N";"0";"N";"0";"N";"0";"N";"0";"N";"0";"N";"0";"N";"0";"N";"0";"N"
"28";"079";"59";"12";"28079059_12_8";"2025";"04";"29";"3";"V";"2";"V";"2";"V";"2";"V";"5";"V";"7";"V";"20";"V";"29";"V";"36";"V";"34";"V";"9";"V";"6";"V";"4";"V";"6";"V";"4";"V";"3";"V";"3";"V";"3";"V";"4";"V";"4";"V";"5";"V";"7";"V";"8";"V";"6";"V"
"28";"079";"59";"12";"28079059_12_8";"2025";"04";"30";"6";"V";"5";"V";"4";"V";"10";"V";"14";"V";"18";"V";"12";"V";"29";"V";"31";"V";"32";"V";"0";"N";"0";"N";"9";"V";"8";"V";"6";"V";"8";"V";"7";"V";"5";"V";"6";"V";"6";"V";"5";"V";"8";"V";"6";"V";"5";"V"
"28";"079";"59";"12";"28079059_12_8";"2025";"05";"01";"7";"V";"8";"V";"10";"V";"4";"V";"3";"V";"16";"V";"7";"V";"12";"V";"12";"V";"15";"V";"11";"V";"7";"V";"5";"V";"4";"V";"3";"V";"2";"V";"2";"V";"2";"V";"2";"V";"3";"V";"3";"V";"11";"V";"26";"V";"18";"V"
"28";"079";"59";"12";"28079059_12_8";"2025";"05";"02";"32";"V";"12";"V";"14";"V";"6";"V";"4";"V";"6";"V";"10";"V";"9";"V";"4";"V";"3";"V";"4";"V";"10";"V";"12";"V";"9";"V";"9";"V";"5";"V";"3";"V";"8";"V";"8";"V";"11";"V";"19";"V";"19";"V";"30";"V";"30";"V"
"28";"079";"59";"12";"28079059_12_8";"2025";"05";"03";"38";"V";"19";"V";"20";"V";"34";"V";"21";"V";"16";"V";"16";"V";"13";"V";"18";"V";"20";"V";"6";"V";"5";"V";"4";"V";"3";"V";"3";"V";"3";"V";"2";"V";"3";"V";"3";"V";"5";"V";"8";"V";"9";"V";"5";"V";"8";"V"
"28";"079";"59";"12";"28079059_12_8";"2025";"05";"04";"11";"V";"15";"V";"12";"V";"8";"V";"9";"V";"7";"V";"7";"V";"8";"V";"10";"V";"6";"V";"7";"V";"4";"V";"3";"V";"4";"V";"3";"V";"4";"V";"3";"V";"3";"V";"4";"V";"4";"V";"4";"V";"4";"V";"6";"V";"4";"V"
"28";"079";"59";"12";"28079059_12_8";"2025";"05";"05";"3";"V";"3";"V";"3";"V";"3";"V";"3";"V";"5";"V";"8";"V";"23";"V";"31";"V";"29";"V";"26";"V";"22";"V";"38";"V";"23";"V";"26";"V";"29";"V";"23";"V";"13";"V";"28";"V";"27";"V";"0";"N";"0";"N";"0";"N";"0";"N"
"28";"079";"59";"14";"28079059_14_6";"2025";"04";"28";"69";"V";"73";"V";"72";"V";"71";"V";"68";"V";"61";"V";"47";"V";"36";"V";"33";"V";"41";"V";"62";"V";"74";"V";"0";"N";"0";"N";"0";"N";"0";"N";"0";"N";"0";"N";"0";"N";"0";"N";"0";"N";"0";"N";"0";"N";"0";"N"
"28";"079";"59";"14";"28079059_14_6";"2025";"04";"29";"88";"V";"90";"V";"90";"V";"88";"V";"83";"V";"81";"V";"51";"V";"34";"V";"37";"V";"56";"V";"84";"V";"90";"V";"97";"V";"98";"V";"100";"V";"102";"V";"104";"V";"105";"V";"110";"V";"109";"V";"106";"V";"97";"V";"93";"V";"95";"V"
"28";"079";"59";"14";"28079059_14_6";"2025";"04";"30";"90";"V";"90";"V";"89";"V";"75";"V";"71";"V";"52";"V";"50";"V";"34";"V";"39";"V";"58";"V";"0";"N";"0";"N";"78";"V";"85";"V";"87";"V";"87";"V";"99";"V";"101";"V";"97";"V";"96";"V";"97";"V";"94";"V";"92";"V";"84";"V"
"28";"079";"59";"14";"28079059_14_6";"2025";"05";"01";"79";"V";"67";"V";"66";"V";"79";"V";"79";"V";"72";"V";"76";"V";"55";"V";"56";"V";"55";"V";"65";"V";"71";"V";"82";"V";"91";"V";"91";"V";"97";"V";"98";"V";"96";"V";"94";"V";"92";"V";"86";"V";"61";"V";"41";"V";"56";"V"
"28";"079";"59";"14";"28079059_14_6";"2025";"05";"02";"34";"V";"41";"V";"43";"V";"81";"V";"76";"V";"67";"V";"62";"V";"66";"V";"88";"V";"84";"V";"72";"V";"82";"V";"90";"V";"106";"V";"110";"V";"116";"V";"112";"V";"94";"V";"90";"V";"82";"V";"64";"V";"59";"V";"43";"V";"34";"V"
"28";"079";"59";"14";"28079059_14_6";"2025";"05";"03";"25";"V";"55";"V";"34";"V";"16";"V";"34";"V";"47";"V";"55";"V";"56";"V";"55";"V";"56";"V";"83";"V";"87";"V";"93";"V";"99";"V";"103";"V";"102";"V";"103";"V";"105";"V";"104";"V";"98";"V";"89";"V";"83";"V";"90";"V";"83";"V"
"28";"079";"59";"14";"28079059_14_6";"2025";"05";"04";"74";"V";"61";"V";"59";"V";"63";"V";"56";"V";"56";"V";"59";"V";"61";"V";"59";"V";"73";"V";"77";"V";"87";"V";"88";"V";"88";"V";"92";"V";"86";"V";"85";"V";"88";"V";"86";"V";"83";"V";"82";"V";"82";"V";"77";"V";"75";"V"
"28";"079";"59";"14";"28079059_14_6";"2025";"05";"05";"73";"V";"69";"V";"67";"V";"65";"V";"62";"V";"56";"V";"52";"V";"33";"V";"33";"V";"41";"V";"49";"V";"56";"V";"48";"V";"60";"V";"69";"V";"68";"V";"76";"V";"78";"V";"65";"V";"62";"V";"0";"N";"0";"N";"0";"N";"0";"N"
"28";"079";"59";"7";"28079059_7_8";"2025";"04";"28";"0";"V";"0";"V";"0";"V";"0";"V";"0";"V";"0";"V";"0";"V";"1";"V";"6";"V";"9";"V";"5";"V";"3";"V";"0";"N";"0";"N";"0";"N";"0";"N";"0";"N";"0";"N";"0";"N";"0";"N";"0";"N";"0";"N";"0";"N";"0";"N"
"28";"079";"59";"7";"28079059_7_8";"2025";"04";"29";"0";"V";"0";"V";"0";"V";"0";"V";"0";"V";"0";"V";"0";"V";"1";"V";"5";"V";"6";"V";"1";"V";"1";"V";"1";"V";"1";"V";"1";"V";"0";"V";"0";"V";"0";"V";"0";"V";"0";"V";"0";"V";"0";"V";"0";"V";"0";"V"
"28";"079";"59";"7";"28079059_7_8";"2025";"04";"30";"0";"V";"0";"V";"0";"V";"0";"V";"0";"V";"0";"V";"0";"V";"1";"V";"4";"V";"6";"V";"0";"N";"0";"N";"2";"V";"1";"V";"1";"V";"1";"V";"1";"V";"1";"V";"1";"V";"0";"V";"0";"V";"0";"V";"0";"V";"0";"V"
"28";"079";"59";"7";"28079059_7_8";"2025";"05";"01";"0";"V";"0";"V";"0";"V";"0";"V";"0";"V";"0";"V";"0";"V";"0";"V";"0";"V";"1";"V";"1";"V";"1";"V";"1";"V";"0";"V";"0";"V";"0";"V";"0";"V";"0";"V";"0";"V";"0";"V";"0";"V";"0";"V";"0";"V";"0";"V"
"28";"079";"59";"7";"28079059_7_8";"2025";"05";"02";"0";"V";"0";"V";"0";"V";"0";"V";"0";"V";"0";"V";"0";"V";"0";"V";"0";"V";"0";"V";"0";"V";"0";"V";"2";"V";"1";"V";"1";"V";"1";"V";"0";"V";"0";"V";"1";"V";"1";"V";"1";"V";"0";"V";"0";"V";"0";"V"
"28";"079";"59";"7";"28079059_7_8";"2025";"05";"03";"0";"V";"0";"V";"0";"V";"0";"V";"0";"V";"0";"V";"0";"V";"0";"V";"1";"V";"3";"V";"1";"V";"1";"V";"1";"V";"0";"V";"0";"V";"0";"V";"0";"V";"0";"V";"0";"V";"0";"V";"0";"V";"0";"V";"0";"V";"0";"V"
"28";"079";"59";"7";"28079059_7_8";"2025";"05";"04";"0";"V";"0";"V";"0";"V";"0";"V";"0";"V";"0";"V";"0";"V";"0";"V";"0";"V";"0";"V";"1";"V";"1";"V";"0";"V";"1";"V";"0";"V";"1";"V";"1";"V";"1";"V";"0";"V";"0";"V";"0";"V";"0";"V";"0";"V";"0";"V"
"28";"079";"59";"7";"28079059_7_8";"2025";"05";"05";"0";"V";"0";"V";"0";"V";"0";"V";"0";"V";"0";"V";"0";"V";"1";"V";"4";"V";"5";"V";"5";"V";"4";"V";"8";"V";"2";"V";"5";"V";"6";"V";"4";"V";"1";"V";"3";"V";"2";"V";"0";"N";"0";"N";"0";"N";"0";"N"
"28";"079";"59";"8";"28079059_8_8";"2025";"04";"28";"8";"V";"5";"V";"4";"V";"3";"V";"3";"V";"5";"V";"11";"V";"17";"V";"23";"V";"24";"V";"15";"V";"9";"V";"0";"N";"0";"N";"0";"N";"0";"N";"0";"N";"0";"N";"0";"N";"0";"N";"0";"N";"0";"N";"0";"N";"0";"N"
"28";"079";"59";"8";"28079059_8_8";"2025";"04";"29";"3";"V";"2";"V";"2";"V";"2";"V";"5";"V";"7";"V";"20";"V";"28";"V";"28";"V";"24";"V";"6";"V";"4";"V";"3";"V";"4";"V";"3";"V";"2";"V";"2";"V";"3";"V";"3";"V";"3";"V";"5";"V";"7";"V";"8";"V";"6";"V"
"28";"079";"59";"8";"28079059_8_8";"2025";"04";"30";"6";"V";"5";"V";"4";"V";"10";"V";"14";"V";"17";"V";"12";"V";"27";"V";"24";"V";"22";"V";"0";"N";"0";"N";"7";"V";"6";"V";"5";"V";"8";"V";"6";"V";"4";"V";"5";"V";"6";"V";"5";"V";"7";"V";"6";"V";"4";"V"
"28";"079";"59";"8";"28079059_8_8";"2025";"05";"01";"7";"V";"8";"V";"9";"V";"4";"V";"3";"V";"16";"V";"7";"V";"12";"V";"12";"V";"13";"V";"9";"V";"6";"V";"4";"V";"3";"V";"2";"V";"2";"V";"2";"V";"1";"V";"2";"V";"2";"V";"3";"V";"11";"V";"26";"V";"18";"V"
"28";"079";"59";"8";"28079059_8_8";"2025";"05";"02";"32";"V";"12";"V";"14";"V";"5";"V";"4";"V";"6";"V";"9";"V";"9";"V";"4";"V";"3";"V";"4";"V";"9";"V";"9";"V";"7";"V";"7";"V";"4";"V";"3";"V";"7";"V";"7";"V";"10";"V";"18";"V";"19";"V";"30";"V";"29";"V"
"28";"079";"59";"8";"28079059_8_8";"2025";"05";"03";"37";"V";"18";"V";"20";"V";"33";"V";"21";"V";"16";"V";"15";"V";"13";"V";"16";"V";"15";"V";"5";"V";"4";"V";"3";"V";"3";"V";"2";"V";"3";"V";"2";"V";"3";"V";"3";"V";"5";"V";"8";"V";"9";"V";"5";"V";"8";"V"
"28";"079";"59";"8";"28079059_8_8";"2025";"05";"04";"11";"V";"15";"V";"12";"V";"8";"V";"9";"V";"7";"V";"7";"V";"8";"V";"10";"V";"6";"V";"6";"V";"3";"V";"2";"V";"3";"V";"2";"V";"3";"V";"2";"V";"2";"V";"3";"V";"4";"V";"4";"V";"4";"V";"6";"V";"4";"V"
"28";"079";"59";"8";"28079059_8_8";"2025";"05";"05";"3";"V";"3";"V";"3";"V";"3";"V";"3";"V";"5";"V";"8";"V";"21";"V";"25";"V";"22";"V";"19";"V";"15";"V";"26";"V";"20";"V";"18";"V";"20";"V";"17";"V";"12";"V";"22";"V";"24";"V";"0";"N";"0";"N";"0";"N";"0";"N"
"28";"079";"60";"10";"28079060_10_47";"2025";"04";"28";"5";"V";"4";"V";"4";"V";"4";"V";"4";"V";"4";"V";"5";"V";"7";"V";"9";"V";"9";"V";"6";"V";"8";"V";"0";"N";"0";"N";"0";"N";"0";"N";"0";"N";"0";"N";"0";"N";"0";"N";"0";"N";"0";"N";"0";"N";"9";"V"
"28";"079";"60";"10";"28079060_10_47";"2025";"04";"29";"9";"V";"8";"V";"7";"V";"5";"V";"4";"V";"5";"V";"6";"V";"9";"V";"14";"V";"6";"V";"7";"V";"10";"V";"11";"V";"11";"V";"11";"V";"10";"V";"12";"V";"13";"V";"14";"V";"13";"V";"13";"V";"13";"V";"11";"V";"8";"V"
"28";"079";"60";"10";"28079060_10_47";"2025";"04";"30";"10";"V";"7";"V";"6";"V";"6";"V";"6";"V";"6";"V";"6";"V";"12";"V";"12";"V";"10";"V";"10";"V";"10";"V";"10";"V";"11";"V";"12";"V";"11";"V";"37";"V";"0";"N";"39";"V";"39";"V";"39";"V";"32";"V";"23";"V";"4";"V"
"28";"079";"60";"10";"28079060_10_47";"2025";"05";"01";"3";"V";"3";"V";"3";"V";"3";"V";"5";"V";"4";"V";"5";"V";"9";"V";"13";"V";"15";"V";"21";"V";"21";"V";"23";"V";"23";"V";"25";"V";"35";"V";"40";"V";"39";"V";"33";"V";"31";"V";"36";"V";"39";"V";"41";"V";"0";"N"
"28";"079";"60";"10";"28079060_10_47";"2025";"05";"02";"37";"V";"38";"V";"35";"V";"30";"V";"18";"V";"22";"V";"23";"V";"14";"V";"6";"V";"3";"V";"3";"V";"3";"V";"3";"V";"3";"V";"4";"V";"4";"V";"4";"V";"6";"V";"3";"V";"5";"V";"6";"V";"9";"V";"14";"V";"10";"V"
"28";"079";"60";"10";"28079060_10_47";"2025";"05";"03";"9";"V";"8";"V";"7";"V";"7";"V";"6";"V";"8";"V";"9";"V";"9";"V";"9";"V";"7";"V";"6";"V";"5";"V";"5";"V";"5";"V";"6";"V";"4";"V";"3";"V";"4";"V";"4";"V";"4";"V";"4";"V";"4";"V";"4";"V";"3";"V"
"28";"079";"60";"10";"28079060_10_47";"2025";"05";"04";"4";"V";"4";"V";"3";"V";"5";"V";"6";"V";"5";"V";"6";"V";"4";"V";"4";"V";"4";"V";"3";"V";"4";"V";"4";"V";"5";"V";"5";"V";"4";"V";"5";"V";"5";"V";"4";"V";"3";"V";"2";"V";"4";"V";"2";"V";"2";"V"
"28";"079";"60";"10";"28079060_10_47";"2025";"05";"05";"2";"V";"2";"V";"2";"V";"3";"V";"3";"V";"3";"V";"4";"V";"5";"V";"6";"V";"6";"V";"6";"V";"6";"V";"6";"V";"4";"V";"3";"V";"3";"V";"4";"V";"7";"V";"4";"V";"4";"V";"0";"N";"0";"N";"0";"N";"0";"N"
"28";"079";"60";"12";"28079060_12_8";"2025";"04";"28";"4";"V";"2";"V";"2";"V";"2";"V";"2";"V";"2";"V";"11";"V";"27";"V";"40";"V";"24";"V";"12";"V";"13";"V";"0";"N";"0";"N";"0";"N";"0";"N";"0";"N";"0";"N";"0";"N";"0";"N";"0";"N";"0";"N";"0";"N";"18";"V"
"28";"079";"60";"12";"28079060_12_8";"2025";"04";"29";"9";"V";"7";"V";"5";"V";"3";"V";"5";"V";"5";"V";"10";"V";"42";"V";"59";"V";"18";"V";"7";"V";"10";"V";"6";"V";"7";"V";"6";"V";"5";"V";"5";"V";"7";"V";"6";"V";"7";"V";"8";"V";"10";"V";"8";"V";"6";"V"
"28";"079";"60";"12";"28079060_12_8";"2025";"04";"30";"7";"V";"10";"V";"6";"V";"9";"V";"8";"V";"6";"V";"14";"V";"49";"V";"45";"V";"21";"V";"9";"V";"11";"V";"8";"V";"9";"V";"9";"V";"11";"V";"11";"V";"13";"V";"8";"V";"10";"V";"8";"V";"9";"V";"7";"V";"4";"V"
"28";"079";"60";"12";"28079060_12_8";"2025";"05";"01";"5";"V";"4";"V";"3";"V";"2";"V";"2";"V";"5";"V";"5";"V";"10";"V";"14";"V";"16";"V";"20";"V";"22";"V";"16";"V";"25";"V";"16";"V";"4";"V";"3";"V";"4";"V";"3";"V";"5";"V";"7";"V";"19";"V";"31";"V";"31";"V"
"28";"079";"60";"12";"28079060_12_8";"2025";"05";"02";"31";"V";"21";"V";"10";"V";"7";"V";"4";"V";"4";"V";"6";"V";"6";"V";"3";"V";"3";"V";"9";"V";"10";"V";"11";"V";"7";"V";"8";"V";"7";"V";"4";"V";"6";"V";"9";"V";"9";"V";"9";"V";"20";"V";"29";"V";"15";"V"
"28";"079";"60";"12";"28079060_12_8";"2025";"05";"03";"15";"V";"16";"V";"9";"V";"9";"V";"5";"V";"7";"V";"12";"V";"14";"V";"15";"V";"8";"V";"8";"V";"11";"V";"8";"V";"6";"V";"6";"V";"4";"V";"2";"V";"4";"V";"5";"V";"6";"V";"8";"V";"11";"V";"8";"V";"8";"V"
"28";"079";"60";"12";"28079060_12_8";"2025";"05";"04";"7";"V";"6";"V";"7";"V";"9";"V";"4";"V";"3";"V";"4";"V";"3";"V";"4";"V";"3";"V";"6";"V";"5";"V";"3";"V";"4";"V";"5";"V";"3";"V";"3";"V";"3";"V";"3";"V";"6";"V";"6";"V";"6";"V";"7";"V";"6";"V"
"28";"079";"60";"12";"28079060_12_8";"2025";"05";"05";"3";"V";"2";"V";"2";"V";"1";"V";"1";"V";"1";"V";"8";"V";"29";"V";"41";"V";"33";"V";"31";"V";"19";"V";"23";"V";"17";"V";"18";"V";"15";"V";"18";"V";"19";"V";"24";"V";"36";"V";"0";"N";"0";"N";"0";"N";"0";"N"
"28";"079";"60";"14";"28079060_14_6";"2025";"04";"28";"78";"V";"76";"V";"76";"V";"76";"V";"75";"V";"76";"V";"64";"V";"46";"V";"40";"V";"55";"V";"71";"V";"76";"V";"0";"N";"0";"N";"0";"N";"0";"N";"0";"N";"0";"N";"0";"N";"0";"N";"0";"N";"0";"N";"51";"V";"75";"V"
"28";"079";"60";"14";"28079060_14_6";"2025";"04";"29";"82";"V";"82";"V";"85";"V";"87";"V";"82";"V";"82";"V";"70";"V";"39";"V";"40";"V";"77";"V";"87";"V";"86";"V";"94";"V";"98";"V";"99";"V";"103";"V";"102";"V";"101";"V";"106";"V";"106";"V";"102";"V";"94";"V";"94";"V";"95";"V"
"28";"079";"60";"14";"28079060_14_6";"2025";"04";"30";"89";"V";"84";"V";"86";"V";"78";"V";"78";"V";"71";"V";"59";"V";"34";"V";"48";"V";"77";"V";"85";"V";"81";"V";"84";"V";"87";"V";"88";"V";"85";"V";"94";"V";"100";"V";"95";"V";"92";"V";"94";"V";"92";"V";"88";"V";"81";"V"
"28";"079";"60";"14";"28079060_14_6";"2025";"05";"01";"80";"V";"81";"V";"84";"V";"86";"V";"82";"V";"73";"V";"74";"V";"62";"V";"54";"V";"58";"V";"59";"V";"52";"V";"60";"V";"56";"V";"73";"V";"94";"V";"98";"V";"97";"V";"95";"V";"90";"V";"84";"V";"63";"V";"46";"V";"42";"V"
"28";"079";"60";"14";"28079060_14_6";"2025";"05";"02";"34";"V";"41";"V";"59";"V";"77";"V";"78";"V";"72";"V";"67";"V";"70";"V";"84";"V";"81";"V";"70";"V";"77";"V";"93";"V";"107";"V";"106";"V";"111";"V";"112";"V";"98";"V";"86";"V";"80";"V";"77";"V";"61";"V";"46";"V";"62";"V"
"28";"079";"60";"14";"28079060_14_6";"2025";"05";"03";"53";"V";"54";"V";"50";"V";"54";"V";"69";"V";"67";"V";"63";"V";"62";"V";"63";"V";"78";"V";"83";"V";"85";"V";"88";"V";"94";"V";"91";"V";"98";"V";"99";"V";"98";"V";"97";"V";"95";"V";"86";"V";"79";"V";"77";"V";"77";"V"
"28";"079";"60";"14";"28079060_14_6";"2025";"05";"04";"77";"V";"77";"V";"72";"V";"60";"V";"64";"V";"61";"V";"63";"V";"66";"V";"64";"V";"68";"V";"74";"V";"80";"V";"85";"V";"84";"V";"84";"V";"85";"V";"80";"V";"84";"V";"83";"V";"79";"V";"75";"V";"73";"V";"69";"V";"67";"V"
"28";"079";"60";"14";"28079060_14_6";"2025";"05";"05";"67";"V";"62";"V";"58";"V";"54";"V";"54";"V";"50";"V";"39";"V";"24";"V";"23";"V";"31";"V";"39";"V";"53";"V";"50";"V";"63";"V";"73";"V";"77";"V";"78";"V";"71";"V";"68";"V";"56";"V";"0";"N";"0";"N";"0";"N";"0";"N"
"28";"079";"60";"7";"28079060_7_8";"2025";"04";"28";"0";"V";"0";"V";"0";"V";"0";"V";"0";"V";"0";"V";"0";"V";"2";"V";"7";"V";"5";"V";"3";"V";"3";"V";"0";"N";"0";"N";"0";"N";"0";"N";"0";"N";"0";"N";"0";"N";"0";"N";"0";"N";"0";"N";"0";"N";"0";"V"
"28";"079";"60";"7";"28079060_7_8";"2025";"04";"29";"0";"V";"0";"V";"0";"V";"0";"V";"0";"V";"0";"V";"0";"V";"3";"V";"10";"V";"3";"V";"1";"V";"2";"V";"1";"V";"1";"V";"1";"V";"1";"V";"1";"V";"1";"V";"1";"V";"1";"V";"0";"V";"0";"V";"0";"V";"0";"V"
"28";"079";"60";"7";"28079060_7_8";"2025";"04";"30";"0";"V";"0";"V";"0";"V";"0";"V";"0";"V";"0";"V";"0";"V";"3";"V";"6";"V";"4";"V";"1";"V";"1";"V";"2";"V";"2";"V";"2";"V";"1";"V";"1";"V";"2";"V";"1";"V";"1";"V";"0";"V";"0";"V";"0";"V";"0";"V"
"28";"079";"60";"7";"28079060_7_8";"2025";"05";"01";"0";"V";"0";"V";"0";"V";"0";"V";"0";"V";"0";"V";"0";"V";"0";"V";"1";"V";"1";"V";"1";"V";"3";"V";"2";"V";"4";"V";"3";"V";"0";"V";"0";"V";"0";"V";"0";"V";"0";"V";"0";"V";"1";"V";"1";"V";"1";"V"
"28";"079";"60";"7";"28079060_7_8";"2025";"05";"02";"1";"V";"1";"V";"0";"V";"0";"V";"0";"V";"0";"V";"0";"V";"0";"V";"0";"V";"0";"V";"1";"V";"1";"V";"2";"V";"1";"V";"1";"V";"1";"V";"0";"V";"0";"V";"1";"V";"1";"V";"0";"V";"1";"V";"1";"V";"0";"V"
"28";"079";"60";"7";"28079060_7_8";"2025";"05";"03";"0";"V";"0";"V";"0";"V";"0";"V";"0";"V";"0";"V";"0";"V";"1";"V";"1";"V";"1";"V";"1";"V";"2";"V";"1";"V";"1";"V";"1";"V";"1";"V";"1";"V";"1";"V";"1";"V";"1";"V";"1";"V";"0";"V";"1";"V";"0";"V"
"28";"079";"60";"7";"28079060_7_8";"2025";"05";"04";"0";"V";"0";"V";"0";"V";"0";"V";"0";"V";"0";"V";"0";"V";"0";"V";"0";"V";"0";"V";"1";"V";"1";"V";"1";"V";"1";"V";"1";"V";"1";"V";"1";"V";"1";"V";"1";"V";"2";"V";"1";"V";"1";"V";"1";"V";"0";"V"
"28";"079";"60";"7";"28079060_7_8";"2025";"05";"05";"0";"V";"0";"V";"0";"V";"0";"V";"0";"V";"0";"V";"1";"V";"4";"V";"10";"V";"8";"V";"7";"V";"5";"V";"5";"V";"3";"V";"4";"V";"3";"V";"4";"V";"3";"V";"3";"V";"4";"V";"0";"N";"0";"N";"0";"N";"0";"N"
"28";"079";"60";"8";"28079060_8_8";"2025";"04";"28";"4";"V";"2";"V";"2";"V";"2";"V";"2";"V";"2";"V";"10";"V";"24";"V";"29";"V";"16";"V";"8";"V";"9";"V";"0";"N";"0";"N";"0";"N";"0";"N";"0";"N";"0";"N";"0";"N";"0";"N";"0";"N";"0";"N";"0";"N";"18";"V"
"28";"079";"60";"8";"28079060_8_8";"2025";"04";"29";"9";"V";"7";"V";"5";"V";"3";"V";"5";"V";"5";"V";"10";"V";"37";"V";"43";"V";"13";"V";"5";"V";"7";"V";"5";"V";"5";"V";"4";"V";"3";"V";"4";"V";"5";"V";"5";"V";"6";"V";"8";"V";"10";"V";"8";"V";"6";"V"
"28";"079";"60";"8";"28079060_8_8";"2025";"04";"30";"7";"V";"10";"V";"6";"V";"9";"V";"8";"V";"6";"V";"14";"V";"44";"V";"35";"V";"15";"V";"7";"V";"9";"V";"5";"V";"6";"V";"6";"V";"9";"V";"10";"V";"10";"V";"7";"V";"9";"V";"7";"V";"8";"V";"6";"V";"4";"V"
"28";"079";"60";"8";"28079060_8_8";"2025";"05";"01";"5";"V";"4";"V";"3";"V";"2";"V";"2";"V";"5";"V";"5";"V";"9";"V";"13";"V";"15";"V";"18";"V";"18";"V";"13";"V";"19";"V";"13";"V";"3";"V";"2";"V";"3";"V";"3";"V";"4";"V";"7";"V";"17";"V";"29";"V";"30";"V"
"28";"079";"60";"8";"28079060_8_8";"2025";"05";"02";"30";"V";"20";"V";"10";"V";"7";"V";"4";"V";"4";"V";"6";"V";"5";"V";"3";"V";"2";"V";"8";"V";"9";"V";"8";"V";"5";"V";"6";"V";"6";"V";"4";"V";"5";"V";"7";"V";"8";"V";"8";"V";"19";"V";"28";"V";"14";"V"
"28";"079";"60";"8";"28079060_8_8";"2025";"05";"03";"14";"V";"16";"V";"9";"V";"9";"V";"5";"V";"7";"V";"11";"V";"13";"V";"13";"V";"6";"V";"6";"V";"8";"V";"6";"V";"4";"V";"4";"V";"2";"V";"1";"V";"3";"V";"3";"V";"5";"V";"7";"V";"11";"V";"7";"V";"7";"V"
"28";"079";"60";"8";"28079060_8_8";"2025";"05";"04";"7";"V";"6";"V";"7";"V";"9";"V";"3";"V";"3";"V";"4";"V";"3";"V";"4";"V";"2";"V";"4";"V";"3";"V";"1";"V";"2";"V";"3";"V";"1";"V";"1";"V";"1";"V";"2";"V";"3";"V";"5";"V";"5";"V";"6";"V";"5";"V"
"28";"079";"60";"8";"28079060_8_8";"2025";"05";"05";"3";"V";"2";"V";"2";"V";"1";"V";"1";"V";"1";"V";"7";"V";"23";"V";"26";"V";"21";"V";"20";"V";"12";"V";"15";"V";"12";"V";"12";"V";"10";"V";"12";"V";"15";"V";"20";"V";"31";"V";"0";"N";"0";"N";"0";"N";"0";"N"
"28";"079";"60";"9";"28079060_9_A";"2025";"04";"28";"2";"V";"2";"V";"2";"V";"3";"V";"3";"V";"3";"V";"3";"V";"3";"V";"4";"V";"3";"V";"2";"V";"2";"V";"0";"N";"0";"N";"0";"N";"0";"N";"0";"N";"0";"N";"0";"N";"0";"N";"0";"N";"0";"N";"0";"N";"3";"V"
"28";"079";"60";"9";"28079060_9_A";"2025";"04";"29";"3";"V";"2";"V";"2";"V";"2";"V";"2";"V";"2";"V";"3";"V";"3";"V";"5";"V";"3";"V";"3";"V";"4";"V";"4";"V";"4";"V";"4";"V";"3";"V";"4";"V";"4";"V";"5";"V";"5";"V";"5";"V";"5";"V";"4";"V";"4";"V"
"28";"079";"60";"9";"28079060_9_A";"2025";"04";"30";"4";"V";"3";"V";"3";"V";"3";"V";"4";"V";"3";"V";"4";"V";"5";"V";"5";"V";"5";"V";"6";"V";"6";"V";"5";"V";"5";"V";"5";"V";"5";"V";"12";"V";"0";"N";"13";"V";"12";"V";"10";"V";"9";"V";"7";"V";"2";"V"
"28";"079";"60";"9";"28079060_9_A";"2025";"05";"01";"2";"V";"2";"V";"2";"V";"2";"V";"3";"V";"3";"V";"3";"V";"5";"V";"7";"V";"8";"V";"10";"V";"10";"V";"10";"V";"11";"V";"11";"V";"12";"V";"13";"V";"12";"V";"11";"V";"10";"V";"12";"V";"12";"V";"15";"V";"0";"N"
"28";"079";"60";"9";"28079060_9_A";"2025";"05";"02";"14";"V";"13";"V";"12";"V";"12";"V";"10";"V";"12";"V";"13";"V";"9";"V";"4";"V";"1";"V";"1";"V";"1";"V";"2";"V";"2";"V";"2";"V";"3";"V";"2";"V";"3";"V";"2";"V";"3";"V";"3";"V";"5";"V";"11";"V";"5";"V"
"28";"079";"60";"9";"28079060_9_A";"2025";"05";"03";"6";"V";"4";"V";"4";"V";"4";"V";"4";"V";"4";"V";"5";"V";"4";"V";"5";"V";"4";"V";"3";"V";"3";"V";"2";"V";"2";"V";"3";"V";"2";"V";"2";"V";"2";"V";"2";"V";"2";"V";"2";"V";"2";"V";"2";"V";"2";"V"
"28";"079";"60";"9";"28079060_9_A";"2025";"05";"04";"2";"V";"2";"V";"2";"V";"3";"V";"3";"V";"3";"V";"4";"V";"2";"V";"2";"V";"2";"V";"2";"V";"2";"V";"2";"V";"3";"V";"3";"V";"2";"V";"3";"V";"3";"V";"2";"V";"2";"V";"1";"V";"2";"V";"1";"V";"1";"V"
"28";"079";"60";"9";"28079060_9_A";"2025";"05";"05";"1";"V";"1";"V";"1";"V";"1";"V";"1";"V";"2";"V";"2";"V";"2";"V";"3";"V";"3";"V";"2";"V";"2";"V";"3";"V";"2";"V";"2";"V";"1";"V";"2";"V";"2";"V";"2";"V";"2";"V";"0";"N";"0";"N";"0";"N";"0";"N"
"28";"079";"8";"1";"28079008_1_38";"2025";"04";"28";"7";"V";"6";"V";"6";"V";"4";"V";"4";"V";"2";"V";"2";"V";"2";"V";"2";"V";"2";"V";"2";"V";"2";"V";"0";"N";"0";"N";"0";"N";"0";"N";"0";"N";"0";"N";"0";"N";"0";"N";"0";"N";"0";"N";"0";"N";"2";"V"
"28";"079";"8";"1";"28079008_1_38";"2025";"04";"29";"1";"V";"1";"V";"1";"V";"1";"V";"1";"V";"1";"V";"1";"V";"1";"V";"2";"V";"1";"V";"1";"V";"1";"V";"1";"V";"1";"V";"1";"V";"1";"V";"1";"V";"1";"V";"1";"V";"1";"V";"1";"V";"2";"V";"2";"V";"1";"V"
"28";"079";"8";"1";"28079008_1_38";"2025";"04";"30";"1";"V";"1";"V";"1";"V";"1";"V";"1";"V";"1";"V";"2";"V";"2";"V";"2";"V";"2";"V";"2";"V";"2";"V";"2";"V";"1";"V";"1";"V";"1";"V";"1";"V";"1";"V";"1";"V";"2";"V";"2";"V";"2";"V";"2";"V";"2";"V"
"28";"079";"8";"1";"28079008_1_38";"2025";"05";"01";"1";"V";"1";"V";"1";"V";"1";"V";"1";"V";"1";"V";"1";"V";"1";"V";"1";"V";"1";"V";"1";"V";"1";"V";"1";"V";"1";"V";"1";"V";"1";"V";"1";"V";"2";"V";"2";"V";"2";"V";"2";"V";"2";"V";"2";"V";"2";"V"
"28";"079";"8";"1";"28079008_1_38";"2025";"05";"02";"2";"V";"2";"V";"2";"V";"2";"V";"1";"V";"1";"V";"2";"V";"2";"V";"2";"V";"2";"V";"2";"V";"2";"V";"3";"V";"2";"V";"2";"V";"2";"V";"2";"V";"2";"V";"2";"V";"2";"V";"2";"V";"2";"V";"2";"V";"2";"V"
"28";"079";"8";"1";"28079008_1_38";"2025";"05";"03";"2";"V";"2";"V";"2";"V";"2";"V";"2";"V";"2";"V";"2";"V";"2";"V";"2";"V";"2";"V";"2";"V";"2";"V";"2";"V";"2";"V";"2";"V";"1";"V";"1";"V";"2";"V";"2";"V";"2";"V";"2";"V";"2";"V";"2";"V";"2";"V"
"28";"079";"8";"1";"28079008_1_38";"2025";"05";"04";"2";"V";"2";"V";"2";"V";"2";"V";"2";"V";"2";"V";"2";"V";"2";"V";"2";"V";"2";"V";"2";"V";"2";"V";"2";"V";"2";"V";"2";"V";"2";"V";"2";"V";"2";"V";"1";"V";"1";"V";"2";"V";"2";"V";"2";"V";"1";"V"
"28";"079";"8";"1";"28079008_1_38";"2025";"05";"05";"1";"V";"1";"V";"1";"V";"1";"V";"2";"V";"2";"V";"2";"V";"2";"V";"2";"V";"0";"N";"0";"N";"0";"N";"0";"N";"1";"V";"1";"V";"1";"V";"1";"V";"2";"V";"2";"V";"2";"V";"0";"N";"0";"N";"0";"N";"0";"N"
"28";"079";"8";"10";"28079008_10_47";"2025";"04";"28";"4";"V";"6";"V";"6";"V";"3";"V";"6";"V";"10";"V";"3";"V";"10";"V";"16";"V";"19";"V";"20";"V";"22";"V";"0";"N";"0";"N";"0";"N";"0";"N";"0";"N";"0";"N";"0";"N";"0";"N";"0";"N";"0";"N";"0";"N";"0";"N"
"28";"079";"8";"10";"28079008_10_47";"2025";"04";"29";"10";"V";"7";"V";"8";"V";"7";"V";"8";"V";"10";"V";"9";"V";"8";"V";"11";"V";"8";"V";"17";"V";"15";"V";"10";"V";"17";"V";"13";"V";"10";"V";"19";"V";"16";"V";"22";"V";"25";"V";"29";"V";"22";"V";"20";"V";"18";"V"
"28";"079";"8";"10";"28079008_10_47";"2025";"04";"30";"9";"V";"11";"V";"10";"V";"9";"V";"7";"V";"7";"V";"5";"V";"12";"V";"11";"V";"15";"V";"17";"V";"14";"V";"13";"V";"19";"V";"10";"V";"5";"V";"31";"V";"41";"V";"36";"V";"38";"V";"40";"V";"35";"V";"31";"V";"14";"V"
"28";"079";"8";"10";"28079008_10_47";"2025";"05";"01";"6";"V";"4";"V";"6";"V";"14";"V";"6";"V";"6";"V";"6";"V";"9";"V";"12";"V";"5";"V";"22";"V";"20";"V";"33";"V";"25";"V";"27";"V";"28";"V";"34";"V";"32";"V";"31";"V";"29";"V";"32";"V";"38";"V";"40";"V";"38";"V"
"28";"079";"8";"10";"28079008_10_47";"2025";"05";"02";"33";"V";"30";"V";"32";"V";"28";"V";"20";"V";"19";"V";"9";"V";"12";"V";"0";"N";"0";"N";"20";"V";"16";"V";"4";"V";"0";"V";"5";"V";"4";"V";"0";"V";"5";"V";"18";"V";"3";"V";"0";"N";"9";"V";"5";"V";"10";"V"
"28";"079";"8";"10";"28079008_10_47";"2025";"05";"03";"12";"V";"11";"V";"9";"V";"8";"V";"7";"V";"8";"V";"10";"V";"5";"V";"7";"V";"7";"V";"7";"V";"14";"V";"9";"V";"10";"V";"4";"V";"6";"V";"1";"V";"2";"V";"10";"V";"7";"V";"0";"N";"0";"N";"4";"V";"2";"V"
"28";"079";"8";"10";"28079008_10_47";"2025";"05";"04";"1";"V";"10";"V";"6";"V";"6";"V";"7";"V";"4";"V";"7";"V";"9";"V";"10";"V";"4";"V";"5";"V";"0";"V";"0";"V";"0";"V";"0";"V";"6";"V";"3";"V";"15";"V";"18";"V";"8";"V";"7";"V";"6";"V";"7";"V";"7";"V"
"28";"079";"8";"10";"28079008_10_47";"2025";"05";"05";"9";"V";"6";"V";"8";"V";"0";"V";"4";"V";"8";"V";"9";"V";"2";"V";"6";"V";"0";"N";"0";"N";"0";"N";"1";"V";"6";"V";"10";"V";"2";"V";"2";"V";"7";"V";"0";"N";"0";"N";"0";"N";"0";"N";"0";"N";"0";"N"
"28";"079";"8";"12";"28079008_12_8";"2025";"04";"28";"12";"V";"10";"V";"7";"V";"9";"V";"9";"V";"10";"V";"18";"V";"40";"V";"51";"V";"50";"V";"38";"V";"26";"V";"0";"N";"0";"N";"0";"N";"0";"N";"0";"N";"0";"N";"0";"N";"0";"N";"0";"N";"0";"N";"25";"V";"12";"V"
"28";"079";"8";"12";"28079008_12_8";"2025";"04";"29";"8";"V";"8";"V";"8";"V";"7";"V";"9";"V";"9";"V";"16";"V";"39";"V";"45";"V";"33";"V";"27";"V";"20";"V";"18";"V";"16";"V";"14";"V";"13";"V";"14";"V";"15";"V";"15";"V";"16";"V";"18";"V";"19";"V";"17";"V";"15";"V"
"28";"079";"8";"12";"28079008_12_8";"2025";"04";"30";"9";"V";"10";"V";"7";"V";"7";"V";"8";"V";"11";"V";"17";"V";"43";"V";"58";"V";"40";"V";"33";"V";"33";"V";"25";"V";"20";"V";"16";"V";"18";"V";"23";"V";"21";"V";"21";"V";"21";"V";"18";"V";"16";"V";"12";"V";"13";"V"
"28";"079";"8";"12";"28079008_12_8";"2025";"05";"01";"11";"V";"16";"V";"15";"V";"12";"V";"11";"V";"10";"V";"15";"V";"16";"V";"17";"V";"19";"V";"16";"V";"15";"V";"13";"V";"10";"V";"11";"V";"9";"V";"8";"V";"9";"V";"12";"V";"13";"V";"20";"V";"29";"V";"31";"V";"18";"V"
"28";"079";"8";"12";"28079008_12_8";"2025";"05";"02";"17";"V";"17";"V";"12";"V";"8";"V";"8";"V";"9";"V";"14";"V";"16";"V";"10";"V";"9";"V";"18";"V";"20";"V";"17";"V";"11";"V";"12";"V";"11";"V";"11";"V";"17";"V";"17";"V";"17";"V";"17";"V";"23";"V";"46";"V";"31";"V"
"28";"079";"8";"12";"28079008_12_8";"2025";"05";"03";"24";"V";"20";"V";"15";"V";"12";"V";"16";"V";"24";"V";"21";"V";"26";"V";"27";"V";"25";"V";"18";"V";"14";"V";"14";"V";"14";"V";"13";"V";"11";"V";"8";"V";"12";"V";"11";"V";"16";"V";"21";"V";"19";"V";"15";"V";"14";"V"
"28";"079";"8";"12";"28079008_12_8";"2025";"05";"04";"17";"V";"15";"V";"16";"V";"15";"V";"15";"V";"12";"V";"14";"V";"15";"V";"12";"V";"12";"V";"13";"V";"12";"V";"12";"V";"18";"V";"14";"V";"15";"V";"13";"V";"16";"V";"16";"V";"15";"V";"14";"V";"16";"V";"15";"V";"15";"V"
"28";"079";"8";"12";"28079008_12_8";"2025";"05";"05";"12";"V";"10";"V";"8";"V";"8";"V";"9";"V";"10";"V";"16";"V";"31";"V";"40";"V";"0";"N";"0";"N";"0";"N";"0";"N";"41";"V";"40";"V";"50";"V";"27";"V";"37";"V";"38";"V";"44";"V";"0";"N";"0";"N";"0";"N";"0";"N"
"28";"079";"8";"14";"28079008_14_6";"2025";"04";"28";"73";"V";"75";"V";"77";"V";"74";"V";"71";"V";"68";"V";"58";"V";"36";"V";"34";"V";"41";"V";"57";"V";"68";"V";"0";"N";"0";"N";"0";"N";"0";"N";"0";"N";"0";"N";"0";"N";"0";"N";"0";"N";"0";"N";"63";"V";"81";"V"
"28";"079";"8";"14";"28079008_14_6";"2025";"04";"29";"85";"V";"86";"V";"86";"V";"85";"V";"83";"V";"83";"V";"75";"V";"50";"V";"50";"V";"66";"V";"68";"V";"73";"V";"84";"V";"91";"V";"95";"V";"96";"V";"95";"V";"96";"V";"101";"V";"98";"V";"93";"V";"85";"V";"85";"V";"85";"V"
"28";"079";"8";"14";"28079008_14_6";"2025";"04";"30";"90";"V";"85";"V";"88";"V";"89";"V";"86";"V";"80";"V";"71";"V";"49";"V";"43";"V";"61";"V";"67";"V";"64";"V";"73";"V";"81";"V";"84";"V";"86";"V";"85";"V";"88";"V";"82";"V";"83";"V";"86";"V";"87";"V";"80";"V";"74";"V"
"28";"079";"8";"14";"28079008_14_6";"2025";"05";"01";"70";"V";"59";"V";"58";"V";"72";"V";"74";"V";"72";"V";"63";"V";"50";"V";"44";"V";"51";"V";"57";"V";"65";"V";"70";"V";"80";"V";"85";"V";"89";"V";"93";"V";"91";"V";"87";"V";"84";"V";"74";"V";"60";"V";"56";"V";"69";"V"
"28";"079";"8";"14";"28079008_14_6";"2025";"05";"02";"70";"V";"68";"V";"79";"V";"80";"V";"74";"V";"67";"V";"60";"V";"59";"V";"82";"V";"82";"V";"66";"V";"75";"V";"96";"V";"104";"V";"105";"V";"107";"V";"100";"V";"84";"V";"77";"V";"73";"V";"70";"V";"57";"V";"31";"V";"47";"V"
"28";"079";"8";"14";"28079008_14_6";"2025";"05";"03";"47";"V";"52";"V";"56";"V";"62";"V";"47";"V";"41";"V";"43";"V";"38";"V";"44";"V";"58";"V";"70";"V";"79";"V";"85";"V";"90";"V";"93";"V";"92";"V";"96";"V";"95";"V";"96";"V";"85";"V";"76";"V";"74";"V";"76";"V";"71";"V"
"28";"079";"8";"14";"28079008_14_6";"2025";"05";"04";"62";"V";"62";"V";"55";"V";"47";"V";"46";"V";"47";"V";"45";"V";"48";"V";"55";"V";"64";"V";"73";"V";"77";"V";"79";"V";"77";"V";"80";"V";"76";"V";"77";"V";"78";"V";"75";"V";"75";"V";"74";"V";"70";"V";"66";"V";"61";"V"
"28";"079";"8";"14";"28079008_14_6";"2025";"05";"05";"59";"V";"58";"V";"58";"V";"55";"V";"51";"V";"49";"V";"44";"V";"33";"V";"32";"V";"0";"N";"0";"N";"0";"N";"0";"N";"39";"V";"53";"V";"46";"V";"69";"V";"57";"V";"61";"V";"49";"V";"0";"N";"0";"N";"0";"N";"0";"N"
"28";"079";"8";"20";"28079008_20_59";"2025";"04";"28";"1.6";"V";"1.2";"V";"1.4";"V";"1.1";"V";"0.8";"V";"0.8";"V";"0.8";"V";"1.2";"V";"3.1";"V";"4.5";"V";"3.7";"V";"2";"V";"0";"N";"0";"N";"0";"N";"0";"N";"0";"N";"0";"N";"0";"N";"0";"N";"0";"N";"0";"N";"0";"N";"1.2";"V"
"28";"079";"8";"20";"28079008_20_59";"2025";"04";"29";"2";"V";"0.6";"V";"0.6";"V";"2.2";"V";"0.6";"V";"0.6";"V";"0.8";"V";"1.3";"V";"2.2";"V";"2.2";"V";"3.9";"V";"2";"V";"2";"V";"2";"V";"1.6";"V";"1.1";"V";"1.2";"V";"1.3";"V";"1.3";"V";"1.4";"V";"1.3";"V";"1.3";"V";"1.2";"V";"1.1";"V"
"28";"079";"8";"20";"28079008_20_59";"2025";"04";"30";"0.8";"V";"0.6";"V";"0.5";"V";"0.4";"V";"0.6";"V";"0.9";"V";"1";"V";"1.4";"V";"2.5";"V";"5.2";"V";"3.2";"V";"4";"V";"4.9";"V";"1.8";"V";"1.2";"V";"1.5";"V";"1.7";"V";"1.4";"V";"1.3";"V";"1.4";"V";"1.2";"V";"1.1";"V";"0.8";"V";"0.8";"V"
"28";"079";"8";"20";"28079008_20_59";"2025";"05";"01";"0.7";"V";"0.9";"V";"1.3";"V";"1.8";"V";"1.6";"V";"1.3";"V";"1";"V";"0.9";"V";"1";"V";"1";"V";"1";"V";"0.7";"V";"0.9";"V";"1";"V";"0.6";"V";"0.4";"V";"0.5";"V";"0.6";"V";"0.7";"V";"0.7";"V";"1";"V";"1.3";"V";"1.8";"V";"1.2";"V"
"28";"079";"8";"20";"28079008_20_59";"2025";"05";"02";"1";"V";"1.1";"V";"0.9";"V";"0.6";"V";"0.6";"V";"0.6";"V";"1";"V";"1.4";"V";"0.8";"V";"0.5";"V";"1.2";"V";"1.5";"V";"1.5";"V";"1";"V";"0.7";"V";"0.8";"V";"0.5";"V";"0.7";"V";"1.1";"V";"1.1";"V";"0.7";"V";"1";"V";"1.7";"V";"2.1";"V"
"28";"079";"8";"20";"28079008_20_59";"2025";"05";"03";"2";"V";"1.7";"V";"1.4";"V";"1";"V";"1.2";"V";"1.2";"V";"1.2";"V";"1.3";"V";"1.5";"V";"1.6";"V";"1.5";"V";"1";"V";"0.9";"V";"0.7";"V";"0.7";"V";"0.6";"V";"0.4";"V";"0.5";"V";"0.5";"V";"0.6";"V";"1.1";"V";"0.9";"V";"0.8";"V";"0.8";"V"
"28";"079";"8";"20";"28079008_20_59";"2025";"05";"04";"0.9";"V";"0.9";"V";"0.8";"V";"0.8";"V";"1";"V";"1.2";"V";"1.2";"V";"1.4";"V";"1.3";"V";"0.7";"V";"0.5";"V";"0.5";"V";"0.5";"V";"0.5";"V";"0.6";"V";"0.5";"V";"0.5";"V";"0.6";"V";"0.6";"V";"0.8";"V";"0.7";"V";"0.8";"V";"0.7";"V";"0.6";"V"
"28";"079";"8";"20";"28079008_20_59";"2025";"05";"05";"1";"V";"0.5";"V";"0.4";"V";"0.4";"V";"0.4";"V";"0.5";"V";"0.5";"V";"0.6";"V";"1.2";"V";"2.3";"V";"2.2";"V";"1.8";"V";"1.7";"V";"2.4";"V";"2.9";"V";"3";"V";"3.3";"V";"1.9";"V";"2.4";"V";"1.8";"V";"0";"N";"0";"N";"0";"N";"0";"N"
"28";"079";"8";"30";"28079008_30_59";"2025";"04";"28";"0.2";"V";"0.2";"V";"0.1";"V";"0.1";"V";"0.1";"V";"0.1";"V";"0.1";"V";"0.2";"V";"0.4";"V";"0.5";"V";"0.4";"V";"0.2";"V";"0";"N";"0";"N";"0";"N";"0";"N";"0";"N";"0";"N";"0";"N";"0";"N";"0";"N";"0";"N";"0";"N";"0.3";"V"
"28";"079";"8";"30";"28079008_30_59";"2025";"04";"29";"0.2";"V";"0.1";"V";"0.1";"V";"0.1";"V";"0.1";"V";"0.1";"V";"0.2";"V";"0.3";"V";"0.4";"V";"0.4";"V";"0.3";"V";"0.3";"V";"0.3";"V";"0.2";"V";"0.2";"V";"0.2";"V";"0.2";"V";"0.2";"V";"0.2";"V";"0.3";"V";"0.3";"V";"0.2";"V";"0.2";"V";"0.2";"V"
"28";"079";"8";"30";"28079008_30_59";"2025";"04";"30";"0.2";"V";"0.1";"V";"0.1";"V";"0.1";"V";"0.1";"V";"0.1";"V";"0.1";"V";"0.2";"V";"0.4";"V";"0.5";"V";"0.4";"V";"0.3";"V";"0.3";"V";"0.2";"V";"0.2";"V";"0.2";"V";"0.3";"V";"0.2";"V";"0.2";"V";"0.3";"V";"0.2";"V";"0.2";"V";"0.2";"V";"0.2";"V"
"28";"079";"8";"30";"28079008_30_59";"2025";"05";"01";"0.2";"V";"0.2";"V";"0.2";"V";"0.2";"V";"0.1";"V";"0.1";"V";"0.1";"V";"0.2";"V";"0.2";"V";"0.2";"V";"0.2";"V";"0.2";"V";"0.2";"V";"0.2";"V";"0.2";"V";"0.2";"V";"0.2";"V";"0.1";"V";"0.2";"V";"0.2";"V";"0.2";"V";"0.3";"V";"0.4";"V";"0.3";"V"
"28";"079";"8";"30";"28079008_30_59";"2025";"05";"02";"0.2";"V";"0.2";"V";"0.2";"V";"0.2";"V";"0.1";"V";"0.1";"V";"0.2";"V";"0.2";"V";"0.1";"V";"0.1";"V";"0.2";"V";"0.2";"V";"0.2";"V";"0.2";"V";"0.1";"V";"0.2";"V";"0.1";"V";"0.2";"V";"0.2";"V";"0.2";"V";"0.2";"V";"0.2";"V";"0.4";"V";"0.4";"V"
"28";"079";"8";"30";"28079008_30_59";"2025";"05";"03";"0.4";"V";"0.3";"V";"0.2";"V";"0.2";"V";"0.2";"V";"0.2";"V";"0.2";"V";"0.2";"V";"0.2";"V";"0.2";"V";"0.2";"V";"0.1";"V";"0.2";"V";"0.2";"V";"0.2";"V";"0.2";"V";"0.1";"V";"0.1";"V";"0.1";"V";"0.2";"V";"0.2";"V";"0.2";"V";"0.2";"V";"0.2";"V"
"28";"079";"8";"30";"28079008_30_59";"2025";"05";"04";"0.2";"V";"0.2";"V";"0.1";"V";"0.2";"V";"0.2";"V";"0.2";"V";"0.2";"V";"0.3";"V";"0.2";"V";"0.1";"V";"0.1";"V";"0.1";"V";"0.2";"V";"0.2";"V";"0.2";"V";"0.2";"V";"0.2";"V";"0.2";"V";"0.2";"V";"0.2";"V";"0.2";"V";"0.2";"V";"0.2";"V";"0.2";"V"
"28";"079";"8";"30";"28079008_30_59";"2025";"05";"05";"0.2";"V";"0.1";"V";"0.1";"V";"0.1";"V";"0.1";"V";"0.1";"V";"0.1";"V";"0.1";"V";"0.3";"V";"0.4";"V";"0.3";"V";"0.2";"V";"0.2";"V";"0.3";"V";"0.3";"V";"0.4";"V";"0.3";"V";"0.2";"V";"0.3";"V";"0.3";"V";"0";"N";"0";"N";"0";"N";"0";"N"
"28";"079";"8";"35";"28079008_35_59";"2025";"04";"28";"0.5";"V";"0.4";"V";"0.3";"V";"0.3";"V";"0.3";"V";"0.3";"V";"0.3";"V";"0.3";"V";"0.7";"V";"1.1";"V";"1";"V";"0.7";"V";"0";"N";"0";"N";"0";"N";"0";"N";"0";"N";"0";"N";"0";"N";"0";"N";"0";"N";"0";"N";"0";"N";"0.4";"V"
"28";"079";"8";"35";"28079008_35_59";"2025";"04";"29";"0.4";"V";"0.2";"V";"0.3";"V";"0.3";"V";"0.2";"V";"0.3";"V";"0.3";"V";"0.4";"V";"0.5";"V";"0.5";"V";"0.7";"V";"0.7";"V";"0.7";"V";"0.5";"V";"0.6";"V";"0.5";"V";"0.4";"V";"0.6";"V";"0.6";"V";"0.6";"V";"0.5";"V";"0.5";"V";"0.5";"V";"0.4";"V"
"28";"079";"8";"35";"28079008_35_59";"2025";"04";"30";"0.4";"V";"0.4";"V";"0.3";"V";"0.3";"V";"0.2";"V";"0.4";"V";"0.3";"V";"0.4";"V";"0.6";"V";"0.9";"V";"0.8";"V";"0.9";"V";"0.8";"V";"0.7";"V";"0.5";"V";"0.6";"V";"0.6";"V";"0.6";"V";"0.5";"V";"0.5";"V";"0.5";"V";"0.4";"V";"0.4";"V";"0.4";"V"
"28";"079";"8";"35";"28079008_35_59";"2025";"05";"01";"0.3";"V";"0.3";"V";"0.4";"V";"0.5";"V";"0.4";"V";"0.4";"V";"0.3";"V";"0.3";"V";"0.4";"V";"0.3";"V";"0.3";"V";"0.3";"V";"0.3";"V";"0.3";"V";"0.3";"V";"0.4";"V";"0.4";"V";"0.5";"V";"0.4";"V";"0.4";"V";"0.4";"V";"0.5";"V";"0.5";"V";"0.5";"V"
"28";"079";"8";"35";"28079008_35_59";"2025";"05";"02";"0.4";"V";"0.4";"V";"0.4";"V";"0.2";"V";"0.2";"V";"0.3";"V";"0.3";"V";"0.4";"V";"0.3";"V";"0.3";"V";"0.3";"V";"0.4";"V";"0.4";"V";"0.3";"V";"0.4";"V";"0.4";"V";"0.4";"V";"0.4";"V";"0.4";"V";"0.4";"V";"0.3";"V";"0.4";"V";"0.5";"V";"0.6";"V"
"28";"079";"8";"35";"28079008_35_59";"2025";"05";"03";"0.5";"V";"0.3";"V";"0.4";"V";"0.3";"V";"0.4";"V";"0.4";"V";"0.3";"V";"0.3";"V";"0.3";"V";"0.4";"V";"0.4";"V";"0.4";"V";"0.5";"V";"0.5";"V";"0.4";"V";"0.4";"V";"0.3";"V";"0.2";"V";"0.3";"V";"0.4";"V";"0.5";"V";"0.3";"V";"0.4";"V";"0.3";"V"
"28";"079";"8";"35";"28079008_35_59";"2025";"05";"04";"0.3";"V";"0.3";"V";"0.3";"V";"0.3";"V";"0.4";"V";"0.4";"V";"0.4";"V";"0.4";"V";"0.4";"V";"0.2";"V";"0.1";"V";"0.2";"V";"0.3";"V";"0.4";"V";"0.4";"V";"0.4";"V";"0.4";"V";"0.4";"V";"0.4";"V";"0.4";"V";"0.3";"V";"0.4";"V";"0.3";"V";"0.3";"V"
"28";"079";"8";"35";"28079008_35_59";"2025";"05";"05";"0.3";"V";"0.2";"V";"0.2";"V";"0.2";"V";"0.1";"V";"0";"V";"0.1";"V";"0.2";"V";"0.3";"V";"0.5";"V";"0.5";"V";"0.4";"V";"0.5";"V";"0.6";"V";"0.9";"V";"1.2";"V";"0.9";"V";"0.6";"V";"0.7";"V";"0.5";"V";"0";"N";"0";"N";"0";"N";"0";"N"
"28";"079";"8";"6";"28079008_6_48";"2025";"04";"28";"0.2";"V";"0.2";"V";"0.2";"V";"0.2";"V";"0.2";"V";"0.2";"V";"0.2";"V";"0.2";"V";"0.3";"V";"0.3";"V";"0.3";"V";"0.2";"V";"0";"N";"0";"N";"0";"N";"0";"N";"0";"N";"0";"N";"0";"N";"0";"N";"0";"N";"0";"N";"0.2";"V";"0.2";"V"
"28";"079";"8";"6";"28079008_6_48";"2025";"04";"29";"0.2";"V";"0.2";"V";"0.2";"V";"0.2";"V";"0.2";"V";"0.2";"V";"0.2";"V";"0.3";"V";"0.3";"V";"0.3";"V";"0.2";"V";"0.2";"V";"0.2";"V";"0.2";"V";"0.2";"V";"0.2";"V";"0.2";"V";"0.2";"V";"0.2";"V";"0.2";"V";"0.2";"V";"0.2";"V";"0.2";"V";"0.2";"V"
"28";"079";"8";"6";"28079008_6_48";"2025";"04";"30";"0.2";"V";"0.2";"V";"0.2";"V";"0.2";"V";"0.2";"V";"0.2";"V";"0.2";"V";"0.3";"V";"0.3";"V";"0.3";"V";"0.2";"V";"0.2";"V";"0.2";"V";"0.2";"V";"0.2";"V";"0.2";"V";"0.2";"V";"0.2";"V";"0.2";"V";"0.2";"V";"0.2";"V";"0.2";"V";"0.2";"V";"0.2";"V"
"28";"079";"8";"6";"28079008_6_48";"2025";"05";"01";"0.2";"V";"0.2";"V";"0.2";"V";"0.2";"V";"0.2";"V";"0.2";"V";"0.2";"V";"0.2";"V";"0.2";"V";"0.2";"V";"0.2";"V";"0.2";"V";"0.2";"V";"0.2";"V";"0.2";"V";"0.2";"V";"0.2";"V";"0.2";"V";"0.2";"V";"0.2";"V";"0.2";"V";"0.3";"V";"0.3";"V";"0.2";"V"
"28";"079";"8";"6";"28079008_6_48";"2025";"05";"02";"0.2";"V";"0.2";"V";"0.2";"V";"0.2";"V";"0.2";"V";"0.2";"V";"0.2";"V";"0.2";"V";"0.2";"V";"0.2";"V";"0.2";"V";"0.2";"V";"0.2";"V";"0.2";"V";"0.2";"V";"0.2";"V";"0.2";"V";"0.2";"V";"0.2";"V";"0.2";"V";"0.2";"V";"0.2";"V";"0.3";"V";"0.3";"V"
"28";"079";"8";"6";"28079008_6_48";"2025";"05";"03";"0.3";"V";"0.2";"V";"0.2";"V";"0.2";"V";"0.2";"V";"0.2";"V";"0.2";"V";"0.2";"V";"0.2";"V";"0.2";"V";"0.2";"V";"0.2";"V";"0.2";"V";"0.2";"V";"0.2";"V";"0.2";"V";"0.2";"V";"0.2";"V";"0.2";"V";"0.2";"V";"0.2";"V";"0.2";"V";"0.2";"V";"0.2";"V"
"28";"079";"8";"6";"28079008_6_48";"2025";"05";"04";"0.2";"V";"0.2";"V";"0.2";"V";"0.2";"V";"0.2";"V";"0.2";"V";"0.2";"V";"0.2";"V";"0.2";"V";"0.2";"V";"0.2";"V";"0.2";"V";"0.2";"V";"0.2";"V";"0.2";"V";"0.2";"V";"0.2";"V";"0.2";"V";"0.2";"V";"0.2";"V";"0.2";"V";"0.2";"V";"0.2";"V";"0.2";"V"
"28";"079";"8";"6";"28079008_6_48";"2025";"05";"05";"0.2";"V";"0.2";"V";"0.2";"V";"0.2";"V";"0.2";"V";"0.2";"V";"0.2";"V";"0.3";"V";"0.3";"V";"0";"N";"0";"N";"0";"N";"0";"N";"0.3";"V";"0.3";"V";"0.3";"V";"0.2";"V";"0.2";"V";"0.3";"V";"0.3";"V";"0";"N";"0";"N";"0";"N";"0";"N"
"28";"079";"8";"7";"28079008_7_8";"2025";"04";"28";"0";"V";"0";"V";"0";"V";"0";"V";"0";"V";"0";"V";"0";"V";"4";"V";"9";"V";"10";"V";"7";"V";"5";"V";"0";"N";"0";"N";"0";"N";"0";"N";"0";"N";"0";"N";"0";"N";"0";"N";"0";"N";"0";"N";"0";"V";"0";"V"
"28";"079";"8";"7";"28079008_7_8";"2025";"04";"29";"0";"V";"0";"V";"0";"V";"0";"V";"0";"V";"0";"V";"0";"V";"3";"V";"5";"V";"4";"V";"4";"V";"3";"V";"3";"V";"2";"V";"2";"V";"2";"V";"2";"V";"2";"V";"2";"V";"2";"V";"1";"V";"1";"V";"0";"V";"0";"V"
"28";"079";"8";"7";"28079008_7_8";"2025";"04";"30";"0";"V";"0";"V";"0";"V";"0";"V";"0";"V";"0";"V";"0";"V";"3";"V";"7";"V";"6";"V";"5";"V";"4";"V";"4";"V";"3";"V";"2";"V";"2";"V";"3";"V";"3";"V";"2";"V";"2";"V";"2";"V";"1";"V";"1";"V";"0";"V"
"28";"079";"8";"7";"28079008_7_8";"2025";"05";"01";"0";"V";"0";"V";"0";"V";"0";"V";"0";"V";"0";"V";"0";"V";"1";"V";"1";"V";"2";"V";"1";"V";"2";"V";"1";"V";"1";"V";"2";"V";"1";"V";"1";"V";"1";"V";"1";"V";"1";"V";"1";"V";"0";"V";"1";"V";"0";"V"
"28";"079";"8";"7";"28079008_7_8";"2025";"05";"02";"0";"V";"0";"V";"0";"V";"0";"V";"0";"V";"0";"V";"0";"V";"1";"V";"0";"V";"0";"V";"1";"V";"1";"V";"2";"V";"1";"V";"1";"V";"1";"V";"0";"V";"1";"V";"2";"V";"2";"V";"1";"V";"1";"V";"4";"V";"1";"V"
"28";"079";"8";"7";"28079008_7_8";"2025";"05";"03";"1";"V";"0";"V";"0";"V";"0";"V";"0";"V";"0";"V";"0";"V";"1";"V";"2";"V";"5";"V";"3";"V";"2";"V";"2";"V";"2";"V";"2";"V";"1";"V";"1";"V";"1";"V";"1";"V";"2";"V";"2";"V";"1";"V";"0";"V";"0";"V"
"28";"079";"8";"7";"28079008_7_8";"2025";"05";"04";"0";"V";"0";"V";"0";"V";"0";"V";"0";"V";"0";"V";"0";"V";"0";"V";"0";"V";"1";"V";"2";"V";"2";"V";"2";"V";"3";"V";"2";"V";"3";"V";"2";"V";"3";"V";"3";"V";"2";"V";"1";"V";"1";"V";"1";"V";"1";"V"
"28";"079";"8";"7";"28079008_7_8";"2025";"05";"05";"1";"V";"0";"V";"0";"V";"0";"V";"0";"V";"0";"V";"1";"V";"5";"V";"8";"V";"0";"N";"0";"N";"0";"N";"0";"N";"6";"V";"8";"V";"10";"V";"5";"V";"5";"V";"4";"V";"5";"V";"0";"N";"0";"N";"0";"N";"0";"N"
"28";"079";"8";"8";"28079008_8_8";"2025";"04";"28";"12";"V";"10";"V";"7";"V";"8";"V";"9";"V";"10";"V";"18";"V";"34";"V";"38";"V";"34";"V";"27";"V";"18";"V";"0";"N";"0";"N";"0";"N";"0";"N";"0";"N";"0";"N";"0";"N";"0";"N";"0";"N";"0";"N";"24";"V";"12";"V"
"28";"079";"8";"8";"28079008_8_8";"2025";"04";"29";"8";"V";"8";"V";"7";"V";"7";"V";"9";"V";"9";"V";"15";"V";"35";"V";"38";"V";"27";"V";"21";"V";"16";"V";"14";"V";"13";"V";"10";"V";"10";"V";"11";"V";"12";"V";"13";"V";"14";"V";"16";"V";"18";"V";"17";"V";"15";"V"
"28";"079";"8";"8";"28079008_8_8";"2025";"04";"30";"9";"V";"10";"V";"7";"V";"7";"V";"8";"V";"11";"V";"17";"V";"39";"V";"47";"V";"31";"V";"26";"V";"27";"V";"19";"V";"15";"V";"13";"V";"15";"V";"19";"V";"16";"V";"18";"V";"18";"V";"16";"V";"14";"V";"11";"V";"12";"V"
"28";"079";"8";"8";"28079008_8_8";"2025";"05";"01";"11";"V";"15";"V";"15";"V";"12";"V";"11";"V";"10";"V";"15";"V";"15";"V";"16";"V";"17";"V";"14";"V";"12";"V";"11";"V";"9";"V";"9";"V";"8";"V";"8";"V";"8";"V";"10";"V";"11";"V";"19";"V";"28";"V";"29";"V";"18";"V"
"28";"079";"8";"8";"28079008_8_8";"2025";"05";"02";"17";"V";"17";"V";"11";"V";"8";"V";"8";"V";"9";"V";"13";"V";"15";"V";"9";"V";"9";"V";"17";"V";"20";"V";"15";"V";"10";"V";"10";"V";"9";"V";"10";"V";"16";"V";"14";"V";"14";"V";"16";"V";"21";"V";"40";"V";"29";"V"
"28";"079";"8";"8";"28079008_8_8";"2025";"05";"03";"22";"V";"20";"V";"15";"V";"12";"V";"16";"V";"24";"V";"21";"V";"24";"V";"24";"V";"18";"V";"14";"V";"11";"V";"11";"V";"11";"V";"10";"V";"9";"V";"7";"V";"10";"V";"9";"V";"14";"V";"18";"V";"17";"V";"14";"V";"14";"V"
"28";"079";"8";"8";"28079008_8_8";"2025";"05";"04";"16";"V";"15";"V";"16";"V";"15";"V";"14";"V";"12";"V";"14";"V";"14";"V";"12";"V";"10";"V";"11";"V";"9";"V";"9";"V";"12";"V";"11";"V";"11";"V";"10";"V";"11";"V";"13";"V";"12";"V";"12";"V";"14";"V";"15";"V";"14";"V"
"28";"079";"8";"8";"28079008_8_8";"2025";"05";"05";"11";"V";"10";"V";"8";"V";"8";"V";"9";"V";"10";"V";"14";"V";"24";"V";"27";"V";"0";"N";"0";"N";"0";"N";"0";"N";"31";"V";"27";"V";"35";"V";"19";"V";"29";"V";"31";"V";"37";"V";"0";"N";"0";"N";"0";"N";"0";"N"
"28";"079";"8";"9";"28079008_9_47";"2025";"04";"28";"1";"V";"3";"V";"2";"V";"1";"V";"3";"V";"8";"V";"1";"V";"5";"V";"8";"V";"6";"V";"10";"V";"9";"V";"0";"N";"0";"N";"0";"N";"0";"N";"0";"N";"0";"N";"0";"N";"0";"N";"0";"N";"0";"N";"0";"N";"0";"N"
"28";"079";"8";"9";"28079008_9_47";"2025";"04";"29";"2";"V";"0";"V";"2";"V";"2";"V";"5";"V";"7";"V";"7";"V";"3";"V";"4";"V";"1";"V";"9";"V";"6";"V";"1";"V";"3";"V";"0";"V";"1";"V";"6";"V";"5";"V";"4";"V";"8";"V";"7";"V";"5";"V";"7";"V";"8";"V"
"28";"079";"8";"9";"28079008_9_47";"2025";"04";"30";"2";"V";"5";"V";"6";"V";"6";"V";"4";"V";"3";"V";"1";"V";"7";"V";"2";"V";"4";"V";"7";"V";"5";"V";"5";"V";"8";"V";"3";"V";"0";"V";"7";"V";"12";"V";"9";"V";"9";"V";"10";"V";"7";"V";"7";"V";"5";"V"
"28";"079";"8";"9";"28079008_9_47";"2025";"05";"01";"3";"V";"3";"V";"4";"V";"11";"V";"3";"V";"4";"V";"2";"V";"4";"V";"7";"V";"1";"V";"11";"V";"8";"V";"19";"V";"9";"V";"10";"V";"9";"V";"12";"V";"7";"V";"8";"V";"9";"V";"9";"V";"12";"V";"12";"V";"14";"V"
"28";"079";"8";"9";"28079008_9_47";"2025";"05";"02";"13";"V";"11";"V";"12";"V";"8";"V";"4";"V";"4";"V";"2";"V";"4";"V";"0";"N";"0";"N";"11";"V";"13";"V";"4";"V";"0";"V";"1";"V";"2";"V";"1";"V";"1";"V";"9";"V";"2";"V";"0";"N";"5";"V";"1";"V";"8";"V"
"28";"079";"8";"9";"28079008_9_47";"2025";"05";"03";"6";"V";"6";"V";"6";"V";"6";"V";"4";"V";"6";"V";"9";"V";"3";"V";"4";"V";"5";"V";"4";"V";"9";"V";"5";"V";"4";"V";"1";"V";"4";"V";"1";"V";"2";"V";"7";"V";"3";"V";"0";"N";"0";"N";"3";"V";"4";"V"
"28";"079";"8";"9";"28079008_9_47";"2025";"05";"04";"1";"V";"7";"V";"4";"V";"4";"V";"4";"V";"3";"V";"5";"V";"8";"V";"8";"V";"4";"V";"3";"V";"0";"V";"0";"V";"0";"V";"0";"V";"4";"V";"1";"V";"8";"V";"12";"V";"7";"V";"7";"V";"5";"V";"7";"V";"6";"V"
"28";"079";"8";"9";"28079008_9_47";"2025";"05";"05";"7";"V";"3";"V";"3";"V";"0";"V";"3";"V";"5";"V";"4";"V";"0";"V";"1";"V";"0";"N";"0";"N";"0";"N";"0";"V";"3";"V";"7";"V";"3";"V";"1";"V";"3";"V";"0";"N";"0";"N";"0";"N";"0";"N";"0";"N";"0";"N"
